:100000000C94B2110C946AA40C943FA40C9414A404
:100010000C94E9A30C94BEA30C9493A30C9468A332
:100020000C943DA30C94E3110C94E3110C94E31194
:100030000C94E3110C94DAA40C94E3110C94E311E6
:100040000C94E3110C94E3110C94E3110C94E31160
:100050000C94E3110C94E3110C94E3110C94F3A2AF
:100060000C94E3110C9480210C9456210C94E31110
:100070000C94E3110C94E3110C94E3110C94E31130
:100080000C94E3110C94E3110C94E3110C94E31120
:100090000C94E3110C94E3110C94E3110C94C4251B
:1000A0000C94E3110C94E3110C94E3110C94E31100
:1000B0000C94E3110C94E3110C94E3110C94E311F0
:1000C0000C9483600C94E3110C94E3110C94E311F1
:1000D0000C94E3110C94E3110C94E3110C94E311D0
:1000E0000C94E3110C945C490C94CE620C944D1664
:1000F0000C94086B0C94D9170C9405140C94B16CE7
:100100000C945E1A0C9460490C946D490C944A1A34
:100110000C949F8E0C948D550C945E490C948A50CF
:100120000C94EB140C9428780C944A150C940663E8
:100130000C94BD6D0C9422340C940F780C942B16F7
:100140000C9436340C94C18E0C9456190C948F6B0D
:100150000C94B6180C94D8620C94EC120C94F251D6
:100160000C94F83F0C9454670C9428370C942F4A45
:100170000C94774D0C94D48E0C947E6B0C94D61505
:100180000C944C6B0C94B78E0C9465630C943B18D8
:100190000C942E650C94F34C0C9432150C941D6445
:1001A0000C94983D0C9496430C94E2620C94237842
:1001B0000C943F150C945C140C9409650C94D04F6E
:1001C0000C94D54B0C944E120C94F4110C94923266
:1001D0000C94B41E0C9447630C940B510C94905BDC
:1001E0000C9416120C94CA410C9408120C94866B51
:1001F0000C9450400C940C130C94D5390C94B317F8
:100200000C94CF130C9430620C94494C0C94084C11
:100210000C943D630C94601A0C945A3C0C94D714C3
:100220000C9406670C94EDAA0C94C1130C94B54180
:100230000C9420470C94F4500C94A6620C94BD8E40
:100240000C94C58E0C944A160C94EA140C943E49F6
:100250000C94BB120C9469370C949B120C941A28C2
:100260000C94C8610C94D73F0C942C150C946451D9
:100270000C942F160C94FB4D0C9475150C9439CDE1
:100280000C94874A0C94CA8E0C94DC130C94325054
:100290000C94356B0C94F5460C94F2620C94CE6978
:1002A0000C942D780C9404140C944C6E0C941F63D5
:1002B0000C94FC620C94C4390C94BF620C94476A91
:1002C0000C9456490C94DC6E0C94C5130C945C6E23
:1002D0000C94D38E0C94EB610C94B94D0C94A84CF7
:1002E0000C94054B0C949A6E0C94A16C0C94336393
:1002F0000C9455150C9401620C9493510C94312973
:100300000C943C690C948F460C94641A0C94405CD9
:100310000C9470130C9448680C945A650C94DF1E6E
:100320000C94988E0C941E4F0C9485520C94A98EAC
:100330000C945A6B0C945C610C9428140C94355AF0
:100340000C94B2140C9443160C942B660C943C152C
:100350000C9406140C949C4F0C94F84E0C942B4364
:100360000C94AE4E0C9486130C94FB640C949C8EEF
:100370000C94C51D0C945A490C94621A0C94A01349
:100380000C9410630C94354D0C94793D0C94EF193A
:100390000C94CB8E0C9439400C94EA320C948C1A49
:1003A0000C94AE510C94B1580C94E5110C9451631B
:1003B0000C94908E0C942D500C948A130C94416BD9
:1003C0000C9429630C946B6C0C9419780C94D91BC5
:1003D0000C94F2390C942F140C941E150C94694F44
:1003E0000C94C8500C94EA6E0C946A500C9415143A
:1003F0000C94A13C0C946F130C943E190C94C234D1
:100400000C94F36D0C9471290C94894C0C94FB366C
:100410000C946A670C94B38E0C9449180C94C462C3
:100420000C94724B0C94D1130C9440340C945235B0
:100430000C9457630C94A54B0C943D4E0C94B93B13
:100440000C9458490C9426150C94948E0C94B71E59
:100450000C945F460C940B6C0C946D4E0C94E91448
:100460000C9465430C94A58E0C94EA620C948A8ECD
:100470000C947C410C942D4F0C94BA680C94193C4C
:100480000C9435330C94614A0C944C4F0C941E78A8
:100490000C94CE540C94B5670C9448520C942F15C0
:1004A0000C94CF8E0C945A410C94EB200C94F8AA27
:1004B0000C9439510C94BA460C94AB130C94BD3F78
:1004C0000C940D430C9403410C94693C0C94291535
:1004D0000C946F6B0C9433160C94D4130C94C23D93
:1004E0000C9400680C94036E0C94AF8E0C941478EA
:1004F0000C94E46C0C949C320C941C130C94BD2052
:100500006364696E6F70737578585B004950206141
:1005100075746F6D617469636F00417474656E64A6
:100520006F20444843502E2E2E004361766F207377
:10053000636F6C6C656761746F00536869656C64A8
:10054000206E6F6E2074726F76617461004E0400CD
:100550000F00000000855200004D010001BD6DC577
:100560001DCE54641A46020003F36D3B188D55EB03
:10057000204C04020B036E4918B158B3174B030209
:10058000074C6EB618355AD9174F0002000000000C
:10059000001A280000490202035C6E3E19905B00BD
:1005A000004A04020E9A6E5619405C751548000206
:1005B00000EA6EEF19DF1E000047000200DC6E4A01
:1005C0001A8C1A00004E657373756E2044484350B0
:1005D0003A2075736F20756E20696E646972697A4E
:1005E0007A6F206175746F6D617469636F20313645
:1005F000392E3235342E782E790052696368696558
:1006000073746120444843502E2E2E0049502066BA
:100610006973736F002D2D2D2D2D2D2D2D2D2D2D2D
:100620002D2D2D2D2D2D2D2D2D2D2D2D2D2D2D2DFA
:100630002D2D2D2D2D005363726976692068656C10
:100640007020706572206C27656C656E636F206426
:10065000656920636F6D616E64690052414D206C65
:1006600069626572613A200020626C6F6363686939
:100670002C2053544F50290020626C6F63636869CB
:100680002C2052554E2900202800617373656E742A
:1006900065202870726F6772616D6D6120696E20D0
:1006A000454550524F4D290070726573656E7465F3
:1006B0000050726F6772616D6D613A200053443A69
:1006C000200020286175746F6D617469636F2C2040
:1006D00073656E7A612044484350290020284448BD
:1006E000435029002028666973736F29004D4143E8
:1006F0003A2000286E657373756E6F290049503A71
:100700002000636F6C6C656761746100617474656F
:100710006E646F20696C2044484350006361766FBB
:100720002073636F6C6C656761746F20286E6573EE
:1007300073756E20636F6C6C6567616D656E746F49
:100740002073756C6C6120706F727461290073681E
:1007500069656C642045746865726E6574206E6F9F
:100760006E2074726F766174612028636F6E74728C
:100770006F6C6C6120616C696D656E74617A696F14
:100780006E65206520636F6E6E6574746F72652090
:10079000494353502900526574653A20002E6C6F0E
:1007A00063616C00417264754C6561726E20322E1B
:1007B0003020286D6567612920206E6F6D653A20B5
:1007C000002D2D2D2D2D2D2D2D2D2D2D2D2D2D2D86
:1007D0002D2D2D2D2D2D2D2D2D2D2D2D2D2D2D2D49
:1007E0002D002C2000293A200020287469706F20E9
:1007F000002020626C6F63636F200020206E6573A1
:1008000073756E2070696E20757361746F00203D82
:10081000200020200053544F50006E657373756E96
:100820002070726F6772616D6D610052554E0020CD
:1008300075730020206369636C6F20005B696F5DD6
:10084000200025752E25752E25752E2575256E0003
:100850004C6120726574652072697061727469728E
:100860006127207175616E646F20696C2063617609
:100870006F20652720636F6C6C656761746F006122
:100880006565696F75DF4541808182838485864512
:1008900041E0E8E9ECF2F9B0C8C025752E25752EC7
:1008A00025752E257500257520626C6F6363686958
:1008B000202053443A25730025730025730000253A
:1008C000730025732E6C6F63616C00417264754C0C
:1008D0006561726E20202020202020202573005288
:1008E000657465204F4B0025732573002573002523
:1008F0007300010001000201000003000100040177
:1009000000000500010006000100070001000801C9
:1009100000000A0401000B0401000C0401000D0496
:1009200001000E0401000F0101001002020011017C
:100930000100120201001402020215020202160254
:10094000020217030107180402081E0201031F0216
:1009500001032001010021010100220301062301FE
:1009600001002804000C2B040108320001003302AE
:1009700000033C0402083D04020E2904000C2A0373
:1009800000073E0402003F0402004004020041252B
:10099000750044257500696C2070696E20412064E3
:1009A0006576652065737365726520322C20332C63
:1009B000203138206F203139005452494720656476
:1009C000204543484F206465766F6E6F20657373D2
:1009D0006572652070696E2064697665727369005E
:1009E000646120312061203630204C45440070691C
:1009F0006E2072697365727661746F0070696E2023
:100A00006E6F6E2061737365676E61746F20616CC9
:100A1000206D6F64756C6F0070696E206E6F6E2054
:100A20007363656C746F00000000000000005F00DD
:100A3000000007000700147F147F14242A7F2A1265
:100A4000231308646236495620500008070300004B
:100A50001C2241000041221C002A1C7F1C2A08087D
:100A60003E08080080703000080808080800006090
:100A7000600020100804023E5149453E00427F407C
:100A80000072494949462141494D331814127F10DB
:100A900027454545393C4A49493141211109073625
:100AA00049494936464949291E00001400000040C2
:100AB00034000000081422411414141414004122BC
:100AC000140802015909063E415D594E7C1211126B
:100AD0007C7F494949363E414141227F4141413E67
:100AE0007F494949417F090909013E414151737FCD
:100AF0000808087F00417F41002040413F017F08F6
:100B00001422417F404040407F021C027F7F040846
:100B1000107F3E4141413E7F090909063E41512176
:100B20005E7F09192946264949493203017F01039D
:100B30003F4040403F1F2040201F3F4038403F6320
:100B40001408146303047804036159494D43007F7A
:100B50004141410204081020004141417F0402014B
:100B600002044040404040000307080020545478ED
:100B7000407F284444383844444428384444287F3B
:100B8000385454541800087E090218A4A49C787F95
:100B90000804047800447D40002040403D007F1060
:100BA00028440000417F40007C047804787C0804DD
:100BB00004783844444438FC182424181824241891
:100BC000FC7C08040408485454542404043F44247E
:100BD0003C4040207C1C2040201C3C4030403C4499
:100BE000281028444C9090907C4464544C44000855
:100BF0003641000000770000004136080002010283
:100C00000402215554784039555454583854545599
:100C1000590001457C40324A4848303A42402078E9
:100C2000060F090F06436F6E6E656374696F6E3A47
:100C300020636C6F73650D0A00436F6E74656E748C
:100C40002D547970653A20746578742F68746D6CD2
:100C50003B20636861727365743D7574662D380D51
:100C60000A436F6E74656E742D456E636F64696EB2
:100C7000673A20677A69700D0A436F6E74656E7407
:100C80002D4C656E6774683A2000323030204F4B2F
:100C900000333034204E6F74204D6F64696669658F
:100CA000640043616368652D436F6E74726F6C3AC4
:100CB000206E6F2D636163686500455461673A205B
:100CC0002200485454502F312E3120007B226F6B6C
:100CD000223A747275657D006170706C696361742D
:100CE000696F6E2F6A736F6E007B226F6B223A669C
:100CF000616C73652C22657272223A006170706CAF
:100D000069636174696F6E2F6A736F6E002C226C59
:100D1000656E223A002C226E223A007B226E616DB3
:100D200065223A006E756C6C002F50422F532530AF
:100D300032752E504200496C2050494E2064657631
:100D40006520617665726520342D3820636172619B
:100D50007474657269004E6F6D653A20736F6C6FC5
:100D6000206C6574746572652C206E756D65726992
:100D70002065202D004E6F6D65206E6F6E207661B0
:100D80006C69646F00536572766F6E6F20362070E9
:100D9000696E20706572206C274C43440050696E68
:100DA000204C4344206E6F6E2076616C69646F0046
:100DB000506172616D6574726F206E6F6E20766126
:100DC0006C69646F006565005363686564612053F6
:100DD0004420617373656E746500736400506172C2
:100DE000616D6574726F206D616E63616E74650014
:100DF000536372697474757261206E6F6E207269CC
:100E0000757363697461002F504C432F2573004440
:100E1000696D656E73696F6E65206E6F6E207661A9
:100E20006C696461004E6F6D65206E6F6E20766137
:100E30006C69646F00494E4445582E56455200492E
:100E40004E4445582E475A005363686564612053E9
:100E50004420617373656E7465007B226F6B223A68
:100E6000747275652C2272656D6F766564223A0026
:100E70006170706C69636174696F6E2F6A736F6EF5
:100E8000002F50422F25730053636865646120531F
:100E90004420617373656E7465007B226F6B223A28
:100EA000747275652C226472223A006170706C69EC
:100EB000636174696F6E2F6A736F6E00536372693A
:100EC0007474757261206E6F6E20726975736369D8
:100ED00074610044696D656E73696F6E65206E6F35
:100EE0006E2076616C696461005365727665206C72
:100EF00061206D6963726F53442070657220636F67
:100F00006E6469766964657265206C6120626F7ACF
:100F10007A6100536372697474757261206E6F6ECA
:100F20002072697573636974610044696D656E73DD
:100F3000696F6E65206E6F6E2076616C696461000A
:100F4000536C6F74206E6F6E2076616C69646F00F5
:100F500053636865646120534420617373656E74E4
:100F60006500526963657A696F6E65206E6F6E20E9
:100F700072697573636974610044696D656E736944
:100F80006F6E65206E6F6E2076616C696461005DC6
:100F90007D007B22666F756E64223A5B0061707023
:100FA0006C69636174696F6E2F6A736F6E00536C46
:100FB0006F742076756F746F00536C6F74206E6F52
:100FC0006E2076616C69646F0053636865646120AC
:100FD000534420617373656E7465004E6573737559
:100FE0006E6120626F7A7A61004E657373756E610F
:100FF00020626F7A7A61002C2265654D6178223A11
:10100000002C226565223A006E756C6C00736400DA
:101010006565006E6F6E6500222C227364223A00B3
:101020007B22616374223A22006170706C69636193
:1010300074696F6E2F6A736F6E005D7D002C226C79
:10104000656E223A002C226E616D65223A007B2289
:101050006E223A002F50422F2573002C22736C6FA2
:101060007473223A5B007B227364223A00617070D1
:101070006C69636174696F6E2F6A736F6E005D7D5A
:10108000005D2C2261223A5B005D2C227067223ABF
:101090005B00222C226D77223A5B00222C226D62AB
:1010A000223A22005D2C2264223A22002C2276224F
:1010B0003A5B002C226472223A002C22736F223A8F
:1010C000002C22657272223A002C226C6364223A50
:1010D000002C226F6C6564223A002C226D656D2213
:1010E0003A002C227570223A002C22736D6178220E
:1010F0003A002C227363616E223A002C226C642227
:101100003A002C2272756E223A007B22726576229A
:101110003A006170706C69636174696F6E2F6A73F5
:101120006F6E00B905AD05A105950589057D0571B1
:1011300005650559054D055D7D007D2C22726573A1
:10114000223A5B005D2C226F6B223A002C22702227
:101150003A5B002C2272223A002C2263223A002CA5
:101160002261223A007D2C226C6364223A7B227435
:10117000223A002C226F6B223A002C2274223A0071
:101180002C226F6C6564223A7B2261223A00313254
:101190003334002C2270696E44656661756C74226C
:1011A0003A002C227076223A002C226E7376223A74
:1011B000002C226E6D77223A002C226E6D62223A4C
:1011C000002C226661223A002C226E70223A002CFA
:1011D000226D6F6473223A002C22766572223A00E7
:1011E0002C226D617854657874223A002C226D614E
:1011F00078496D616765223A002C226D6178426CF6
:101200006F636B73223A002C22657272223A002CB3
:10121000226C64223A002C2272756E223A002C2233
:101220006472223A002C22726576223A002C2273D4
:1012300064223A002C226E6574223A00222C226924
:1012400070223A002C226D6163223A22007B2266D2
:1012500077223A22322E30222C22626F617264226F
:101260003A226D656761222C22686F7374223A00FE
:101270006170706C69636174696F6E2F6A736F6EF1
:10128000004F726F6C6F67696F20525443206E6F0E
:101290006E2074726F7661746F00506172616D655B
:1012A000747269206D616E63616E7469004E6F6E59
:1012B0002074726F7661746F002F6170692F727481
:1012C00063002F6170692F636F6E666967005061FC
:1012D00072616D6574726F206D616E63616E7465AD
:1012E000002F6170692F72756E00536C6F74206EE1
:1012F0006F6E2076616C69646F002F6170692F7367
:101300006C6F7464656C00436F706961206E6F6E02
:101310002072697573636974613A2070726F6772C5
:10132000616D6D6120617373656E7465206F2070EF
:10133000697527206772616E64652064656C6C61F5
:1013400020454550524F4D002F6170692F656563F0
:101350006F7079002F6170692F6572617365002F5E
:101360006170692F66696C65002F6170692F736405
:1013700077697065002F6170692F6472616674000F
:101380002F6170692F736C6F74002F6170692F70FB
:10139000726F6772616D0050494E20646F63656EB5
:1013A00074652065727261746F0050696E206E6F93
:1013B0006E20636F6D616E646162696C65002F61A0
:1013C00070692F70696E73657400426C6F63636F30
:1013D000206E6F6E2076616C69646F002F6170699A
:1013E0002F76736574007B226F6B223A66616C7393
:1013F000657D007B226F6B223A747275657D00619A
:1014000070706C69636174696F6E2F6A736F6E00C0
:101410002F6170692F61757468004E657373756E06
:101420002070726F6772616D6D61006565002F617C
:1014300070692F70726F6772616D004F726F6C6FA1
:1014400067696F20525443206E6F6E2074726F76FE
:1014500061746F007B226F6B223A747275652C2267
:1014600074223A223230253032752D253032752DD6
:101470002530327520253032753A253032753A25BF
:10148000303275222C22646F77223A25757D0061F7
:1014900070706C69636174696F6E2F6A736F6E0030
:1014A0002F6170692F727463002F6170692F7363ED
:1014B000616E002F6170692F736C6F74002F617003
:1014C000692F6472616674002F6170692F73746F85
:1014D000726564002F6170692F736C6F7473002FD5
:1014E0006170692F6C697665002F6170692F696E74
:1014F000666F002F00504F53540047455400496613
:101500002D4E6F6E652D4D617463683A00582D50F5
:10151000696E3A00436F6E74656E742D4C656E672C
:1015200074683A007C3C3E5E2B3D3F2F5B5D3B2C5C
:101530002A225C0002617264756C6561726E2D25F1
:1015400030327825303278003132333400000000F8
:10155000000000000000000000000000000000008B
:10156000808080C0C0C0E0E0E0F0F0F0F8F8F8F073
:10157000F0F0E0E0C0C0C08080800000000000000B
:10158000000000000000000000000000000000005B
:10159000000000000000000000000000000000004B
:1015A000000000000000000000000000000000003B
:1015B000000000000000000000000000000000002B
:1015C000000000000000000000000000000000001B
:1015D000000000001818183C3C3C7E7E7EFFFFFF98
:1015E000FFFFFFFFFFFFFFFFFFFFFFFFFFFFFFFF0B
:1015F000FFFFFFFFFFFFFFFFFFFFFFFFFF7E7E7E7E
:101600003C3C3C181818F0F00000000000000000FE
:101610000000000000000000000080F0F070F0F01A
:10162000C0000000008080808000808000000000FA
:101630008080800000F8F8F80000808080000000C2
:10164000008080800000000000000000000000001A
:10165000000000000000000000000000000000008A
:101660007D79F9FBF3F3F7E7E7EFCFDFDFDFDFCFDC
:10167000EFEFE7F7F3F3FBF9797D000000000000DE
:10168000000000181818E7E71818180000000000FC
:101690000000000000000080F0FEFF1F1B18191F53
:1016A0007FFEF0C000FFFFFFFF01010100003E7F51
:1016B000FFE3C14177FFFFFF00003F7FFFE0C04035
:1016C00070FFFFFF000000000000000000000000AD
:1016D00000000000000000000080E0F0F0F8F8F8E2
:1016E0007878787878787979F9F9F9F9F9F9F9F970
:1016F000F9F97979787878787878F8F8F8F0F0E08E
:10170000800000F0F0303F3F30F0F00000000000BB
:1017100000000000C0C0C0C00000000000000000C9
:1017200000000000000000000000000000000000B9
:1017300000000000000000000000000000000000A9
:101740000000000000000000000000000000000099
:101750000000007CFEFEFEFEFEFFFFFFFFFFFF001D
:101760000000003C3E3E3E3E00FFFFFFFFFFFFFF4C
:10177000FF000000003C3E3E3E3E00FFFFFFFFFF3B
:10178000FFE0E0E7C70606060607070000000000C6
:1017900000000000FFFFFFFF00000000000000F855
:1017A000FCFEB636363E3EBC3000E6F6F63636B6C1
:1017B000FEFEFC000000FEFEFEFE04060600FEFE2D
:1017C000FEFE04060EFEFCF8000000000000000013
:1017D000000000000000000000FFFFFFFFFFFFFE11
:1017E000FCFCFCCC8C1C3C7C7E7F7F3FFFFF3F7F62
:1017F0007F7E7C3C1C8CCCFCFCFCFEFFFFFFFFFFD3
:10180000FF1F1F1F0F03000000000000000000006A
:10181000000000202323232323232323232020200D
:101820002123232323232321202021232323232196
:10183000232323202020232323232020202023238D
:101840002323202020232323202000000000000049
:101850000000000000000000000F3F7F7FFFFFFF3F
:10186000FFFFFFFFFFFFFFFEFEFCFCF0FFFFF0FCB1
:10187000FCFEFEFFFFFFFFFFFFFFFFFFFF7F7F3F3D
:101880000F00000000000000000000000000000049
:101890000000000000FCFCFCF8F8F8F8FCFCFCFC84
:1018A000FC00000000002020202020FC0000FC2084
:1018B0002020202000000000000000FE02FA8A8A9A
:1018C0008AFA02FE00000000000000000000000094
:1018D0000000000000000000000000000000000008
:1018E00000000000000000000000000000000000F8
:1018F00000000000000000000000000000000000E8
:1019000000000000000000000000000000000000D7
:1019100000000000000101010303030301010101B4
:1019200001000000000000000000000100000100B4
:10193000000000000000000000000003020202029C
:1019400002020203000000000000000000455252A5
:101950004F52453A20736869656C64204574686528
:10196000726E6574206E6F6E2074726F7661746132
:10197000004361766F20646920726574652073632B
:101980006F6C6C656761746F00222C2272756E2219
:101990003A00222C2270726F67223A2200222C22F7
:1019A0006970223A22007B22686F7374223A220007
:1019B0005269636572636120554450206461200060
:1019C000504C433F00202053442E626567696E20CF
:1019D0006E6F6E20726975736369746F0020206D7D
:1019E0006F6E74617461206F726100204B423A2007
:1019F0004F4B002C20636C757374657220646120FA
:101A000000202046415400202066696C65207379CF
:101A10007374656D206E6F6E206C656767696269AF
:101A20006C653A20736572766520464154313620E4
:101A30006F20464154333220286E6F6E2065784601
:101A400041542F4E544653292C207072696D6120E9
:101A500070617274697A696F6E6500204D42002C66
:101A60002000726973706F6E64652C207469706FEA
:101A70002000293A20696E7365726974612062657D
:101A80006E653F20636F6E74617474692070756C4D
:101A90006974693F006C6120736368656461206EDE
:101AA0006F6E20726973706F6E6465202865727244
:101AB0006F726520307800293A20006D6963726F7B
:101AC00053442028435320737520440020286E651A
:101AD0007373756E612073636865646129002028E3
:101AE0007363686564612070726573656E746529DF
:101AF0000070726F7661207261706964613A207261
:101B00006973706F73746120307800436F6D616E1C
:101B100064693A0A2020696E666F20202020202008
:101B2000202020202020202020737461746F2064E6
:101B3000656C6C61207363686564610A202073645E
:101B40002020202020202020202020202020202095
:101B500020646961676E6F73692064656C6C6120D5
:101B60006D6963726F53440A202072756E202F20B6
:101B700073746F7020202020202020202061767632
:101B80006961202F206665726D6120696C2070721A
:101B90006F6772616D6D610A2020696F20202020BF
:101BA00020202020202020202020202020696E6757
:101BB00072657373692C2075736369746520652081
:101BC00076616C6F72692064656920626C6F636313
:101BD00068692028696F206F6E202F20696F206F41
:101BE00066663A206F676E69207365636F6E646F17
:101BF000290A20206970206468637020202020203A
:101C000020202020202020696E646972697A7A6F12
:101C10002064616C20444843500A202069702041B0
:101C2000204D204720202020202020202020204937
:101C30005020666973736F2C2065732E20697020A5
:101C40003139322E3136382E312E3530203235357D
:101C50002E3235352E3235352E30203139322E3177
:101C600036382E312E310A202070696E207265734D
:101C700065742020202020202020202050494E2044
:101C8000646F63656E7465203D20313233340A2001
:101C9000206D61632078783A78783A78783A787865
:101CA0003A78783A7878202063616D6269612069BA
:101CB0006C204D414320287269617676696F290056
:101CC000436F6D616E646F2073636F6E6F736369D2
:101CD00075746F3A20004D41432073616C766174D6
:101CE0006F3A207269617676696F00466F726D6136
:101CF000746F3A206D61632030303A30383A444393
:101D00003A31323A33343A35360025783A25783A42
:101D100025783A25783A25783A25780070696E203A
:101D20006E6F6E20616D6D6573736F006D61632002
:101D30000073640050494E20646F63656E746520C3
:101D40007265696D706F737461746F2061203132D8
:101D5000333400313233340070696E20726573653C
:101D60007400495020666973736F2073616C7661EB
:101D7000746F00466F726D61746F3A206970203124
:101D800039322E3136382E312E3530203235352E3F
:101D90003235352E3235352E30203139322E31362E
:101DA000382E312E312020286F70707572653A20E0
:101DB000697020646863702900697020004448439A
:101DC0005020617474697661746F00697020646872
:101DD0006370005B696F5D206665726D6F00696F8F
:101DE000206F666600696F206F6E0050726F6772B9
:101DF000616D6D61206665726D61746F202853544A
:101E00004F50290050726F6772616D6D612061766D
:101E1000766961746F202852554E29004E657373A0
:101E2000756E2070726F6772616D6D612063617293
:101E3000696361746F00696F0073746F700072750D
:101E40006E003F0068656C7000696E666F006D69BA
:101E500063726F534420696E736572697461000028
:101E6000002100240027002A002D0030003300014B
:101E7000010000040107010A0100002200250028DA
:101E8000002B002E00310034000201000005010883
:101E9000010B01000020002300260029002C002F48
:101EA00000320000010000030106010901050505DB
:101EB00005070508080808020202020A0A080804C1
:101EC00004040401010101010101010303030303EF
:101ED000030303040707070C0C0C0C0C0C0C0C027E
:101EE00002020206060606060606060B0B0B0B0B85
:101EF0000B0B0B010210202008081020401020407E
:101F000080020102010804020101020408102040BD
:101F100080804020100804020180040201804020DB
:101F20001008040201080402010102040810204004
:101F300080010204081020408000000A0B02090CF6
:101F40000D0E08070304010000000000000000005F
:101F50000000000000000000000000000000000081
:101F6000000000000012111000000000000000003E
:101F70000000000000000000000000000000006100
:101F800070706C69636174696F6E2F6F63746574D0
:101F90002D73747265616D0043616368652D436FD5
:101FA0006E74726F6C3A206E6F2D73746F72650D64
:101FB0000A436F6E6E656374696F6E3A20636C6F6F
:101FC00073650D0A00436F6E74656E742D4C656EFB
:101FD0006774683A2000436F6E74656E742D54798F
:101FE00070653A2000204572726F7200204E6F7447
:101FF00020466F756E640020466F72626964646586
:102000006E00204261642052657175657374002012
:102010004F4B00485454502F312E312000457272DE
:102020006F7265206469206C65747475726100421A
:102030006C6F63636F2025753A206D656D6F7269F3
:102040006100426C6F63636F2025753A206D656D8A
:102050006F72696100426C6F63636F2025753A206F
:10206000706167696E6500426C6F63636F202575F0
:102070003A20257300426C6F63636F2025753A2008
:1020800074726F70706520766172696162696C69E3
:10209000206E65676C692073637269707400426CAE
:1020A0006F63636F2025753A2073637269707400E3
:1020B000426C6F63636F2025753A20657374656E9B
:1020C00073696F6E652073656E7A612073637269E0
:1020D0007074204300426C6F63636F2025753A2053
:1020E000696D6D6167696E6500426C6F63636F2037
:1020F00025753A20696D6D6167696E6500426C6F88
:1021000063636F2025753A20746573746F00426CA9
:102110006F63636F2025753A20636F6E66726F6E12
:10212000746F00426C6F63636F2025753A206F7087
:102130006572617A696F6E6500426C6F63636F20D0
:1021400025753A202573206E6F6E206861205057E8
:102150004D00426C6F63636F2025753A2025732014
:102160006E6F6E20652720756E27757363697461C5
:1021700000426C6F63636F2025753A202573206ED3
:102180006F6E20652720616E616C6F6769636F00F9
:10219000426C6F63636F2025753A202573206E6F44
:1021A0006E20652720756E20696E67726573736F88
:1021B00000426C6F63636F2025753A2070696E2052
:1021C0006E6F6E207363656C746F00426C6F636337
:1021D0006F2025753A2066696C6F206E6F6E2076D1
:1021E000616C69646F00426C6F63636F2025753AA0
:1021F00020696E67726573736F20257520696E653F
:1022000073697374656E746500426C6F63636F20ED
:1022100025753A207469706F202575206E6F6E20C9
:10222000646973706F6E6962696C65207375207183
:1022300075657374612073636865646100457272CB
:102240006F7265206469206C6574747572610045F5
:1022500072726F7265206469206C65747475726146
:10226000002573206E6F6E20652720616E616C6F94
:102270006769636F00496C2070696E202573206563
:10228000272072697365727661746F004D6F646F99
:102290002070696E206E6F6E2076616C69646F00CD
:1022A0004572726F7265206469206C657474757212
:1022B0006100537472757474757261206E6F6E2054
:1022C00076616C6964610054657374692B73637221
:1022D0006970742074726F70706F206C756E6768AF
:1022E0006920286D61782025752062797465290040
:1022F00050726F6772616D6D612074726F70706F74
:10230000206772616E64650054726F70706920623C
:102310006C6F63636869202825752C206D617820B7
:102320002575290056657273696F6E6520257520C5
:102330006E6F6E20737570706F7274617461004699
:10234000696C65206E6F6E2076616C69646F004EFB
:10235000657373756E2070726F6772616D6D610069
:10236000F8AAEDAA11241FBECFEFD1E2DEBFCDBF88
:1023700000E00CBF14E0A0E0B2E0E6E5F8E803E01E
:102380000BBF02C007900D92A03FB107D9F72BE118
:10239000A0EFB4E001C01D92A836B207E1F711E149
:1023A000C1EBD1E100E006C021970109802FFE01B9
:1023B0000E94DBCCC03BD10780E00807A9F70E9450
:1023C0002DAC0C948CCE0C940000FC01538D448DEC
:1023D000252F30E0842F90E0821B930B541710F0D0
:1023E000CF96089501970895FC01918D828D9817DD
:1023F00061F0A28DAE0FBF2FB11D5D968C91928DB5
:102400009F5F9F73928F90E008958FEF9FEF0895E5
:10241000FC01918D828D981731F0828DE80FF11DAE
:10242000858D90E008958FEF9FEF0895FC01918DC9
:10243000228D892F90E0805C9F4F821B91098F73C2
:10244000992708958AE399E10E94161221E0892BC9
:1024500009F420E0822F0895FC01A48DA80FB92F64
:10246000B11DA35ABF4F2C91848D90E001968F73BC
:102470009927848FA689B7892C93A089B1898C91DB
:10248000837080648C93938D848D981306C002882A
:10249000F389E02D80818F7D80830895EF92FF92F4
:1024A0000F931F93CF93DF93EC0181E0888F9B8D77
:1024B0008C8D98131AC0E889F989808185FF15C031
:1024C0009FB7F894EE89FF896083E889F989808154
:1024D0008370806480839FBF81E090E0DF91CF9123
:1024E0001F910F91FF90EF900895F62E0B8D10E045
:1024F0000F5F1F4F0F731127E02E8C8D8E110CC0B4
:102500000FB607FCFACFE889F989808185FFF5CFFE
:10251000CE010E942C12F1CFEB8DEC0FFD2FF11D9F
:10252000E35AFF4FF0829FB7F8940B8FEA89FB893B
:1025300080818062CFCFCF93DF93EC01888D882399
:10254000B9F0AA89BB89E889F9898C9185FD03C016
:10255000808186FD0DC00FB607FCF7CF8C9185FFFB
:10256000F2CF808185FFEDCFCE010E942C12E9CF02
:10257000DF91CF91089580E090E0892B29F00E94AF
:10258000221281110E94000080E090E0892B49F026
:1025900080E090E0892B29F00E94000081110E94C8
:1025A000000080E090E0892B49F080E090E0892BEA
:1025B00029F00E94000081110E94000080E090E05C
:1025C000892B49F080E090E0892B29F00E940000DF
:1025D00081110C9400000895DC015996ED91FC9155
:1025E0003097B9F083899489A589B6894285538546
:1025F00064857585841B950BA60BB70B811520E8A8
:102600009207A105B10538F08FEF9FE7A0E0B0E099
:10261000089590E080E00895DC0159968D919C9199
:10262000009739F0DC01ED91FC910480F581E02DFB
:10263000199490E080E00895CF93DF931F92CDB777
:10264000DEB76983DC01ED91FC910280F381E02D1E
:1026500041E050E0BE016F5F7F4F19950F90DF9111
:10266000CF910895FC0120812EBD9B01215031099D
:1026700041F051810DB407FEFDCF4EB55EBD4193D3
:10268000F5CF61507109860F971F0DB407FEFDCF7E
:102690002EB5FC0120830895E091770BF091780B23
:1026A00080819091760B892B80830895E091770B40
:1026B000F091780B90818091760B809589238083AF
:1026C000089590E02091F40B233339F40C96982F61
:1026D000990F990F990F80E008954896F8CF0895C3
:1026E000CF93DF931F92CDB7DEB76983DC01ED9105
:1026F000FC910280F381E02D41E050E0BE016F5F6C
:102700007F4F19950F90DF91CF910895FC01818D36
:10271000928D0895CF93DF931F92CDB7DEB7698373
:10272000DC01ED91FC910280F381E02D41E050E06D
:10273000BE016F5F7F4F19950F90DF91CF91089584
:10274000FC019485FB018485981303C081E09830D7
:1027500008F080E00895CF93DF931F92CDB7DEB7E6
:102760006983DC01ED91FC910280F381E02D41E071
:1027700050E0BE016F5F7F4F19950F90DF91CF91B1
:102780000895FC01768765870895DC01ED91FC9141
:1027900002A0F3A1E02D199591E089270895862FD5
:1027A000089581E08627089521E0FC018485883022
:1027B00008F020E0822F089508952091530B260FF2
:1027C0003327331F21323105ECF42091C418FC016A
:1027D00090E080E0243069F082E00895A091530BEE
:1027E0002191AC014D5C544FA40FB52FB11D2C931A
:1027F0000196861798F38091530B680F6093530BE3
:1028000080E0089581E0089508950895E0918F0B88
:1028100080918E0BE81730F4F0E0ED5EF44F80818C
:1028200090E008958FEF9FEF089590918F0B809126
:102830008E0B2FEF3FEF981748F4E92FF0E0ED5E95
:10284000F44F208130E09F5F90938F0BC901089572
:1028500080918E0B90918F0B891B990B0895CF92CD
:10286000DF92EF92FF920F931F93CF93DF937C0140
:10287000CB018A012091CA18222389F0EB016B0158
:10288000C40ED51ECC15DD0569F06991D701ED9117
:10289000FC910190F081E02DC7011995F3CF642FD1
:1028A0000E94DD13C801DF91CF911F910F91FF901E
:1028B000EF90DF90CF900895CF93DF931F92CDB725
:1028C000DEB769832091CA182223F9F02091EC1811
:1028D000203258F021E030E0FC013383228390E085
:1028E00080E00F90DF91CF9108958091CB18E82F71
:1028F000F0E0E453F74E998190838F5F8093CB187B
:102900008093EC1881E090E0ECCF61E0CE0101967D
:102910000E94DD13F7CF0F931F93CF93DF938C01AA
:1029200009571F4FD8014C914423B9F0EC018D8118
:102930009E8150E0BE01695F7F4FDC01ED91FC910B
:102940000280F381E02D1995F801208128171906DE
:1029500011F081E08C83D8011C92DF91CF911F91FF
:102960000F910895CF92DF92EF92FF920F931F93F2
:10297000CF93DF937C018A01EB016B01C40ED51E5E
:10298000CC15DD0551F06991D701ED91FC910190D5
:10299000F081E02DC7011995F3CFC801DF91CF91E8
:1029A0001F910F91FF90EF90DF90CF900895DC0181
:1029B000A957BF4FEC9121E02E0F2C93E80FF92F70
:1029C000F11D6783203811F40E948B1481E090E0A0
:1029D0000895089508950895DC0112962C91129798
:1029E000222351F05C96ED91FC91309729F0638998
:1029F000748985899689089560E070E0CB01089517
:102A00008EBD00000DB407FEFDCF8EB508950F9367
:102A10001F938A3008F065C0E82FF0E08827EC5E4D
:102A2000FA4E8F4F0C94DBCC1E15261529152C154C
:102A30002F1532153C153F154A155515609169063D
:102A400070E090E080E01F910F910895609168061A
:102A5000F7CF60916706F4CF60916B06F1CF60917C
:102A60006C06EECF60916D0670E06053784F072ED4
:102A7000000C880B990BE7CF60916A06E1CF80913B
:102A800069066091680670E024E6829F600D711D02
:102A90001124EDCF809169066091680670E09CE397
:102AA000899F600D711D1124E2CF2091690630E0ED
:102AB000A0E1BEE00E9498CC009168062CE3029F42
:102AC00080011124012E000C220B330B600F711FAB
:102AD000821F931F20916706620F711D811D911D3A
:102AE000B2CF60E070E0CB01AECFFC018681909167
:102AF0000102981731F090910202A1E0891711F0BC
:102B00000895A0E0B0E0AF5FBD4F9C91923049F1D5
:102B1000933059F18EEE890F8430A0F487E1891B40
:102B20008430B9F08530C9F0833079F0E89882E0DC
:102B300090E0880F991FFC01E55EFD4F83ED9EE854
:102B4000918380838FEF8C93DBCFE99883E090E0D3
:102B5000F0CFEA9884E090E0ECCFEB9885E090E04D
:102B6000E8CFEC9890E080E0E4CFED9881E090E051
:102B7000E0CFFC0190E080E02081262331E009F4E1
:102B800030E0341304C001968F3F9807A9F70895E9
:102B9000FC012081273131F02C3311F0243021F455
:102BA0000A96089542960895069608950E94EC1498
:102BB0006115710521E08207910520F06FEF7FEF2D
:102BC00080E090E0CB010895DC01ED91FC9111973C
:102BD000CF01019611969C938E939081892F97FF38
:102BE00039C08EE3890F823070F0ED91FC9111971E
:102BF0008081807C803811F08FE3089531961196A2
:102C0000FC93EE93F2CF8181807C803871F79F0135
:102C10002E5F3F4F2D933C9321812F7330E4939F80
:102C2000C0011124282B90E080E0FC01EF56F74F03
:102C3000E4912E130AC0662329F08857974FFC01B0
:102C4000849108958158974FFACF01968930910564
:102C500061F7D2CF0895FC01848595850895FC0124
:102C600084899589089527ED33E0FC013183208321
:102C7000FB014089518962897389FC014283538336
:102C8000648375830895DC01ED91FC91048CF58DCE
:102C9000E02D199490E080E008958F929F92AF927A
:102CA000BF92CF92DF92EF92FF920F931F93CF9339
:102CB000DF937C018B014C0182E0880E911C57014F
:102CC000E5E0AE0EB11CD0E0C0E0F40161914F012F
:102CD0004AE050E0C8010E949FA56C016EE2C80165
:102CE0000E94A6A58C0D9D1DC80FD91F8A149B0498
:102CF00061F74AE050E0F7016581C8010E949FA595
:102D00008C0F9D1FDF91CF911F910F91FF90EF903E
:102D1000DF90CF90BF90AF909F908F900895CF920B
:102D2000DF92EF92FF920F931F93CF93DF9300D028
:102D300000D000D0CDB7DEB78C01DC0119968D91A3
:102D40009C91892B09F473C00E94209DF801C784CF
:102D5000D088E188F2886C157D058E059F0520F4EA
:102D60006787708B818B928BF801C784D088E1884C
:102D7000F2886C197D098E099F096C3271408105BA
:102D8000910510F3F894D80114968D919C911597A4
:102D90009A8389831996ED91FC917F01BFEFEB1A1D
:102DA000FB0A80818987F80190810388F489E02DEE
:102DB000D80155968C91992309F448C09081982B9D
:102DC00098879081809589238F838F818C8388E079
:102DD0008B8358856F8149853B812C8189819A81BC
:102DE000D701508347FD252F3A952083262F39F0B0
:102DF000441F00C000006083000000C0F2CF38E034
:102E00004D9160830000019761F7D8015496FC93BF
:102E1000EE93539749873B832C839A8389837894D5
:102E20000E94209DF8016787708B818B928B299679
:102E30000FB6F894DEBF0FBECDBFDF91CF911F91CB
:102E40000F91FF90EF90DF90CF9008959081982B95
:102E500098879081809589238F838F818E8388E0E6
:102E60008D8358856F8149853D812E8189819A8125
:102E7000D701508347FD252F00C000C0208300C02C
:102E800000C000C000C000C060830000262F3A953B
:102E900041F0441F000000C000C000C000C000C0DE
:102EA000E8CF38E04D9100C0608300C0019709F77A
:102EB000D8015496FC93EE93539749873D832E8314
:102EC000ACCFEDECF7E080E1DF011D928A95E9F7E8
:102ED00080E8EDE4F7E0DF01982F1D929A95E9F77D
:102EE000E1ECF6E0DF011D928A95E9F71092DD0A28
:102EF00010924B0710924C070895CF92DF92EF92F9
:102F0000FF920F931F93CF93DF936C0110E000E0CB
:102F1000D0E0C0E0E62EF12CB7010C2E02C0759572
:102F200067950A94E2F76170F60186859785A08916
:102F3000B189002E04C0B595A795979587950A94F9
:102F4000D2F78F770E94999C2196095F1F4FC4305A
:102F5000D10511F7DF91CF911F910F91FF90EF9065
:102F6000DF90CF900895CF93DF93EC018E859F85FE
:102F7000A889B989B4FD04C060E0CE010E947D1724
:102F8000CE55DE40D595C79583EAC89FC02D112444
:102F900080911002C81303C08FEF809310028091BC
:102FA0001502C81303C08FEF80931502DF91CF91F4
:102FB00008951F93CF93DF938E559E4095958795E7
:102FC00093EA899F802D1124E8E0F2E0C0E091911E
:102FD000981317C0D0E0FE01EC5FFD4F8081F8949C
:102FE0001FEF1083FE01E356F94F1082789460E0E2
:102FF0000E94999CC85FDD4F1883DF91CF911F918C
:103000000895CF5FC43019F7F8CFCF93CFB7F894B6
:103010008091120B811127C0E2EEFEE18491E8E27B
:10302000FFE19491E82FF0E0EE0FFF1FE15AF14E1F
:10303000A591B491EC91E92321F461E085E30E942C
:10304000999C61E085E30E94C79C8CB580618CBD32
:103050008CB580648CBD61E084E30E94C79C61E014
:1030600083E30E94C79C8091120B8F5F8093120BA9
:10307000CFBFCF910895CF93DF93EC0161E08E85B0
:103080000E94C79C1A8A1B8A1C8A1D8ADF91CF91D5
:103090000895DF92EF92FF920F931F93CF93DF93E8
:1030A000EC018E859F85A889B98904E0B4FD02E012
:1030B000F12CE12C10E08E859F85A889B9890E2C12
:1030C00004C0B595A795979587950A94D2F761E0C6
:1030D0008F770E94C79C8E859F85A889B9890E2C01
:1030E00004C0B595A795979587950A94D2F760E0A7
:1030F0008F770E94999C1F5F87E0E80EF11C0113F7
:10310000DACFCE55DE40D595C79583EA9BE8C89FB8
:103110008001C99F100DD89F100D112480911002BD
:103120008F3F59F0081749F0809115028F3F11F039
:10313000081314C0C1E0D0E002C0D0E0C0E00E949B
:10314000209D25E02C9FF0012D9FF00D1124E45FC0
:10315000FD4F60837183828393830483DF91CF91DA
:103160001F910F91FF90EF90DF900895DF92EF9203
:10317000FF920F931F93CF93DF93E8E0F2E0D0E04C
:10318000C0E0D1902FEFD21273C08C01FE01E85F36
:10319000FD4F8E559E409595879543EA5BE8849F49
:1031A0009001859F300D949F300D112420837E0166
:1031B000EE0CFF1CEE0CFF1CF701E358F94F8FEFEC
:1031C0009FEFDC0180839183A283B3830E94759F6C
:1031D000F701E357F94F6083718382839383F8018A
:1031E000128961E0812F0E94C79C60E0812F0E94BC
:1031F000999CF894FE01EE0FFF1FEB58F94F88EBF6
:103200009BE091838083FE01E356F94F1082CC5FEF
:10321000DD4F1883789480917406811121C0F89451
:1032200010922001109225011092240182E08093D7
:10323000210188EC90E090932B0180932A01D09299
:103240000302109273061092720684E08ABB80918A
:103250007300846080937300789481E08093740697
:10326000DF91CF911F910F91FF90EF90DF90089524
:103270002196C430D10509F084CFF2CFCF93DF93EC
:10328000EC0161E08E850E94C79C60E08E850E9403
:10329000999C60E08F850E94C79C0E94759F6A8BF5
:1032A0007B8B8C8B9D8BDF91CF910895CF92DF929A
:1032B000EF92FF921F93CF93DF93209101022F3F54
:1032C00039F0209102022F3F09F03FC011E001C008
:1032D00010E0FC01C12F012E000CDD0B86819781CF
:1032E0009E012F5F3D4F7901F90180839E01265A8F
:1032F000394F6901F901908362E00E94C79C62E046
:10330000F60180810E94C79CF894CC0FDD1FCC0F82
:10331000DD1FC25AD94F188219821A821B827894F3
:1033200027EB3EE1112311F024EB3EE1F701908100
:10333000923099F430931C0220931B0280916A0012
:103340008C7F816080936A00EC9ADF91CF911F910E
:10335000FF90EF90DF90CF900895933061F4309319
:103360001E0220931D0280916A00837F84608093F7
:103370006A00ED9AEACF8EEE890F843030F787E14C
:10338000891BE82FF0E0EE0FFF1FE55EFD4F318354
:1033900020838430A1F08530D1F0833041F08091DA
:1033A00069008C7F816080936900E89ACECF80911C
:1033B0006900837F846080936900E99AC6CF809119
:1033C00069008F7C806180936900EA9ABECF80910A
:1033D00069008F73806480936900EB9AB6CFCF93B6
:1033E000DF93EC0162E08E810E94C79C0E94759F72
:1033F0006A877B878C879D87DF91CF910895CF92D5
:10340000DF92FF920F931F93CF93DF93F82ED0E0BC
:10341000C0E0062F10E068010C2E02C0D594C794BE
:103420000A94E2F781E0C822DD24F89461E08F2D50
:103430000E94C79C60E08F2D0E94999C8CE390E0D5
:10344000C114D10411F086E090E0880F991F880F15
:10345000991F05970197F1F762E08F2D0E94C79C95
:1034600078948AE090E0CD2811F080E490E0880F15
:10347000991F880F991F05970197F1F72196C8307A
:10348000D10549F6DF91CF911F910F91FF90DF9009
:10349000CF900895CF93DF93EC0162E08E810E947C
:1034A000C79C0E94759F685E7340810991096E8771
:1034B0007F87888B998BDF91CF9108950C9465C19C
:1034C0000C9465C10C9465C1CF93DF93C091BF0686
:1034D000D091C0062097E9F04C815D8170E060E0FA
:1034E00089859A850E9442CECE010E948F168985D9
:1034F0009A850E9465C18E819F8197FD03C060E01F
:103500000E94C79CCE010E9465C11092C006109215
:10351000BF06DF91CF9108953F924F925F926F92D5
:103520007F928F929F92AF92BF92CF92DF92EF9253
:10353000FF920F931F93CF93DF93CDB7DEB7C75A98
:10354000D1090FB6F894DEBF0FBECDBFFC01C68413
:10355000D784E088F18849015A018C189D08AE088B
:10356000BF0875016401E0EDCE16E7E0DE06E10478
:10357000F10408F405C1CA55DF4F79836883C65A40
:10358000D040FC0126873787408B518B428453847F
:1035900064847584F6808E010F551F4F85E0F80115
:1035A00011928A95E9F78F2D90E0FC01E355F14ED9
:1035B000E491F0E0EE0FFF1FED56F14EA590B490B0
:1035C000FC01ED50F14E349061E00E94C79C60E038
:1035D0008F2D0E94999C62E070E080E090E0F1E025
:1035E0004F1651046104710421F064E170E080E041
:1035F00090E00E94059F62E08F2D0E94C79C8BE99E
:1036000090E00197F1F7F89440E0632DC5010E9426
:10361000B915019641F041E0632DC5010E94B9152D
:1036200021E0019609F420E0CE0101967C016C01B5
:103630002223F9F00C151D05E1F040E0632DC501D2
:103640000E94B9154C01F6019183808341E0632DFE
:10365000C5010E94B915F601938382838920809465
:1036600019F021E0019609F420E064E0C60ED11CB7
:10367000DFCF7894222309F483C090E0F7014081E2
:103680005181228133814F3F540709F479C02F3F84
:10369000320709F475C0E92FE695E695E695E00F47
:1036A000F12FF11D8081880F4217530708F441C0A4
:1036B00080839F5F84E0E80EF11C9832F9F6F801F0
:1036C000D08041814D0D5527551FE2802E2D30E0D1
:1036D000F380AF2DB0E0FA01E20FF31FCF018A0FA4
:1036E0009B1FF801648170E08617170609F048C037
:1036F000808191814A94452846284728E1F4582F33
:10370000492F052E000C660B770B922F88278827F0
:103710009F778F299B2B092E000CAA0BBB0BE7FE72
:1037200021C0B095A095909581959F4FAF4FBF4F09
:1037300019C08160BDCF29E0D29E400D511D1124DA
:10374000052E000C660B770B8F2D8F7090E03AE002
:10375000E39E800D911D1124092E000CAA0BBB0BBA
:10376000F7FCDFCFCA55DF4FE881F981C65AD04058
:1037700080839183A283B383448355836683778355
:10378000C955DF4F0FB6F894DEBF0FBECDBFDF9136
:10379000CF911F910F91FF90EF90DF90CF90BF904E
:1037A000AF909F908F907F906F905F904F903F90E1
:1037B0000895CF92DF92EF92FF920F931F93CF93D2
:1037C000DF93CDB7DEB7AF970FB6F894DEBF0FBE6D
:1037D000CDBF7C016A0107ED13E01A8309831C86C3
:1037E0001B8688EE93E0A0E0B0E08D879E87AF87D0
:1037F000B88B8DEA93E09A878987188F0F8B198E83
:103800001A8E1B8E1C8E88E089A31BA70AA71CA6F4
:103810001DA61EA61FA68091241A9091251AA0917C
:10382000261AB091271A8EA39FA3A8A7B9A78B83A6
:103830009C83AD83BE8318861F82AE01465D5F4FB9
:10384000CE0101960E9493A081309105B1F4D70179
:10385000ED91FC910488F589E02D1DA30CA38CA5A6
:103860009DA5AEA5BFA58EA39FA3A8A7B9A7A60196
:10387000BE016C5D7F4FC7011995AF960FB6F894E6
:10388000DEBF0FBECDBFDF91CF911F910F91FF9093
:10389000EF90DF90CF9008950E941AC521E0892B08
:1038A00009F020E0822F08950F931F93CF93DF93A9
:1038B000EC010FEF1FEF980148ED5CE068EC70E061
:1038C0000E9452A66CEC7CE0CE01DF91CF911F915B
:1038D0000F910C941CA6FF920F931F93CF93DF932D
:1038E00000D01F92CDB7DEB7062FF72EAE014F5F87
:1038F0005F4F66E674E00E94439A182F882309F10F
:1039000089819A81AB81BC81AC01BD0141505109D3
:10391000610971094336510561057105E8F49F930A
:103920008F9389E29DE09F938F931F9280E18F9305
:10393000FF920F930E94BBC50FB6F894DEBF0FBE77
:10394000CDBF812F0F900F900F900F90DF91CF91EF
:103950001F910F91FF90089510E0F3CFCF92DF9267
:10396000EF92FF920F931F93CF93DF93D82F162FD1
:10397000F42ED22E88E60E94119190E080E00E9401
:103980000C91CAE08E2D6C2F0E94A7CC20E1829F63
:10399000B0011124692B88E29AE10E945C14802F07
:1039A0006C2F0E94A7CC20E1829FB0011124692BCB
:1039B00088E29AE10E945C148D2D6C2F0E94A7CCA6
:1039C00020E1829FB0011124692B88E29AE10E94D4
:1039D0005C146C2D88E29AE10E945C148F2D6C2F90
:1039E0000E94A7CC20E1829FB0011124692B88E2BC
:1039F0009AE10E945C14812F6C2F0E94A7CC20E1D9
:103A0000829FB0011124692B88E29AE10E945C1424
:103A10008D2F6C2F0E94A7CC20E1829FB001112432
:103A2000692B88E29AE10E945C140E94459D1092E5
:103A30006E0610926F06109270061092710691E059
:103A4000811190E0892FDF91CF911F910F91FF900D
:103A5000EF90DF90CF900895EF92FF920F931F9316
:103A6000CF93DF93EC017A010FEF1FEF98014CEF3A
:103A70005CE00E9452A669EE7CE0CE010E941CA68A
:103A8000B701CE010E94E5A56DE7CE01DF91CF9190
:103A90001F910F91FF90EF900C94A6A5CF92DF920B
:103AA000EF92FF920F931F93CF93DF93CDB7DEB7C3
:103AB000EF970FB6F894DEBF0FBECDBF8C017B0130
:103AC000DB01ED91FC910280F381E02DCB01199592
:103AD0006C018E369105A0F464E27DE0C8010E947D
:103AE0001CA6EF960FB6F894DEBF0FBECDBFDF91D8
:103AF000CF911F910F91FF90EF90DF90CF9008959D
:103B0000D701ED91FC910190F081E02D28E230E0A9
:103B1000AE014F5F5F4F70E060E0C70119958823E9
:103B2000D9F289818035C1F68A818234A9F686E18D
:103B3000FE017396DE01999601900D928A95E1F748
:103B40001FAE6BE17DE0C8010E941CA6BE01675D4F
:103B50007F4FC8010E94E5A565E17DE0C8010E9494
:103B60001CA64AE050E06C81C8010E949FA56DE050
:103B70007DE0C8010E941CA6B601C8010E9495A55F
:103B80006DE7C8010E94A6A5ACCFAF92BF92CF92BD
:103B9000DF92EF92FF920F931F93CF93DF938C01ED
:103BA000C091BF06D091C006209791F089859A8573
:103BB0000E9465C18E819F8197FD03C060E00E94D5
:103BC000C79CCE010E9465C11092C0061092BF062C
:103BD00086E190E00E94C9C0EC01F801D284C38460
:103BE000A684B784198218861F86188A198A1A8AA9
:103BF00081E08E878B871C8692E09D878883750184
:103C0000EE0CFF1CEA0CFB1CFD82EC82C7010E943B
:103C1000C9C09A878987009709F45EC0A70170E040
:103C200060E00E9442CEBB82AA82C6019E83CF8200
:103C30008981882341F061E08D2D0E94C79C60E05E
:103C40008D2D0E94999C8D2D9C2DFC01E355F14EEC
:103C5000E491F0E0EE0FFF1FE758F14E259134910B
:103C60003C8B2B8BFC01ED50F14EE491ED8BD0930E
:103C7000C006C093BF06209721F18E819F8197FDDA
:103C800030C061E00E94C79C60E08E810E94999CD8
:103C900081E08983C091BF06D091C0064C815D81CF
:103CA00070E060E089859A850E9442CECE010E9434
:103CB0008F168FEF9FEFDC01F801828B938BA48B23
:103CC000B58BDF91CF911F910F91FF90EF90DF9017
:103CD000CF90BF90AF9008951D821C821B821A82E4
:103CE000A4CF1982D7CF0F931F93CF93DF93C82F01
:103CF000D0E0FE01EF5FFD4F80810E94709C8C013F
:103D0000FE01E65AF94F80810E94709CAC0121E0CF
:103D1000012B09F420E091E0452B09F490E081E0CB
:103D2000291301C08FEFFE01EE0FFF1FEE0FFF1FE3
:103D3000E25AF94F0081118122813381482F082EE8
:103D4000000C550B660B770B400F511F621F731F42
:103D50004083518362837383C45AD94F8883DF9130
:103D6000CF911F910F91089581E00C94731E80E014
:103D70000C94731ECF93C82F61E00E94C79C60E033
:103D80008C2F0E94999C8BE797E00197F1F7F894AC
:103D900062E08C2F0E94C79C83E191E00197F1F7CC
:103DA0008C2F0E94709C9C017894E3E6F6E031979A
:103DB000F1F781E0232B09F080E0CF9108952F9255
:103DC0003F924F925F926F927F928F929F92AF92AB
:103DD000BF92CF92DF92EF92FF920F931F93CF93F8
:103DE000DF9300D000D000D0CDB7DEB77C018B01CF
:103DF00049015A01FC013680818180FD35C0832D47
:103E00000E94BA1E811123C0F80114821582168205
:103E10001782F70182869386A486B58629960FB607
:103E2000F894DEBF0FBECDBFDF91CF911F910F91F0
:103E3000FF90EF90DF90CF90BF90AF909F908F90CA
:103E40007F906F905F904F903F902F9008956CEC13
:103E5000832D0E94FF1964E4832D0E94FF19F7014E
:103E6000818181608183D6CF428553856485758544
:103E7000841A950AA60AB70AF0E28F16F3E09F06A5
:103E8000A104B10458F28E7FF7018183832D0E9433
:103E9000BA1E811106C0F80114821582168217829B
:103EA000BDCF6CEC832D0E94FF196EEB832D0E9419
:103EB000FF19CE0101966C014E019AE0890E911C0A
:103EC000560193E2492E512C2FEC622E712CF12CCD
:103ED000E12C212CF89461E0832D0E94C79C60E0C6
:103EE000832D0E94999C87E090E00197F1F762E0B2
:103EF000832D0E94C79CC2010197F1F7832D0E9478
:103F0000709C7894F3013197F1F7892B41F081E0AF
:103F100090E00E2C01C0880F0A94EAF7282AEFEFF0
:103F2000EE1AFE0AF8E0EF16F104A1F6F50121926F
:103F30005F01E815F90559F699E080E06CE89150C9
:103F400099F0F60151916F0148E0782F7527282FDD
:103F500030E035952795822F70FF02C0862F82278B
:103F60005695415091F7EBCF9985981394CFA9813D
:103F7000BA812AE030E00E94EACC20E130E040E063
:103F800050E00E9466CCF801208331834283538342
:103F900081E090E0A0E0B0E084839583A683B783BE
:103FA0003DCF2091F50B222321F068E277E30C94BA
:103FB0001A9380E00895CF93DF93EC018091F50B85
:103FC000882371F06BEF76E3CE010E941A93811182
:103FD00007C069E677E3CE01DF91CF910C941A9385
:103FE000DF91CF910895EF92FF920F931F93CF939C
:103FF000DF93CDB7DEB7E0970FB6F894DEBF0FBE04
:10400000CDBF8C017B01BA014FE250E0CE01019699
:104010000E9450C518AAAE014F5F5F4FB701C8019B
:104020000E942C1DE0960FB6F894DEBF0FBECDBFE8
:10403000DF91CF911F910F91FF90EF9008950F9313
:104040001F93CF93DF93EC01062FBA0110E0A80174
:10405000415051090E9450C5C00FD11F21971882AD
:10406000DF91CF911F910F9108954F925F926F92C0
:104070007F928F929F92AF92BF92CF92DF92EF92F8
:10408000FF920F931F93CF93DF93EC016B014901D4
:104090005A012701380162EC7CE00E941CA66AE804
:1040A0007CE080E3C81681E0D80611F461E97CE089
:1040B000CE010E9440A66AEB7CE0CE010E941CA6C5
:1040C0002AE0B301A201CE010E9449A562E2CE011D
:1040D0000E94A6A5CE010E949BA562EA7CE0CE01CB
:1040E0000E9440A688ECC816D10471F469E37CE014
:1040F000CE010E941CA62AE0B501A401CE010E94B7
:1041000049A5CE010E949BA565E27CE0CE01DF912E
:10411000CF911F910F91FF90EF90DF90CF90BF90C4
:10412000AF909F908F907F906F905F904F900C9486
:1041300040A6CF93DF93EB0190EE980F9F3598F454
:104140008052990B25E0289FB001299F700D112402
:10415000695D754F45E050E0CE010E9411C51D829A
:10416000DF91CF91089590E8980F973018F481521D
:10417000990BE8CF8FE190E0E5CFEF92FF920F939C
:104180001F93CF93DF93C901B0E0A0E0860F971F84
:10419000A11DB11D81309C40A105B10590F4EA013B
:1041A0008B017A01E20EF31E041B150B1C5FCE156A
:1041B000DF0579F0C8018C0F9D1F0E941ECC8993EA
:1041C000F6CF80E0DF91CF911F910F91FF90EF909C
:1041D000089581E0F7CFCF93DF93EC018E850E94A5
:1041E00095A41A8A1B8A1C8A1D8ADF91CF91089593
:1041F000BF92CF92DF92EF92FF920F931F93CF93D4
:10420000DF93CDB7DEB76A970FB6F894DEBF0FBE67
:10421000CDBFFFA0D8A4E9A49E01245D3F4F4AA5CD
:104220005BA568E170E08E010F5F1F4FC8010E941F
:104230001AC64E2D50E060E270E08F2D9D2D0E9439
:1042400042CEC09000021A8F098FBF2C0F2D1D2D5A
:10425000E98DFA8D8081882369F0802F8B198E1566
:1042600048F46C2DCE0149960E94E415F801819323
:104270008F01EECF6A960FB6F894DEBF0FBECDBFAA
:10428000DF91CF911F910F91FF90EF90DF90CF9032
:10429000BF900895DC0187ED93E08D939D9384E0BA
:1042A000FB0101900D928A95E1F708951F920F92FC
:1042B0000FB60F9211240BB60F922F933F934F938B
:1042C0005F936F937F938F939F93AF93BF93EF937E
:1042D000FF938AE399E10E942C12FF91EF91BF9125
:1042E000AF919F918F917F916F915F914F913F918E
:1042F0002F910F900BBE0F900FBE0F901F9018952F
:104300001F920F920FB60F9211240BB60F922F939C
:104310008F939F93EF93FF93E0914A19F0914B197C
:104320008081E0915019F091511982FD1DC090815A
:10433000809153198F5F8F7320915419821741F028
:10434000E0915319F0E0E65CF64E958F8093531997
:10435000FF91EF919F918F912F910F900BBE0F9036
:104360000FBE0F901F9018958081F2CF8FEF0C94A5
:104370000015FC01DB0112968D919C91139793839C
:1043800082838FE793E09183808314968C911497B6
:10439000848315968C911597858316964D915D9122
:1043A0006D917C91199746835783608771871A9620
:1043B0004D915D916D917C911D97428753876487E4
:1043C00075871E964D915D916D917C9151974687B1
:1043D0005787608B718B52968C915297828B539634
:1043E0004D915D916D917C915697438B548B658B6C
:1043F000768B57964D915D916D917C915A97478B35
:10440000508F618F728F5B968D919C91948F838F6B
:104410000895DC015996ED91FC91309721F081E0EF
:104420009581911101C080E00895EF92FF920F9362
:104430001F93CF93DF93EC017B018A011B821A82C9
:1044400088EE93E0A0E0B0E08C839D83AE83BF83D1
:104450008BE593E0998388838DE190E00E94C9C049
:104460009A8F898F009779F02DE1F701DC01019097
:104470000D922A95E1F74CE050E0B801CE010C9680
:104480000E947DCE188EDF91CF911F910F91FF90EA
:10449000EF900895AF92BF92CF92DF92EF92FF928A
:1044A0000F931F93CF93DF9300D01F92CDB7DEB74A
:1044B0008C016B017A018091F40B8333E9F45B0189
:1044C0006801C40ED51EC016D106A9F10E9456136C
:1044D0008FE00E940015812F0E940015802F0E94FE
:1044E00000150F5F1F4F80E00E940015F5018193BA
:1044F0005F010E944C13E7CF843369F50E94561385
:1045000019830A838F2D8F778B83EC8264E070E0B0
:10451000CE0101960E943213A70170E060E0C6014F
:104520000E9442CEE114F10421F0B701C6010E94BD
:1045300032130E944C13C7010F900F900F900F90F1
:10454000DF91CF911F910F91FF90EF90DF90CF906F
:10455000BF90AF9008950E9456130F3F110509F0C8
:1045600030F419820A831B8263E070E0D1CF17FD1B
:104570000BC019820A8333E0169507953A95E1F747
:10458000007E08600B83F0CFC80126E096958795E2
:104590002A95E1F7807E19830A830115104C18F4DF
:1045A00080618B83E1CF8861FCCFCF93DF931F9233
:1045B000CDB7DEB741E050E0BE016F5F7F4F0E9494
:1045C0004A2289810F90DF91CF91089590E080E099
:1045D0000C94D522CF93DF93C4E1D0E00E94E62271
:1045E000882361F061E070E080E090E00E94059F28
:1045F0002197A1F780E0DF91CF91089581E0FBCF73
:104600002091790B30E0322F2227620F731F90E048
:10461000982F8827860F971F0C94D522AF92BF92B0
:10462000CF92DF92EF92FF920F931F93CF93DF937E
:1046300000D000D01F921F92CDB7DEB78C017B0156
:104640006A018091F40B8333E1F45801A40EB51E86
:10465000A016B10609F46FC00E94561380EF0E94A5
:104660000015812F0E940015802F0E9400150F5FFA
:104670001F4FF70181917F010E9400150E944C138A
:10468000E7CF5B01A40EB51E8433C1F40E9456131C
:1046900019830A838D2D80688B83CC8264E070E05F
:1046A000CE0101960E943213AE14BF0409F441C03A
:1046B000F70181917F010E940015F6CF0E945613E9
:1046C0000F3F110509F028F419820A8384E08B83D7
:1046D0000CC017FD17C019820A8333E016950795A1
:1046E0003A95E1F7007E0C600B8386E0C816D10492
:1046F000A0F5F701DE011496EA15FB0599F081910A
:104700008D93FACFC80126E0969587952A95E1F713
:10471000807E19830A830115104C10F48461D7CF71
:104720008C61D5CFB6016D5F7F4FCE0101960E949F
:1047300032130E944C13C60128960FB6F894DEBFC0
:104740000FBECDBFDF91CF911F910F91FF90EF90E2
:10475000DF90CF90BF90AF90089563E070E0CE01FE
:1047600001960E943213F70181917F010E9400158A
:10477000AE14BF04C1F7DDCF63E070E00C940023FA
:10478000DA01E091790BF0E0FE2FEE27E60FF71F3C
:1047900090E0982F8827A901BD018E0F9F1F0C94D0
:1047A0000E23CF93DF931F921F92CDB7DEB779838D
:1047B0006A8322E030E0AE014F5F5F4F60E170E05E
:1047C0000E94C0230F900F90DF91CF910895CF9357
:1047D000DF931F921F92CDB7DEB779836A8322E001
:1047E00030E0AE014F5F5F4F64E070E00E94C02395
:1047F0000F900F90DF91CF910895DA01E091790B3E
:10480000F0E0FE2FEE27E60FF71F90E0982F8827A5
:10481000A901BD018E0F9F1F0C944A226F927F92B7
:104820009F92AF92BF92CF92DF92EF92FF920F933F
:104830001F93CF93DF931F921F92CDB7DEB7982EB1
:104840008B013A01690122E030E0AE014F5F5F4F1A
:1048500064E270E00E94FD23E980FA80FE24EF24E8
:10486000FE24E00EF11E970137704091F40B092DE4
:1048700010E0C801433309F04CC00896982F8827F0
:10488000990F990F990F820F931F473309F446C070
:10489000A9014C0D5D1D4130584008F43FC060E057
:1048A00078E05B01A21AB30AA501B3010E940E23AE
:1048B000A6014A195B09B3016A0D7B1D8091F40BB7
:1048C000833349F5085F1F4F000F000F000F80E092
:1048D000902F0E940E23EC0CFD1CF982EA8222E04C
:1048E00030E0AE014F5F5F4F64E270E0892D0E94BF
:1048F000C0230F900F90DF91CF911F910F91FF90E8
:10490000EF90DF90CF90BF90AF909F907F906F908F
:1049100008954096B3CF005F1F4FD6CFA601B301D5
:10492000D8CFEF92FF921F93CF93DF931F921F92E6
:10493000CDB7DEB7182F22E030E0AE014F5F5F4FFA
:1049400060E270E00E94FD23E980FA80FE24EF24FB
:10495000FE2422E030E0AE014F5F5F4F60E270E086
:10496000812F0E94FD2389819A8198278927982782
:10497000E816F90689F487E0189FF0011124E45540
:10498000F44FF582E482C7010F900F90DF91CF9131
:104990001F91FF90EF9008957C01DBCFFF920F9362
:1049A0001F93CF93DF931F921F92CDB7DEB7F82EE0
:1049B00022E030E0AE014F5F5F4F66E270E00E94A0
:1049C000FD2309811A8110270127102722E030E0FA
:1049D000AE014F5F5F4F66E270E08F2D0E94FD23B6
:1049E00089819A819827892798270817190749F4F8
:1049F000C8010F900F90DF91CF911F910F91FF9001
:104A000008958C01E3CF44E050E0BC018FE090E0DA
:104A10000C940E2344E050E0BC0185E090E00C943F
:104A20000E2344E050E0BC0181E090E00C940E23A2
:104A3000CF93DF931F92CDB7DEB7698341E050E09B
:104A4000BE016F5F7F4F0E940E230F90DF91CF91C9
:104A50000895682F90E080E00C9418252091790B40
:104A600030E0322F2227260F371F90E0982F88271B
:104A7000642F820F931F0C941825CF93C82F462FB5
:104A800061E070E00E942E2561E070E08C2F0E94B2
:104A900000238111F9CFCF9108951092C41881E0BD
:104AA0008093C31810929E1861E084E10E94999C43
:104AB00061E085E10E94999CE9EBF0E080818E7FC6
:104AC000808380818D7F808388E48093B80085E433
:104AD0008093BC000895CF93DF9391E09093900B67
:104AE0008823B9F0C091B800D091BA008091BC0081
:104AF0008A7B8093BC0060E084E10E94999C60E026
:104B000085E10E94999C0E944D25D093BA00C093E4
:104B1000B800DF91CF91089585ED8093BC0080911E
:104B2000C6189091C718A091C818B091C9180796D7
:104B3000A11DB11D23E0B695A795979587952A9558
:104B4000D1F72091BC0024FD03C01092C418089531
:104B50004091C6185091C7186091C8187091C91833
:104B6000452B462B472B69F30097A105B10541F072
:104B70002AE22A95F1F700C00197A109B109E1CF16
:104B80008091C5180C946B251F920F920FB60F924F
:104B900011240BB60F922F933F934F935F936F9314
:104BA0007F938F939F93AF93BF93EF93FF938091E6
:104BB000B900887F803609F44DC008F040C08832C3
:104BC00009F4A9C028F5803109F49DC0C8F48823F0
:104BD00009F4FBC0883009F496C0FF91EF91BF91B2
:104BE000AF919F918F917F916F915F914F913F9185
:104BF0002F910F900BBE0F900FBE0F901F90189526
:104C0000883109F488C0803241F78093C21814C0FB
:104C1000803409F49DC040F48033B9F38833E9F659
:104C20008093C21885ECB0C0803509F485C0883502
:104C300009F496C0883489F60E948C25CECF883935
:104C400009F48CC038F5883729F050F4883611F013
:104C5000803719F683E08093C4181092750B57C003
:104C6000883809F47BC0803919F0803809F0B5CF55
:104C70008091750B803208F071C0E091750B81E076
:104C80008E0F8093750B8091BB00F0E0EB5AF44FD0
:104C900080833DC0803B39F0E0F4803A09F479C06C
:104CA000883A09F09ACF84E08093C4181092540B8C
:104CB0001092530BE0918C0BF0918D0B1995809114
:104CC000530B81110FC081E08093530B1092330B73
:104CD00009C0803C09F4A6CF883C09F4A3CF883BE7
:104CE00009F07BCFE091540B81E08E0F8093540B41
:104CF000F0E0ED5CF44F80818093BB009091540B09
:104D00008091530B29C080919F188093BB0085EC44
:104D10008093BC0062CF9091C1188091C018981701
:104D200058F5E091C11881E08E0F8093C118F0E032
:104D3000E056F74E8081E9CFE091C11881E08E0FF7
:104D40008093C1188091BB00F0E0E056F74E80835D
:104D50009091C1188091C0189817C8F285E8D8CFF3
:104D6000E091C11881E08E0F8093C1188091BB0043
:104D7000F0E0E056F74E80838091C31881115CCF3C
:104D800081E080939E1884EA8093BC001092C4183E
:104D900024CF85EC8093BC001092C4188091750BD1
:104DA000803230F4E091750BF0E0EB5AF44F108252
:104DB0006091750B70E0E0918A0BF0918B0B85E5AB
:104DC0009BE019951092750B08CF1092C21834CF42
:104DD0008F929F92AF92BF92CF92DF92EF92FF920B
:104DE0000F931F93CF93DF93EC0188E60E941191FC
:104DF00090E080E00E940C910E94459D182F88232E
:104E000071F080E0DF91CF911F910F91FF90EF90B3
:104E1000DF90CF90BF90AF909F908F9008950E94A9
:104E2000209D6B017C018091C418811164C081E0D8
:104E30008093C4188093C3189FEF9093C218109268
:104E4000C11896E09093C01880939F1880919F1886
:104E5000806D80939F1880919E18813009F0C4C0A6
:104E600010929E180E94209D6B017C0180919F18DA
:104E70008093BB008091C6189091C718A091C81864
:104E8000B091C918892B8A2B8B2BA1F00E94209DF1
:104E90008090C6189090C718A090C818B090C918F4
:104EA0006C197D098E099F0986169706A806B90612
:104EB00008F442C08091BC0083FDD8CF85EC80937C
:104EC000BC000E94209D6B017C018091C418813040
:104ED00009F48CC08091C118873008F0A9C0809176
:104EE000C118A0EAB8E1E3E1FBE0181749F19D9190
:104EF00091931F5FFACF8091C6189091C718A09127
:104F0000C818B091C918892B8A2B8B2B09F48BCF29
:104F10000E94209D8090C6189090C718A090C81835
:104F2000B090C9186C197D098E099F0986169706DD
:104F3000A806B90608F077CF8091C5180E946B25A6
:104F400010928F0B10938E0B173009F05ACF8E01F1
:104F50007E0187E0E80EF11C88E29AE10E941514B8
:104F6000F80181938F01EE15FF05B1F78881282F95
:104F70002F7722952F709AE08F70299F800D112432
:104F800088838981282F22952F708F70299F800D0B
:104F9000112489838A81282F2F7322952F708F7077
:104FA000299F800D11248A838B8187708B838C814C
:104FB000282F22952F708F70299F800D11248C83AC
:104FC0008D8184FB222720F98F70299F800D112469
:104FD0008D838E81282F22952F708F70299F800DB1
:104FE00011248E8381E00ECF85EE69CF8091C618A3
:104FF0009091C718A091C818B091C918892B8A2B15
:105000008B2B09F462CF0E94209D8090C61890904F
:10501000C718A090C818B090C9186C197D098E09DE
:105020009F0986169706A806B90608F04ECF84CFCA
:1050300087E057CFCF92DF92EF92FF920F931F93AB
:10504000CF93DF938C01EB0169017A0180916E06A9
:1050500090916F06A0917006B09171060097A1051E
:10506000B10559F0281B390B4A0B5B0BDA01C9015A
:10507000843F9140A105B105B8F087E696E00E9413
:10508000E82680936606C114D104E104F10421F4FA
:10509000C12CD12C7601C394C0926E06D0926F06BB
:1050A000E0927006F092710680916606882381F086
:1050B000F80186810E940715688379838A839B8320
:1050C000F80182850E9407156C837D838E839F8300
:1050D000DF91CF911F910F91FF90EF90DF90CF90D4
:1050E00008954F925F926F927F928F929F92AF92AC
:1050F000BF92CF92DF92EF92FF920F931F93CF93C5
:10510000DF9300D0CDB7DEB78C014B015A01C22E20
:10511000FB0101900020E9F731977F01E61AF70AB9
:10512000FF240115110509F486C0F8018081882348
:1051300009F481C0A701B401C8010E946FCE892B78
:1051400009F06EC0F801EE0DFF1D80818D3309F06E
:1051500067C0FFEFEF1AFF0A0E0D1F1D612C8C2D8B
:105160008150990B6C01F8017080E62CF12C7720AE
:10517000F1F1F6E27F16D9F1EC14FD04C4F5480113
:105180008FEF881A980A9BE2791671F1E5E27E1298
:1051900024C0F8014180842D042C000C990B0E943E
:1051A00020CE892BD1F0F8015280852D052C000CE2
:1051B000990B0E9420CE892B81F01B8249825A8252
:1051C00040E150E070E060E0CE0101960E9492C2A2
:1051D000762E4801F3E08F0E911CF501EE0DFF1DB8
:1051E000708263948401BFCF80E2782EF6CFEA0C00
:1051F000FB1CF701108281E00F900F900F90DF9160
:10520000CF911F910F91FF90EF90DF90CF90BF90C3
:10521000AF909F908F907F906F905F904F90089588
:1052200066E270E0C8010E9454CE009721F08C0124
:105230000F5F1F4F76CF80E0DFCF1F93CF93DF93B9
:10524000EC01162F0E941ECC181739F0612FCE01E9
:10525000DF91CF911F910C9426CCDF91CF911F91BC
:105260000895CF92DF92EF92FF920F931F93CF9307
:10527000DF93EC018A819B816A01F12CE12CC80E3D
:10528000D91EE11CF11C81E0C8168CE0D806E104AF
:10529000F10418F58A017B01D12CC12C8A819B81F4
:1052A0000C151D0561F0F70161917F019C5F8C0D6C
:1052B0009D1D0E941D29FFEFCF1ADF0AEFCF800F3F
:1052C000911F9B838A8381E0DF91CF911F910F9182
:1052D000FF90EF90DF90CF90089580E0F5CF0C9491
:1052E0001ECCCF9380E094E00E946F298035A9F412
:1052F00081E094E00E946F29823479F484E094E0A4
:105300000E946F29C82F85E094E00E946F29982F92
:105310008C2F81302CE0920710F090E080E0CF914C
:105320000895CF93DF93FB0122813381DC01139633
:105330003C932E9312974481558166817781149610
:105340004D935D936D937C9317974085518562854E
:10535000738518964D935D936D937C931B971C9664
:10536000EF012C969C01275E3F4F49914D93A21768
:10537000B307D9F7218D328DFC01328F218FDF9158
:10538000CF910895CF92DF92EF92FF920F931F93E8
:10539000CF93DF93CDB7DEB76B970FB6F894DEBF30
:1053A0000FBECDBF2091F50B211112C010E000E01F
:1053B000C8016B960FB6F894DEBF0FBECDBFDF916C
:1053C000CF911F910F91FF90EF90DF90CF900895B4
:1053D0006C018DE190E00E94C9C08C0180EB92E0ED
:1053E000D8018D939D937D01F8011582148288EE7A
:1053F00093E0A0E0B0E086839783A087B1878BE538
:1054000093E093838283148E138E168668E277E38B
:10541000C6010E941A9347E1B601CE0101960E948F
:105420001B92BE016F5F7F4FC7010E949129C70188
:105430000E9409228111BCCF0115110509F4B6CFD4
:10544000D801ED91FC910480F581E02DC8011995FA
:10545000ADCFEF92FF920F931F93CF93DF93CDB712
:10546000DEB76B970FB6F894DEBF0FBECDBF8C01D1
:1054700084EA92E0F8019183808312827801F3E05C
:10548000EF0EF11CF8011682158288EE93E0A0E081
:10549000B0E087839087A187B2878BE593E0948300
:1054A0008383158E148E17868091F50B882359F00F
:1054B00041E0CE0101960E941B92BE016F5F7F4FBB
:1054C000C7010E949129C7010E940922F801828325
:1054D0006B960FB6F894DEBF0FBECDBFDF91CF91B4
:1054E0001F910F91FF90EF900895FF920F931F93DC
:1054F000CF93DF9367EC90E080E00E941D2961E08C
:1055000081E090E00E941D290DEE18E1C2E0D0E09C
:10551000F801F1908F01CE010E941ECCF81621F007
:105520006F2DCE010E9426CC2196CE33D10581F776
:10553000DF91CF911F910F91FF900895089561E041
:10554000FC0184810E94999C80917B0B81111092B7
:105550007B0B08950F931F93CF93DF93EC010E9471
:10556000759F8B010E94B6218A878F3F91F40E941C
:10557000759F601B710B6D327140A0F38FE08D83BE
:10558000CE010E949F2A80E0DF91CF911F910F9161
:1055900008958E3F11F08DE0F2CF81E0F5CF8CBD04
:1055A0009DBD0895CF93DF93EC0180917B0B81111A
:1055B00009C081E080937B0B8091D7199091D81915
:1055C0000E94CF2A60E08C81DF91CF910C94999C4E
:1055D0008F929F92AF92BF92FF920F931F93CF93A0
:1055E000DF93EC01F62E49015A018E81882389F060
:1055F0008F8198859C012F5F3F4F38872F838230A2
:10560000924018F40E94B621F3CFCE010E949F2A47
:105610001E82CE010E94D22A8CE291E00E94819FDC
:105620008F2D80640E94001508E110E0D501C401AF
:10563000002E04C0B695A795979587950A94D2F742
:105640000E94001508501109083F8FEF180771F7E5
:1056500085E9FF2021F028E087E8F2128FEF0E9411
:10566000001510E00E94B6218A8787FF04C01F3F03
:1056700011F01F5FF7CFDF91CF911F910F91FF9036
:10568000BF90AF909F908F900895CF92DF92EF924E
:10569000FF920F931F93CF93DF93EC016901C80131
:1056A000820F931F8130924048F58E81882371F0DC
:1056B00088819981AA81BB8184179507A607B707BE
:1056C00029F48F819885C816D90670F548835983C7
:1056D0006A837B838B85833039F089E0440F551FC3
:1056E000661F771F8A95D1F79A01AB0161E1CE0160
:1056F0000E94E82A882379F083E08D83CE010E94FE
:105700009F2A80E0DF91CF911F910F91FF90EF9042
:10571000DF90CF900895CE010E94AA2A882371F3CA
:1057200018861F8281E08E838F8198858C159D0558
:1057300040F40E94B6218F819885019698878F83C7
:10574000F3CF6701E00EF11E0E94B621F6018193AE
:105750006F01EE16FF06C1F78F819885080F191F9C
:1057600018870F838985882319F001151240A0F04E
:105770008E81882389F08F8198859C012F5F3F4F10
:1057800038872F838230924018F40E94B621F3CFDD
:10579000CE010E949F2A1E8281E0B4CFCF92DF9279
:1057A000EF92FF920F93CF93DF93EC01690182E1B7
:1057B000411551056105710599F08B85833039F0EC
:1057C00089E0440F551F661F771F8A95D1F79A010C
:1057D000AB0168E1CE010E94E82A882319F084E039
:1057E0008D832DC08EEF0E94001576018EEFD81AA2
:1057F000F70181917F010E940015EC14FD04C1F7AF
:105800008FEF0E9400158FEF0E9400150E94B621B5
:105810008A878F71853071F4011116C0CE010E9404
:105820009F2A81E0DF91CF910F91FF90EF90DF9061
:10583000CF90089581E18D83CE010E949F2ACE01F1
:105840000E949F2A80E0EECF88E592E00E94819F2F
:10585000811102C085E1C4CF20E030E0A9016DE0F4
:10586000CE010E94E82A882311F084E1B9CF0E947A
:10587000B6218111FACFD2CF0F9340917D0B509179
:105880007E0B60917F0B7091800B41155105610576
:10589000710599F0082F2EE936E18091810B9091E6
:1058A000820B0E94CE2B882349F010927D0B109220
:1058B0007E0B10927F0B1092800B81E00F91089568
:1058C0000F93CF93C82F80917C0B811105C0C1E04D
:1058D0008C2FCF910F91089540911602509117028D
:1058E00060911802709119020C2F2EE936E1809117
:1058F000810B9091820B0E94CE2B811102C0C0E0DF
:10590000E7CFCC2321F381E00E943C2C8823B9F31C
:1059100010927C0BDDCF8F929F92AF92BF92EF924D
:10592000FF920F931F93CF934B015C01C42F809183
:10593000160290911702A0911802B09119028815D1
:105940009905AA05BB0551F181E00E94602C8111E7
:105950000BC080E0CF911F910F91FF90EF90BF900F
:10596000AF909F908F9008958EE9E82E86E1F82EF3
:1059700000E012E030E020E0B501A4018091810B4D
:105980009091820B0E94452B882319F38092160276
:1059900090921702A0921802B092190240917C0BCB
:1059A0004C2B40937C0B81E0D5CF8F929F92AF928E
:1059B000BF92CF92DF92EF92FF920F931F93CF93FC
:1059C000DF93EC017093820B6093810B442309F405
:1059D0006AC040E060E070E0CB010E948B2C811136
:1059E0000EC080E0DF91CF911F910F91FF90EF905B
:1059F000DF90CF90BF90AF909F908F90089580914F
:105A00005C188F7771F78091681890916918A09150
:105A10006A18B0916B1884369105A105B10508F399
:105A2000C0906418D0906518E0906618F0906718E0
:105A3000C114D104E104F104A1F240E0C701B601B0
:105A40000E948B2C882369F28091A9169091AA1646
:105A50008115924031F69091AE16992311F2209162
:105A6000AC163091AD16232B09F4BBCF8091AB1649
:105A7000882309F4B6CF9A8B8C831D8690E041E091
:105A800050E02D85E22FBA01022E02C0660F771F6B
:105A90000A94E2F78617970751F031E0320F3D87FD
:105AA000283078F39ECFC12CD12C7601C6CF20911F
:105AB000B4163091B51650E040E02115310541F49F
:105AC0002091C2163091C3164091C4165091C5164C
:105AD0002D833E834F8358878091AC169091AD16ED
:105AE00046015701880E991EA11CB11C8B8A9C8A05
:105AF000AD8ABE8A0091AF161091B016198F088F2B
:105B0000A091AE16B0E00E9485CCDC01CB01880DDF
:105B1000991DAA1DBB1D8A8F9B8FAC8FBD8F25E061
:105B2000000F111F2A95E1F701501E4F012F112779
:105B30000695800F911FA11DB11D8E879F87A88B91
:105B4000B98B0091B1161091B21630E020E001152A
:105B5000110541F40091BE161091BF162091C01698
:105B60003091C116C81AD90AEA0AFB0AC00ED11E22
:105B7000E21EF31E04C0F694E794D794C794EA9506
:105B8000D2F7C986DA86EB86FC8685EFC8168FE0E9
:105B9000D806E104F10420F48CE08F8B81E022CF61
:105BA00080E125EFC2162FEFD206E104F104A8F33D
:105BB0008091CA169091CB16A091CC16B091CD16BB
:105BC0008A8F9B8FAC8FBD8F80E2E7CF4F925F9221
:105BD0006F927F928F929F92AF92BF92CF92DF92FD
:105BE000EF92FF920F931F93CF93DF93EC0142301C
:105BF00051056105710590F480E0DF91CF911F910F
:105C00000F91FF90EF90DF90CF90BF90AF909F905B
:105C10008F907F906F905F904F90089589859A85BF
:105C2000AB85BC850196A11DB11D84179507A607FC
:105C3000B70710F3CB88DC88ED88FE888F89803128
:105C400009F042C0BB27A72F962F852F4801590185
:105C50002A013B01C80ED91EEA1EFB1E80911602C6
:105C600090911702A0911802B0911902C816D90696
:105C7000EA06FB0699F58F898031C1F5B301A201CF
:105C8000552766277727440F551F4256594EFA016C
:105C90009182808280917C0B816080937C0B8A89C9
:105CA000823080F08D819E81AF81B8858C0D9D1DE5
:105CB000AE1DBF1D80937D0B90937E0BA0937F0B39
:105CC000B093800B81E099CFDB01CA01E7E0B69584
:105CD000A79597958795EA95D1F7B8CF40E0C7018A
:105CE000B6010E948B2C8111C6CF86CFB301A201D1
:105CF0004F77552766277727440F551F440F551FA9
:105D00004256594EFA0180829182A282B382C2CF5A
:105D10008F929F92AF92BF92CF92DF92EF92FF92BB
:105D20000F931F93CF93DF93FC0181859285A38509
:105D3000B4850196A11DB11D84179507A607B70765
:105D400070F480E0DF91CF911F910F91FF90EF9061
:105D5000DF90CF90BF90AF909F908F9008958388F1
:105D60009488A588B6888789803189F5BB27A72FB5
:105D7000962F852FE9016A017B018F01BC01CD01BE
:105D8000680D791D8A1D9B1D809016029090170248
:105D9000A0901802B090190286169706A806B906B8
:105DA00001F5F8018789803111F5DD24EE24FF2407
:105DB000F601EE0FFF1FE256F94E80819181B0E0AF
:105DC000A0E088839983AA83BB8381E0BBCFDB01FA
:105DD000CA01C7E0B695A79597958795CA95D1F75B
:105DE000C9CF40E00E948B2C8111DBCFAACFE89471
:105DF000C7F8DD24EE24FF24F601EE0FFF1FEE0F9F
:105E0000FF1FE256F94E80819181A281B381BF705C
:105E1000D8CF4F925F926F927F92AF92BF92CF9204
:105E2000DF92EF92FF920F931F93CF93DF9300D0F7
:105E30001F92CDB7DEB78C0149835A836B837C8375
:105E40005901C12CD12C7601412C82E0582E612CB5
:105E5000712C49815A816B817C819E012F5F3F4F5C
:105E6000C8010E94882E882339F1F8018585A30195
:105E7000920104C0220F331F441F551F8A95D2F789
:105E8000DA01C901C80ED91EEA1EFB1E49815A81DA
:105E90006B817C818789803111F188EF9FEFAFEFB3
:105EA000BFE0481759076A077B0798F2F501C082DF
:105EB000D182E282F38281E00F900F900F900F90D9
:105EC000DF91CF911F910F91FF90EF90DF90CF90D6
:105ED000BF90AF907F906F905F904F90089588EF44
:105EE0009FEFA0E0B0E0DDCFCF92DF92EF92FF9284
:105EF0001F93CF93DF93EC0180E2689FF0011124A0
:105F0000E256F94E9385917161F0842F827449F0C5
:105F100080E0DF91CF911F91FF90EF90DF90CF90C5
:105F20000895142F6A8B8091160290911702A09108
:105F30001802B09119028E879F87A88BB98BC488ED
:105F4000D588F12CE12C7601DD24CC24CF8AD88EA3
:105F5000E98EFA8E828D938DB0E0A0E0AC01BD0198
:105F60004C295D296E297F294F8B588F698F7A8F35
:105F700083858871B1F4848D958DA68DB78D8B8BBB
:105F80009C8BAD8BBE8B81E08D831F701C831E822A
:105F90001F82188619861A861B861C861D8681E03C
:105FA000B8CF803109F0B4CF9E012D5E3F4F8B8D6D
:105FB0009C8D0E94092F882309F4AACF84E0E4CFA6
:105FC0008F929F92AF92BF92CF92DF92EF92FF9209
:105FD0000F931F93CF93DF93EC018D8181110EC03E
:105FE00080E0DF91CF911F910F91FF90EF90DF90B4
:105FF000CF90BF90AF909F908F9008950B891C8990
:106000002D893E89041715072607370748F34A01EB
:106010005B01823031F48A869B86AC86BD8681E046
:10602000E0CF81149104A104B10449F41E821F82BF
:10603000188619861A861B861C861D86F0CF0A854F
:106040001B852C853D85EB8DFC8D858590E0099623
:10605000B901A8014150510961097109082E04C014
:1060600076956795579547950A94D2F7750164011F
:10607000E1E0CE1AD108E108F10804C0F694E794F3
:10608000D794C7948A95D2F7C416D506E606F706C4
:1060900020F0012B022B032B11F58F89988DA98DF0
:1060A000BA8D8E839F83A887B9878E010A5F1F4FA1
:1060B000C114D104E104F10409F4ADCF4E815F8134
:1060C0006885798598018B8D9C8D0E94882E91E042
:1060D000C91AD108E108F1088111EACF81CFC41AA9
:1060E000D50AE60AF70AE1CF3F924F925F926F928C
:1060F0007F928F929F92AF92BF92CF92DF92EF9258
:10610000FF920F931F93CF93DF93CDB7DEB72C97FA
:106110000FB6F894DEBF0FBECDBF5C01DC015B960D
:106120008D909C905C9716964D905D906D907C90B4
:106130001997411451046104710409F468C0BFEF58
:106140004B1A5B0A6B0A7B0A312CF401818592851C
:10615000A385B4859C01AD012F5F3F4F4F4F5F4F2B
:1061600029873A874B875C87730162011D821E82F3
:106170001F821886F40181859285A385B4852D81BF
:106180003E814F815885281739074A075B0708F079
:1061900056C089859A85AB85BC858C159D05AE0555
:1061A000BF0550F482E0C82ED12CE12CF12C92E0F6
:1061B000492E512C612C712C9E012F5F3F4FB7014E
:1061C000A601C4010E94882E8823C9F189819A8181
:1061D000AB81BC81892B8A2B8B2B09F126013701DE
:1061E0009FEF491A590A690A790A2D813E814F8128
:1061F00058852F5F3F4F4F4F5F4F2D833E834F8317
:1062000058873FEFC31AD30AE30AF30AB3CFF40166
:1062100040805180628073803324339496CFC414BD
:10622000D504E604F70409F70FEF1FEF2FEF3FE067
:10623000B701A601C4010E94E62D811119C080E0BA
:106240002C960FB6F894DEBF0FBECDBFDF91CF9175
:106250001F910F91FF90EF90DF90CF90BF90AF9084
:106260009F908F907F906F905F904F903F90089598
:10627000D50116964D915D916D917C9119974115BF
:1062800051056105710539F097018601C4010E942D
:10629000E62D8823A1F2D5011696CD92DD92ED92DE
:1062A000FC921997332051F0D701C6010196A11D28
:1062B000B11DF40180839183A283B383F5018789A3
:1062C000908DA18DB28D892B8A2B8B2B39F48481F3
:1062D000C78AD08EE18EF28E80688483F501848136
:1062E0008062848381E0ACCF2F923F924F925F9285
:1062F0006F927F928F929F92AF92BF92CF92DF92D6
:10630000EF92FF920F931F93CF93DF93EC015B010A
:106310002A018D81811115C08FEF9FEFDF91CF9101
:106320001F910F91FF90EF90DF90CF90BF90AF90B3
:106330009F908F907F906F905F904F903F902F90A5
:1063400008958C8180FFE8CF0B891C892D893E89B7
:106350004A855B856C857D85C201B0E0A0E068015F
:106360007901C41AD50AE60AF70AC816D906EA0658
:10637000FB0618F42801441A550A42011E0126E0C2
:10638000220E311C8114910409F4B3C04A855B8547
:106390006C857D856A0181E0D8228B8D9C8D8A0178
:1063A0009B01E9E03695279517950795EA95D1F772
:1063B000ED81E230E1F5FC01628D738D848D958D68
:1063C000600F711F821F931F612C22E0722E6C18C8
:1063D0007D088614970408F434012C8126FD04C03E
:1063E0006114F2E07F0671F4009116021091170219
:1063F000209118023091190206171707280739074C
:1064000009F053C040E00E948B2C882309F484CF0C
:10641000C6018256994ED5019C01260D371DFC01FF
:106420002E173F0709F460C041914D93F9CFFC014D
:1064300074807A947022C114D10471F471100CC06C
:10644000452B462B472B39F58F89988DA98DBA8D11
:106450008E839F83A887B987EB8DFC8D6E817F81AA
:10646000888599856250710981099109258504C043
:10647000660F771F881F991F2A95D2F70685178503
:1064800020893189600F711F821F931F670D711D55
:10649000811D911D99CF4E815F816885798591011C
:1064A0000E94882E8111D8CF37CF750183019601C4
:1064B000AB01BC018091810B9091820B0E94452B16
:1064C000882309F429CFA60CB71C8A859B85AC8547
:1064D000BD85860D971DA11DB11D8A879B87AC8741
:1064E000BD87861897084ECF281B390BA20EB31E06
:1064F000ECCFC20113CFCF93DF931F92CDB7DEB79E
:1065000041E050E0BE016F5F7F4F0E947431019700
:1065100031F4898190E00F90DF91CF9108958FEF52
:106520009FEFF9CFFC01818D928D009711F00C94B3
:106530007B328FEF9FEF08950F931F93CF93DF93DD
:10654000EC01898D9A8D10E000E0009799F00E948F
:106550007B328C010F3F100769F0898D9A8DFC0109
:1065600042855385648575854150510961097109DA
:106570000E94E02FC801DF91CF911F910F910895E4
:10658000EF92FF920F931F93CF93DF93FC01848DC3
:10659000958D009711F480E016C0E9017F010E94FB
:1065A000E02F8823C1F3F701848D958D30E020E042
:1065B000009729F0A801BE010E9474319C0181E07E
:1065C0002017310741F7DF91CF911F910F91FF9075
:1065D000EF9008950F931F93FC018281882341F06F
:1065E00089019A01CF01AB0170E060E00E94C032E6
:1065F0001F910F9108951F93CF93DF93FC01258185
:10660000222371F1162FEC01848187FF1EC0CF0178
:106610000E941B91FC01892B19F18D81823040F47D
:106620008B899C89AD89BE89848F958FA68FB78F02
:106630008F89988D938F828F8F89988DA98DBA8D30
:10664000B58BA48B8C818F778C83111103C08C81C7
:106650008F7E8C83812FDF91CF911F910C94602CC2
:1066600080E0DF91CF911F910895FF920F931F93C8
:10667000CF93DF93EC018D81813041F090E080E099
:10668000DF91CF911F910F91FF9008958C8181FF31
:10669000F5CF82FD1BC00091810B1091820BC801C8
:1066A0000E94D22A0E94B621F82EC8010E949F2A79
:1066B0008FEFF812E3CF8C8185FF1BC060E0CE0125
:1066C0000E94FB328C818F7D8C83D8CF4B895C8973
:1066D0006D897E898A859B85AC85BD8584179507E4
:1066E000A607B707C1F2CE010E94E02F8111D3CFD8
:1066F000C5CF40917D0B50917E0B60917F0B7091C7
:10670000800B452B462B472B21F080E00E943C2C30
:10671000B5CF80618C832A853B85317080E092E023
:10672000821B930BADCFCF93DF93EC0161E00E940E
:10673000FB32882311F01D8281E0DF91CF91089513
:10674000CF93DF93EC01898D9A8D009741F00E94E1
:106750009333898D9A8D0E9465C11A8E198EDF91AF
:10676000CF910895AF92BF92CF92DF92EF92FF92B6
:106770000F931F93CF93DF93CDB7DEB7E6970FB696
:10678000F894DEBF0FBECDBF7C016B015A010E94A1
:106790000922182F882309F443C0B701CE010196BE
:1067A0000E947A9A01E0CE0101960E940922182FD8
:1067B0008823B1F1EA8DFB8D309721F011E08581BE
:1067C000823008F410E01027C1F04DE050E0BE0127
:1067D000635F7F4FC6010E9463C5EA8DFB8D80E039
:1067E00090E0DC01309721F083899489A589B689EE
:1067F000F50180839183A283B383CE0101960E9429
:10680000A03311110DC0B701CE014C960E947A9AA7
:10681000BE01645E7F4FCE0101960E949129C3CFD5
:10682000812FE6960FB6F894DEBF0FBECDBFDF9185
:10683000CF911F910F91FF90EF90DF90CF90BF907D
:10684000AF900895CF93DF93EC0180EB92E08993B2
:106850009993CE010E940922882329F0CE01DF916D
:10686000CF910C94A033DF91CF910895CF93DF9314
:10687000EC010E942234CE01DF91CF910C9465C1CE
:10688000CF93DF9324EA32E0FC0131832083EC01D3
:106890002396CE010E940922882329F0CE01DF91A0
:1068A000CF910C94A033DF91CF910895CF92DF92D6
:1068B000EF92FF920F931F93CF93DF93CDB7DEB785
:1068C000AA970FB6F894DEBF0FBECDBF8091F50B2F
:1068D000811114C0C12CD12C7601C701B601AA9632
:1068E0000FB6F894DEBF0FBECDBFDF91CF911F91E1
:1068F0000F91FF90EF90DF90CF9008956BEF76E3CC
:1069000089ED92E00E941A93882321F360EC72E0F3
:10691000CE0101960E94292A7E018FE1E80EF11C2A
:106920008CE0F70111928A95E9F78B81811108C0FB
:10693000C12CD12C7601CE0101960E944034CDCFDE
:10694000CE0101960E94EC146C3071058105910511
:1069500020F06BE070E080E090E08B01970140E078
:1069600050E0BA01CE0101960E94C032882301F3A3
:106970004AE050E070E060E0C7010E94C0C36B01D4
:106980007C01D9CFCF93DF93EC010E944034CE013C
:10699000DF91CF910C9465C1EF92FF920F931F93FB
:1069A000CF93DF938091F50B8823E9F0809118193C
:1069B00095EEE92E93E0F92E882321F089EDE82E5B
:1069C00083E0F82E8EE190E00E94C9C0EC018C01BA
:1069D000B7010E94292A8A8181110FC0209719F0DE
:1069E000CE010E94C23482E090E00E94C9C08C01B6
:1069F0008BEE92E0F80191838083C801DF91CF9103
:106A00001F910F91FF90EF900895CF92DF92EF9238
:106A1000FF920F931F93CF93DF932091F80B309148
:106A2000F90B232BE9F16A01F12CE12CC80ED91ED8
:106A3000E11CF11C0091F60B1091F70B30E020E007
:106A40000C151D052E053F0558F17A016B01EC016F
:106A50000E94CC348C016091F80B7091F90B6C0F93
:106A60007D1FDC01ED91FC910190F081E02D9701FB
:106A7000A6011995C82F0115110541F0D801ED9116
:106A8000FC910680F781E02DC80119958C2FDF91CC
:106A9000CF911F910F91FF90EF90DF90CF900895CD
:106AA000C0E0F4CFFC01818D928D009719F061E078
:106AB0000C94FB3208958F929F92AF92BF92CF9227
:106AC000DF92EF92FF92CF93DF93EC010E9474303C
:106AD00081110CC080E0DF91CF91FF90EF90DF90AB
:106AE000CF90BF90AF909F908F900895EB8DFC8DCD
:106AF000CE80DF80E884F98482E0C81AD108E108FA
:106B0000F108858504C0CC0CDD1CEE1CFF1C8A95A9
:106B1000D2F786859785A089B189C80ED91EEA1E4D
:106B2000FB1E848146015701880E911CA11CB11CDB
:106B3000C814D904EA04FB04F9F081E0881A91082A
:106B4000A108B10881E00E94602C882319F2EEE9C7
:106B5000F6E1119288E1EE39F807D9F78092160232
:106B600090921702A0921802B092190280917C0BA9
:106B7000816080937C0BDCCFEB8DFC8D258580E0E4
:106B800092E0A0E0B0E004C0880F991FAA1FBB1FCD
:106B90002A95D2F74B895C896D897E89840F951F70
:106BA000A61FB71F8B8B9C8BAD8BBE8B81E093CFC9
:106BB0009F92AF92BF92CF92DF92EF92FF920F938C
:106BC0001F93CF93DF9300D000D000D01F921F926D
:106BD000CDB7DEB77C01FC018581811115C0FE01B6
:106BE0003196CE010C966F0130E231938E179F07DC
:106BF000E1F7DA0130E087E09D91B92E992329F180
:106C00009E3239F48A3011F480E0D3C038E08AE053
:106C1000F3CFE4E2F5E14491442321F0319694135B
:106C2000FACFF2CF831780F34FED490F4E3560F75F
:106C30004FE9490F4A3118F440EEB42EB90EF6016F
:106C4000E30FF11DB0823F5FD7CF89818032E1F23F
:106C5000A22E8B01FB01838D948DF701948F838F7E
:106C6000FB011682178210861186128613861486FF
:106C70001586F80182859385A485B5854389548955
:106C80006589768984179507A607B70708F04CC071
:106C900025E0B695A795979587952A95D1F7F82F72
:106CA000FF709F2EF8018581823008F4ADCFC801B6
:106CB0000E947B3297FDA8CFF80182859385A48539
:106CC000B5854F96A11DB11D82879387A487B5878F
:106CD000F0E29F9EB00111246256794E6115710554
:106CE00009F492CFFB018081882341F0853E09F0B1
:106CF0004EC0BB2029F0BB24B394BBCFB1100EC053
:106D0000F701928A8091160290911702A0911802C1
:106D1000B091190286879787A08BB18BFB01808188
:106D20008111E9CFBB24B3948A2D8271823109F09D
:106D30006BCFBB2009F44FC0C7010E941B91009785
:106D400009F462CF20E2FC0111922A95E9F72BE0C9
:106D5000F601DC0101900D922A95E1F721E238E27B
:106D6000FC01318B208B40E058E057874687338BFE
:106D7000228B318F208F578B468B81E00E94602CB5
:106D8000882309F441CF4A2DF70162890FC04BE0F7
:106D900050E0C6010E942CCE892B09F06ACF8A2DC3
:106DA00080734A2D692D803309F42ECFC7010E94CC
:106DB000742F2B960FB6F894DEBF0FBECDBFDF91B8
:106DC000CF911F910F91FF90EF90DF90CF90BF90E8
:106DD000AF909F900895F8018581823009F414CF17
:106DE000C8010E945B35882309F40ECFF701128A8F
:106DF0008EE996E1A7CF1F93CF93DF93CDB7DEB790
:106E00006D970FB6F894DEBF0FBECDBFAB011C82ED
:106E10001B822FE733E03A8329831E8221E0BC01E5
:106E2000CE0101960E94D83511E081110CC010E00E
:106E3000812F6D960FB6F894DEBF0FBECDBFDF91E8
:106E4000CF911F910895CE0101960E949333F0CF08
:106E5000CF93DF93CDB7DEB76D970FB6F894DEBF53
:106E60000FBECDBF442399F1AB01BC011C821B8234
:106E70008FE793E09A8389831E8222E0CE010196F8
:106E80000E94D83581110EC090E081E0911101C0BF
:106E900080E06D960FB6F894DEBF0FBECDBFDF91D8
:106EA000CF910895CE0101960E943491882361F319
:106EB000CE0101960E941B91009731F325EEFC0153
:106EC00020831E8281E00E94602C982FDECF81E01B
:106ED000E0CF8F929F92AF92BF92EF92FF920F936B
:106EE0001F93CF93DF93CDB7DEB7ED970FB6F8942E
:106EF000DEBF0FBECDBF8C017B011CA21BA28FE7A2
:106F000093E09AA389A31EA2C8010E94FB368111B7
:106F10000EC023E3A701B801CE0181960E94D835A7
:106F2000811116C090E081E0911101C080E0ED96E2
:106F30000FB6F894DEBF0FBECDBFDF91CF911F918A
:106F40000F91FF90EF90BF90AF909F908F9008951A
:106F500081E08DA384E08EA3CE0181960E945B35F3
:106F6000882301F361E0CE0181960E94FB328823E1
:106F7000C9F2CE0181960E941B91FC01892B91F2EE
:106F800080E1838780E2DE01119601900D928A955F
:106F9000E1F7FE013296CE010C9620E22193E8172C
:106FA000F907E1F78EE2F82EF982ECADFDAD68ADA0
:106FB00079AD8AAD9BAD6250710981099109258532
:106FC00004C0660F771F881F991F2A95D2F7868401
:106FD0009784A088B188680D791D8A1D9B1D41E0AA
:106FE0000E948B2C882309F49DCF80E2FE0131960C
:106FF000AEE9B6E101900D928A95E1F7FA82F801C7
:1070000085818250823000F14789508D618D728D6B
:10701000CA019B013E8B2D8B9C8F8B8F80E2FE01E2
:107020003196AEEBB6E101900D928A95E1F780E4DE
:1070300090E0A0E0B0E08BA79CA7ADA7BEA781E041
:107040000E94602C982F6FCF90E080E030E020E02D
:10705000E1CF2F923F924F925F926F927F928F92E9
:107060009F92AF92BF92CF92DF92EF92FF920F93D7
:107070001F93CF93DF9300D01F921F92CDB7DEB73F
:107080007C015B01342E5D83DC0115968C91159794
:10709000813009F0CEC014962C9021FECAC022FC8B
:1070A000B4C0C32CDD8022947FE027222094B22D2F
:1070B000B1702B2ED7011A964D915D916D917C91F7
:1070C0001D97C114D10409F428C15B968D919C9140
:1070D0005C97FC0174807A948A019B0169E0369583
:1070E0002795179507956A95D1F770228A01117037
:1070F000711020C001151105E9F416964D915D91AE
:107100006D917C911997411551056105710509F043
:1071100099C057968D919D910D90BC91A02D00978F
:10712000A105B10509F0B0C0C7010E9474308823E1
:1071300009F47FC080E092E0801B910B46018C1522
:107140009D0508F44C01D7015B964D915C915C97CD
:1071500016968D919D910D90BC91A02D0297A1093D
:10716000B109FA01258504C0880F991FAA1FBB1F0A
:107170002A95D2F74685578560897189840F951FB6
:10718000A61FB71F9C01AD01270D311D411D511DCB
:1071900029013A01811432E0930609F07BC0809105
:1071A000160290911702A0911802B091190284154D
:1071B0009505A605B70559F48FEF9FEFDC01809385
:1071C000160290931702A0931802B0931902022D91
:1071D0009501B301A2018091810B9091820B0E94D5
:1071E000CE2B882331F19EEFB91AC818D908F701C0
:1071F00082859385A485B585880D991DA11DB11D36
:1072000082879387A487B58755CFF701438954892F
:107210006589768982859385A485B5854817590740
:107220006A077B0709F43DCFC7010E94E02F811157
:1072300038CF81E090E0D70113969C938E931297FC
:1072400080E007C09E012F5F3F4F0E94882E811172
:1072500002C090E079C089819A81AB81BC81F7013D
:10726000238D348DF901278948EF5FEF60E070E0EE
:10727000203121F048EF5FEF6FEF7FE08417950733
:10728000A607B70708F050CFF70186839783A0873A
:10729000B18750CF0115110599F5D7011A964D9177
:1072A0005D916D917C911D9753968D919D910D905F
:1072B000BC91A02D481759076A077B0708F181E0A8
:1072C0000E94602C882309F4B4CF40921602509299
:1072D0001702609218027092190280917C0B8160F3
:1072E00080937C0BC8018256994ED5019C01280DD4
:1072F000391DFC012E173F0759F04D914193FACFEC
:1073000041E0C301B2010E948B2C8111EBCF91CFE0
:10731000281B390BA20EB31E68CFF701838994890D
:10732000A589B68984179507A607B70738F484811D
:10733000438B548B658B768B80688483F7018481C3
:1073400083FD1AC0832D9D810F900F900F900F9099
:107350000F90DF91CF911F910F91FF90EF90DF90F1
:10736000CF90BF90AF909F908F907F906F905F90E5
:107370004F903F902F90089561E0C7010E94FB322B
:10738000882309F456CFDECFCF93DF931F92CDB77A
:10739000DEB7698341E050E0BE016F5F7F4F0E941E
:1073A00029380F90DF91CF910895CF93DF93EC01AF
:1073B000E98DFA8D309749F481E090E09B838A83D0
:1073C00090E080E0DF91CF91089513821282898D41
:1073D0009A8D0E942938E98DFA8D22813381232BE1
:1073E00059F7F0CFEF92FF920F931F93CF93DF9354
:1073F0007B01EA018C010E5F1F4FC8010E94092228
:10740000282F882351F0AE01B701C8010E94D53959
:1074100021E08C179D0709F020E0822FDF91CF91AA
:107420001F910F91FF90EF9008958F929F92AF92CE
:10743000BF92DF92EF92FF920F931F93CF93DF9350
:10744000EC01D62E1B8619861E821D824C830E945B
:10745000759F7B0161E08C810E94C79C61E08C81FB
:107460000E94999C0E94051882E58093D71910927A
:10747000D8198091D7199091D8190E94CF2A1AE073
:107480008FEF0E9400151150D9F7CE010E94D22A29
:1074900020E030E0A90160E0CE010E94E82A182F28
:1074A0008A878130D1F00E94759F6E197F09613DF6
:1074B000774070F381E08D83CE010E949F2A10E017
:1074C000812FDF91CF911F910F91FF90EF90DF906F
:1074D000BF90AF909F908F9008952AEA31E040E0EE
:1074E00050E068E0CE010E94E82A82FF25C01B8799
:1074F0008B85812C912C5401823029F4812C912C84
:10750000A12C80E4B82E20E030E0A90167E3CE0191
:107510000E94E82AA501940169E2CE010E94E82AAE
:107520008A878823B1F00E94759F6E197F09613D9B
:10753000774048F388E0BFCF04E00E94B6218A87F5
:107540000150D9F78A3A11F082E0B5CF82E08B87FB
:10755000CFCF8B858230C1F420E030E0A9016AE30F
:10756000CE010E94E82A882311F086E0A4CF0E9471
:10757000B621807C803C11F483E08B870E94B62189
:107580000E94B6210E94B621CE010E949F2A82E06D
:10759000D81631F080E58093D7191092D81990CF82
:1075A00081E58093D71981E08093D81989CFCF9353
:1075B00080917A0B8111C1C060E372E080E090E0BD
:1075C0000E94059F0E94051880912B02282F30E011
:1075D000F901E355F14EE491F0E0EE0FFF1FE7589B
:1075E000F14E459154915093780B4093770BF901EC
:1075F000ED50F14EE491E093760B61E00E94C79C60
:107600000E944C1380E591E00E94CF2A84E380938E
:10761000F40B80E80E9429250E94EA22882391F138
:1076200088E00E9429250E94E622883059F580E1F1
:107630000E9429250E94E622803121F580E00E94E7
:1076400029250E94E622C82F81111CC08FE190E0FD
:107650000E94D5228330B1F480E48093790B42E01C
:107660006EE170E08C2F0E942E2542E06FE170E009
:107670008C2F0E942E25CF5FC83089F781E0809340
:107680007A0B59C087E38093F40B80E80E94292588
:107690000E94EA228823F9F088E00E9429250E94AE
:1076A000E6228830C1F480E10E9429250E94E6226A
:1076B000C82F803181F480E00E9429250E94E622B3
:1076C000811109C089E390E00E94D522843019F429
:1076D000C093790BD3CF83E38093F40B80E80E94AF
:1076E00029250E94EA22882319F180E10E94292598
:1076F0000E94E6228031E1F482E10E9429250E9465
:10770000E6228231A9F480E00E9429250E94E62227
:1077100081110EC084E08093790B65E58BE190E0E8
:107720000E94182565E58AE190E00E941825A6CF01
:107730001092F40B80E0CF91089581E0FCCF1F936D
:10774000CF93DF93182F80E591E00E94CF2A812FFD
:107750000E949124EC01812F0E94BC23873121F0EB
:107760008C3111F0D0E0C0E0CE01DF91CF911F91BC
:107770000895FC018485883010F40C949F3B90E0C0
:1077800080E00895CF92DF92EF92FF921F93CF9304
:10779000DF93182F7B01EA014130584010F0C0E020
:1077A000D8E080E591E00E94CF2A812F0E949124A9
:1077B0006C01812F0E94BC23873111F08C3121F59F
:1077C000CC16DD0670F380E591E00E94CF2A9E0181
:1077D000A70170E060E0812F0E940E2460E270E05B
:1077E000812F0E943D2562E070E0812F0E940023DE
:1077F00084FD0DC0812F0E94BC238823B9F080E551
:1078000091E00E94CF2AEFCFD0E0C0E0DCCF40E192
:1078100062E070E0812F0E942E25CE01DF91CF9192
:107820001F91FF90EF90DF90CF900895D0E0C0E0DF
:10783000F4CF0F931F93CF93DF938C01EA01FC01E8
:107840008485883048F40E94C23B892B39F481E05A
:1078500090E0F80193838283D0E0C0E0CE01DF9115
:10786000CF911F910F9108951F93CF93DF931F9294
:10787000CDB7DEB7182F80E591E00E94CF2A812F87
:107880000E94611327E0129FF0011124E455F44F88
:1078900022813381377041E050E0BE016F5F7F4F3E
:1078A000820F931F0E944A2289810F90DF91CF910E
:1078B0001F910895FC01808D883040F4218D328D18
:1078C000232B21F00E94343C90E008958FEF9FEF2E
:1078D0000895CF93DF93FC012485283028F08FEFA3
:1078E0009FEFDF91CF910895EC010190F081E02DA1
:1078F0000084F185E02D1995892B89F38C850E94F0
:10790000343C90E0EECF1F93CF93DF93182F87E0A6
:10791000189FE0011124C455D44F888199810097A4
:1079200061F480E591E00E94CF2A812F0E94CE244D
:107930002E81821B910999838883DF91CF911F91BA
:107940000895FC018485883010F40C94833C90E009
:1079500080E008954F925F927F928F929F92AF92B4
:10796000BF92CF92DF92EF92FF920F931F93CF932C
:10797000DF931F921F92CDB7DEB7782E6B014A01BD
:10798000A82EB12C27E0829FC0011124FC01E455F0
:10799000F44F7F010081118180E591E00E94CF2AA0
:1079A0000815190554F4872D0E94CE24F70126816D
:1079B0008C01021B1109118300830115110519F5B2
:1079C000872D0E94BC23843159F0882349F001E0BF
:1079D00010E08C3111F410E000E0119501951109CF
:1079E000C8010F900F90DF91CF911F910F91FF90E1
:1079F000EF90DF90CF90BF90AF909F908F907F904F
:107A00005F904F900895801691060CF4840187E0F2
:107A10008A9DF0018B9DF00D1124E455F44FE28016
:107A2000F380C114D10451F12701F7E05F22872DC3
:107A30000E946113840D951D2091F40B273309F4E6
:107A400053C09801240D351D2130384008F44CC036
:107A500020E038E0490184189508A401B6010E948D
:107A60004A222601480C591C6801C818D908872DDC
:107A70000E946113A601B2010E944A22E00EF11E8B
:107A800087E08A9DF0018B9DF00D1124E455F44FA1
:107A9000F382E28220813181201B310B31832083EC
:107AA0008681800F912F911D8A3F910510F4232B21
:107AB000F1F487E08A9DF0018B9DF00D1124E455CF
:107AC000F44F1682F982EA8222E030E0AE014F5F85
:107AD0005F4F68E270E0872D0E94C02360E470E091
:107AE000872D0E943D257CCFA801B601C5CF868396
:107AF00077CFCF93DF93FC01218D328D2115310596
:107B000029F48FEF9FEFDF91CF910895EC01808DE5
:107B10004217530708F0A9010E94AA3C181619063B
:107B200084F7298D3A8D281B390B3A8F298FEBCF9B
:107B30000F931F93CF93DF931F92CDB7DEB7FC0156
:107B4000218D328D232B41F48FEF9FEF0F90DF912A
:107B5000CF911F910F9108958C0141E050E0BE013B
:107B60006F5F7F4FFC01808D0E94AA3C181619069A
:107B70005CF7F801818D928D0197928F818F8981B9
:107B800090E0E4CF0F931F93CF93DF9300D000D00A
:107B90001F921F92CDB7DEB78C01D80159964D9137
:107BA0005C915A974115510551F0ED91FC91048C6F
:107BB000F58DE02D70E060E0C8011995EECFF80179
:107BC000808D0E94833C892BB1F148E050E0BE01DA
:107BD0006F5F7F4FD80158968C910E94AA3C18166F
:107BE0001906F4F4D801509684E0FE013196019014
:107BF0000D928A95E1F78D8190E0982F88272E814C
:107C0000820F911DF801958B848B8F81282F30E096
:107C1000322F22278885820F932F911D928F818F7B
:107C200028960FB6F894DEBF0FBECDBFDF91CF917F
:107C30001F910F91089590E080E0F2CF3F924F9214
:107C40005F926F927F928F929F92AF92BF92CF92EC
:107C5000DF92EF92FF920F931F93CF93DF93CDB7F5
:107C6000DEB7EA970FB6F894DEBF0FBECDBF7C013A
:107C70002A013B0169010E94759F4B015C0187014C
:107C80000D5B1F4FC8010E94C23D181619069CF0DB
:107C90000E94759F681979098A099B09461657063B
:107CA0006806790608F466C162E370E080E090E05F
:107CB0000E94059FE7CF42E250E0BE016F5F7F4F19
:107CC000C8010E94793D89818230D1F0312C832D09
:107CD000EA960FB6F894DEBF0FBECDBFDF91CF910D
:107CE0001F910F91FF90EF90DF90CF90BF90AF90DA
:107CF0009F908F907F906F905F904F903F900895EE
:107D0000F801848995898334910501F76D817E811D
:107D10008F8198850E94E3CC4B015C01F601808243
:107D20009182A282B38246E050E0B701685F7F4F44
:107D3000CE014D960E942CCE892B41F6F701808111
:107D40009181A281B38188169906AA06BB0608F420
:107D5000BDCF84819581A681B78188159905AA0533
:107D6000BB0508F4B3CF89899A89AB89BC8986871A
:107D70009787A08BB18B4EEC50E070E060E0C801BB
:107D80000E94793D312CC701829698AB8FA7F701ED
:107D9000B696FAABE9AB08969CAB8BAB67019AE160
:107DA000C90ED11CBD96FEABEDABC701429698AF94
:107DB0008FABFD97FAAFE9AF4701FEE18F0E911C43
:107DC000F801818D928D181619060CF080CFC8012C
:107DD0000E94983D8333910509F4B2C014F58130B7
:107DE000910509F464C044F4892B51F3C8010E9441
:107DF000983DAC01552775C08330910509F462C0E8
:107E00000697A1F7C8010E94983DB82E44E050E0C3
:107E1000B401C8010E94793DEB2DE450FF0BAF0186
:107E200060C08A33910509F45FC084F585339105FC
:107E3000B1F1C697D9F6C8010E94983D5C01B60120
:107E4000CE0189960E944A218BA59CA5ADA5BEA511
:107E5000892B8A2B8B2BB1F0EDA9FEA94080518094
:107E600062807380B601CE0183960E944A218DA163
:107E70009EA1AFA1B8A5A501481659066A067B06C2
:107E800009F0B8CF44E050E0B60118C08B3391053B
:107E900009F440C08F3F910509F492CFA7CFC801E4
:107EA0000E94983DC8010E94983D382E89CFC80194
:107EB0000E94983D44E050E06FA978ADC8010E944F
:107EC000793D7ECFC8010E94983DB82E44E050E035
:107ED00069AD7AADC8010E94793D8B2D8450990B14
:107EE000AC0170E060E0EACFC8010E94983D44E038
:107EF00050E069A97AA9C8010E94793DF70166A1FD
:107F000077A180A591A50E94E3CC66A377A380A763
:107F100091A756CFC8010E94983D44E050E06BA95C
:107F20007CA9C8010E94793DF70162A573A584A5CB
:107F300095A50E94E3CC62A773A784A795A740CF1D
:107F4000C8010E94983D44E050E06FA578A9C8019F
:107F50000E94793DF70162A173A184A195A10E94BD
:107F6000E3CC62A373A384A395A366A777A780AB92
:107F700091AB26CF33243A94AACECF93DF931F92AE
:107F8000CDB7DEB741E050E0BE016F5F7F4FFC012F
:107F900084850E94AA3C1816190634F4898190E061
:107FA0000F90DF91CF9108958FEF9FEFF9CFFC01F4
:107FB0008485883010F40C94AA3C90E080E0089509
:107FC000CF93C82F80E591E00E94CF2A68E070E04F
:107FD0008C2FCF910C943D25CF93C82F80E591E055
:107FE0000E94CF2A60E170E08C2FCF910C943D2548
:107FF000CF92DF92EF92FF920F931F93CF93DF9375
:1080000000D000D0CDB7DEB78C016B017A01FC0146
:10801000808D883010F40E94EC3F87ED93E09A83C6
:108020008983F60182819381A481B5818B839C83AE
:10803000AD83BE83B701CE0101960E948A9BF801F1
:10804000808F8830A0F4F586E486128E118E81E050
:1080500026960FB6F894DEBF0FBECDBFDF91CF914D
:108060001F910F91FF90EF90DF90CF90089580E0E7
:10807000EFCFCF93DF93EC01888D883020F40E94FE
:10808000EC3F88E0888FDF91CF910895CF93C82F80
:1080900080E591E00E94CF2A8C2FCF910C94BC23D5
:1080A000EF92FF920F931F93CF93DF937C01809108
:1080B000F40BD4E0833309F0D8E004EE1BE0C0E019
:1080C000F801219131918F01F70184819581281761
:1080D000390729F0CF5FDC13F3CF80E006C08C2F87
:1080E0000E9446408431B1F781E0DF91CF911F912A
:1080F0000F91FF90EF9008959F92AF92BF92CF9211
:10810000DF92EF92FF920F931F93CF93DF93EC01D7
:108110007B018091F40B811121C01B821A8288EEB1
:1081200093E0A0E0B0E08C839D83AE83BF8383E0C7
:1081300093E09983888388E08C8788EE93E09E871C
:108140008D87CE01DF91CF911F910F91FF90EF901E
:10815000DF90CF90BF90AF909F90089534E0932E22
:10816000833311F028E0922E84EEC82E8BE0D82EB7
:1081700010E098E0B92EA12CD6012D913D916D0112
:10818000F701848195812817390791F4812F0E9486
:108190004640082F873111F08C3139F5812F0E942C
:1081A000833C892B59F50C3119F4812F0E94E03F53
:1081B0001F5F9112E1CFA11008C0D701ED91FC9192
:1081C0000084F185E02DC70119951B821A8288EE83
:1081D00093E0A0E0B0E08C839D83AE83BF8383E017
:1081E00093E099838883BC86A8CF843149F08111BC
:1081F000DFCFF601329711821082DACFB12ED8CFBD
:10820000AA24A394D5CF8F929F92AF92BF92CF9280
:10821000DF92EF92FF920F931F93CF93DF93CDB72F
:10822000DEB72F970FB6F894DEBF0FBECDBF5C014F
:108230004B017A018091F40B8823C9F104E0833368
:1082400009F008E0B501CE0101960E947C4084EE61
:10825000C82E8BE0D82E10E0F601219131916F01EC
:10826000F501848195812817390751F4812F0E94E7
:108270004640873129F4A701B401812F0E94C23BF7
:108280001F5F0113E9CFC7012F960FB6F894DEBF29
:108290000FBECDBFDF91CF911F910F91FF90EF9057
:1082A000DF90CF90BF90AF909F908F900895F12C6A
:1082B000E12CE9CFCF93DF93EC018C858830D0F4AB
:1082C0000E944640843189F0882379F0883169F032
:1082D00021E08C3159F4E881F9810084F185E02DA9
:1082E000CE01199521E0892B09F420E0822FDF913E
:1082F000CF91089580E0FBCFCF92DF92EF92FF9273
:10830000CF93DF93EC018C85883068F40E94E03FC6
:108310000E94759F6B017C018C850E9446408111F3
:1083200009C088E08C87DF91CF91FF90EF90DF90BC
:10833000CF90089561E070E080E090E00E94059F9A
:108340000E94759FAB01BC014C195D096E097F0944
:108350008D859E85B0E0A0E0481759076A077B0726
:10836000D8F28C850E94EC3FDCCFCF93DF93EC01F9
:108370008C85883060F40E944640873111F08C3142
:1083800031F48C850E949F3B8115984088F3DF91E2
:10839000CF910895CF92DF92EF92FF920F931F93A8
:1083A000CF93DF93CDB7DEB7AF970FB6F894DEBFAC
:1083B0000FBECDBF8C016B017A0187ED93E09A83EC
:1083C00089831B821C821D821E821C861B8648EEAE
:1083D00053E060E070E04D875E876F87788B2DEA11
:1083E00033E03A872987988F8F8B198E1A8E1B8ED0
:1083F0001C8E28E029A39BA78AA71CA61DA61EA643
:108400001FA6D8011C968C91883060F40E944640CB
:10841000882321F0F80184850E94E03F88E0D8019C
:108420001C968C938091241A9091251AA091261A5B
:10843000B091271A8EA39FA3A8A7B9A78B839C836B
:10844000AD83BE8318861F82AE01465D5F4FB601C5
:10845000CE0101960E9493A00097C1F0D801ED9142
:10846000FC910684F785E02D87ED93E09DA38CA316
:108470008CA59DA5AEA5BFA58EA39FA3A8A7B9A7B0
:10848000A701BE016C5D7F4FC8011995AF960FB66D
:10849000F894DEBF0FBECDBFDF91CF911F910F913A
:1084A000FF90EF90DF90CF9008958F929F92AF92C0
:1084B000BF92CF92DF92EF92FF920F931F93CF93D1
:1084C000DF9300D000D000D01F92CDB7DEB79091DF
:1084D000F40B911115C018E0812F2A960FB6F8946D
:1084E000DEBF0FBECDBFDF91CF911F910F91FF90E7
:1084F000EF90DF90CF90BF90AF909F908F900895B6
:1085000028E0F22E933311F494E0F92E6B01082F3A
:1085100080E591E00E94CF2A9E012F5F3F4F5901D5
:10852000490110E0812F0E94BC23F40181934F0187
:108530008823C1F01F5FF112F5CFF12CF501919165
:108540005F019D3149F0983139F09A51923020F015
:10855000F3941F11F3CFBFCF60E170E08F2D0E9425
:108560003D251F2DE12EF12CF701EE0FFF1FEC51E1
:10857000F44F1182108283EE93E00197F1F7402FC0
:1085800070E060E0812F0E942E254FEF62E070E0E6
:10859000812F0E942E25B601CD2889F480913602C4
:1085A0009091370201968115F0EC9F0798F1909316
:1085B0003702809336026091360270913702812F24
:1085C0000E94E72361E070E0812F0E943D2527E0B3
:1085D0002E9DC0012F9D900D11249C012455344FD8
:1085E0007901F9011182108222E030E0AE01475F8B
:1085F0005F4F68E270E0812F0E94FD2389859A8594
:10860000982789279827F7019383828316821582FA
:10861000148262CF80E090ECCACF0F931F93CF9368
:10862000DF93EC018B01888D883010F40E94EC3FC1
:10863000B80182E00E945542888F883050F41D872F
:108640000C871A8E198E81E0DF91CF911F910F91C7
:10865000089580E0F9CF9F92AF92BF92CF92DF92C0
:10866000EF92FF920F931F93CF93DF938C015B01E7
:10867000942EE52EFC01C688D788F08C80E591E029
:108680000E94CF2A8F2D0E949124C92DDE2D8C1798
:108690009D0708F4EC019E01A501B6018F2D0E94F3
:1086A0000E24F801868997898C0F9D1F978B868BE6
:1086B000CE01DF91CF911F910F91FF90EF90DF904E
:1086C000CF90BF90AF909F900895CF93FC01C08D45
:1086D00080E591E00E94CF2A60E270E08C2F0E943A
:1086E0003D2562E070E08C2F0E94002384FD16C0BF
:1086F00062E070E08C2F0E94002383FF0AC048E1F3
:1087000062E070E08C2F0E942E2580E090E0CF91F7
:10871000089580E591E00E94CF2AE3CF40E162E036
:1087200070E08C2F0E942E2581E0F0CFFF920F93F6
:108730001F93CF93DF93EB01FC01178A168A2A81DE
:10874000211109C02B81211106C02C81211103C0E8
:108750002D81222301F141155105E9F08A01FC0127
:10876000F08C80E591E00E94CF2AAE014E5F5F4F12
:1087700024E030E06CE070E08F2D0E94C023B8014F
:108780008F2D0E94D12381E090E0DF91CF911F9146
:108790000F91FF90089580E0F7CF7F928F929F9284
:1087A000AF92BF92CF92DF92EF92FF920F931F93FF
:1087B000CF93DF93CDB7DEB7A6970FB6F894DEBFA1
:1087C0000FBECDBF8C01762E942E852E20E2A22ED8
:1087D000CE0101967C01DC01EA2D1D92EA95E9F7B4
:1087E0006801F3E4CF0ED11C87ED93E09AA389A32F
:1087F0008FEF8BA38CA38DA38EA343E450E0BE0127
:108800006F5D7F4FC6010E949643019609F4BFC079
:1088100081E089838A8386E0B82EBB821C82D801DE
:1088200014966D917D918D919C9117970E94E3CC48
:108830006D837E838F83988789869A8680E890E00F
:108840009C878B874CE150E0B701C6010E942B4307
:10885000FE0137968AE1DF011D928A95E9F748010A
:10886000B8E08B0E911CF401D70101900D92BA94DF
:10887000E1F740E150E0B701C6010E942B43F70148
:108880001192AA94E9F796E0A92EB12C40E250E0AB
:10889000B701C6010E942B43F1E0AF1AB108B1F74E
:1088A00083E6898392E89A8393E59B838C8385E3AF
:1088B0008D8381E08E837F829DE3988797E09987FF
:1088C0008A8786E0F401DE011B9601900D928A955D
:1088D000E1F78CE0898B8A8B61EF73E0CE014396E0
:1088E0000E9468CED8011B966C91CE0149960E94D9
:1088F0003D90F8016485CE014B960E943D90D801D1
:108900001D966C91CE014D960E943D904EE150E037
:10891000B701C6010E942B43B3E07B121EC082E365
:10892000898384E08A83F80196859B8397859C835D
:1089300090899D8391899E8396E39F838887828D0A
:108940008987838D8A87848D8B87858D8C874CE082
:1089500050E0B701C6010E942B4387E3898386E07C
:108960008A8391E09B8393E09C838D838FE08E8349
:108970008AE38F838BE388878FEF898749E050E014
:10898000B701C6010E942B43C6010E946543A6960B
:108990000FB6F894DEBF0FBECDBFDF91CF911F9110
:1089A0000F91FF90EF90DF90CF90BF90AF909F908E
:1089B0008F907F9008952F923F924F925F926F9287
:1089C0007F928F929F92AF92BF92CF92DF92EF925F
:1089D000FF920F931F93CF93DF9300D000D0CDB7BA
:1089E000DEB78C010E943AC22FEC37E040E050E045
:1089F0000E9466CCDC01CB010196A11DB11DF801DE
:108A000084839583A683B78380839183A283B38372
:108A10005801F3E4AF0EB11CC5010E94394064E473
:108A200070E0C5010E940D43882309F445C10E94EE
:108A3000759F2B013C01480182E4880E911C48EE91
:108A4000C42E43E0D42EE12CF12C52E0252E1E82C0
:108A50001D82D4018C918330B1F1811166C0F8017F
:108A600084819581A681B7810196A11DB11D848362
:108A70009583A683B7830E94759F6419750986093B
:108A80009709A70196010E9444CCA90161E0C801A1
:108A90000E94CD4381E0D4018C938D819E8101970A
:108AA000C1F20E94759F6419750986099709D8015A
:108AB000D6962D913D914D915C91D9972617370708
:108AC0004807590720F6C5010E943940F801848102
:108AD0009581A681B7810196A11DB11D84839583DF
:108AE000A683B7830E94759FF801FE966083718309
:108AF000828393838D819E8126960FB6F894DEBF84
:108B00000FBECDBFDF91CF911F910F91FF90EF90DE
:108B1000DF90CF90BF90AF909F908F907F906F909D
:108B20005F904F903F902F9008958430F1F4F801BA
:108B300084819581A681B7810196A11DB11D848391
:108B40009583A683B7830E94759F6419750986096A
:108B50009709A70196010E9444CCA90163E0C801CE
:108B60000E94CD43D4012C9298CF813051F5F80169
:108B700042AD53AD64AD75AD9E012F5F3F4FC8014F
:108B80000E941E3E382EF2E08F1390C089819A8198
:108B9000AB81BC81F80184839583A683B7830E944F
:108BA000759F6419750986099709A70196010E94A6
:108BB00044CCA90163E0C8010E94CD43D4013C929A
:108BC0006CCF823009F069CFF80142AD53AD64AD8E
:108BD00075AD9E012F5F3F4FC8010E941E3E382E8B
:108BE000F5E08F135DC0E3E0D401EC93F80182A1BE
:108BF00093A1A4A1B5A1892B8A2B8B2B41F484E8E6
:108C000093E0A0E0B0E082A393A3A4A3B5A3F801EE
:108C100086A197A1A0A5B1A5892B8A2B8B2B61F4E6
:108C200082A193A1A4A1B5A1B695A7959795879583
:108C300086A397A3A0A7B1A7F80182A593A5A4A591
:108C4000B5A5892B8A2B8B2BA9F482A193A1A4A172
:108C5000B5A1AC01BD0123E0769567955795479581
:108C60002A95D1F7841B950BA60BB70B82A793A768
:108C7000A4A7B5A7F80186A197A1A0A5B1A586A72D
:108C800097A7A0ABB1AB82A593A5A4A5B5A582ABD0
:108C900093ABA4ABB5AB81E090E09E838D83FDCE1A
:108CA00096E0891303C0D4011C92F7CEBFEF3B12AC
:108CB000F4CEF4011082F1CE1E821D821BCF0F93E1
:108CC0001F93CF938C01FC016481758181E20E9426
:108CD0005542C82F8830F8F480E591E00E94CF2AF1
:108CE0008C2F0E94BC23833131F08C2FCF911F91A8
:108CF0000F910C94E03F62E070E08C2F0E943D25C4
:108D0000F80184819581EC2FF0E0EE0FFF1FEC510C
:108D1000F44F91838083CF911F910F9108950F930A
:108D20001F93CF93DF931F921F92CDB7DEB7FC0145
:108D300024852830E0F48C0180E591E00E94CF2A60
:108D400022E030E0AE014F5F5F4F60E170E0F8017C
:108D500084850E94FD2389819A81982789279827F5
:108D60000F900F90DF91CF911F910F91089590E098
:108D700080E0F6CFEF92FF920F931F93CF93DF9394
:108D800000D01F92CDB7DEB78C017B01FB0184853B
:108D90008830A8F087ED93E0F801918380831282F8
:108DA000138214821582C8010F900F900F900F90BC
:108DB000DF91CF911F910F91FF90EF90089580E583
:108DC00091E00E94CF2A24E030E0AE014F5F5F4F78
:108DD0006CE070E0F70184850E94FD23BE016F5FA7
:108DE0007F4FC8010E944A21DECF0F931F93CF937C
:108DF000DF931F921F92CDB7DEB7FC012485283088
:108E0000E0F48C0180E591E00E94CF2A22E030E07E
:108E1000AE014F5F5F4F64E070E0F80184850E940F
:108E2000FD2389819A819827892798270F900F9091
:108E3000DF91CF911F910F91089590E080E0F6CFE0
:108E4000CF92DF92EF92FF921F93CF93DF93EC01CB
:108E50007B016A018C85883048F40E944640882353
:108E600019F08C850E94E03F88E08C87F7018281B1
:108E70009381A481B5810097A105B10551F490E0DB
:108E800080E0DF91CF911F91FF90EF90DF90CF9026
:108E900008958F3F9F4FAF4FBF4F89F370E060E061
:108EA00081E20E945542182F8C87883040F780E578
:108EB00091E00E94CF2AA7014E5F5F4F24E030E08F
:108EC0006CE070E0812F0E94C023B601812F0E94C8
:108ED000D12364E070E0812F0E943D250E94759FA0
:108EE0006B017C018C850E944640873111F18C31E9
:108EF00001F1882321F20E94759FAB01BC014C193E
:108F00005D096E097F098D859E85B0E0A0E084171C
:108F10009507A607B70738F061E070E080E090E0C1
:108F20000E94059FDFCF8C850E94EC3F88E08C87F4
:108F3000A6CF81E090E0A5CFCF93DF93EC0187ED42
:108F400093E0998388831A821B821C821D8280E5AC
:108F500091E00E94CF2ABE016E5F7F4F44E050E057
:108F60008FE090E00E944A22CE01DF91CF910895D8
:108F70000F931F93CF93DF9300D000D0CDB7DEB710
:108F8000182F092FCE0101960E949C478E811F92B7
:108F90008F938D811F928F938C811F928F938B81E2
:108FA0001F928F938AE998E09F938F931F9280E19D
:108FB0008F930F931F930E94BBC50FB6F894DEBF2B
:108FC0000FBECDBF26960FB6F894DEBF0FBECDBF45
:108FD000DF91CF911F910F9108950E94D73A882376
:108FE00031F08091F40B843329F0873381F090E0E5
:108FF00080E0089580E591E00E94CF2A85E390E02B
:109000000E94D52285FD0DC082E090E0089580E5A4
:1090100091E00E94CF2A8EE290E00E94D52280FF4C
:10902000F3CF81E090E00895EF92FF920F931F93AA
:10903000CF93DF9300D000D0CDB7DEB782E590E0CC
:109040000E94CF2A61E084E00E94999C1AE08FEF91
:109050000E9400151150D9F760E084E00E94999CAD
:1090600086E0E9E4F2E0DE01119601900D928A9526
:10907000E1F78E010F5F1F4F7E0187E0E80EF11CC4
:10908000F80181918F010E9400150E151F05C1F78F
:109090000AE01FEF17FF06C08FEF0E940015182F80
:1090A0000150C1F761E084E00E94999C8FEF0E941B
:1090B00000151093310281E0113009F080E026960E
:1090C0000FB6F894DEBF0FBECDBFDF91CF911F91D9
:1090D0000F91FF90EF9008950F931F93CF93DF931D
:1090E000EC018B0141E00E94D52C811109C040E0C8
:1090F000B801CE01DF91CF911F910F910C94D52C27
:1091000081E0DF91CF911F910F9108950E94144843
:10911000811102C090E01FC08091081A882321F0BD
:1091200083E09AE10E94933344E061E089ED99E1A4
:109130000E94153A882371F369ED79E185EE99E192
:109140000E946C48882331F383E09AE10E94C79122
:1091500091E08823F9F29093F50B88EF93E00E9459
:10916000DB1F8CEF93E00C94DB1F23E231E1F9016C
:10917000A591B491FD019491981308C0CB014CE0E6
:1091800050E0BD010E9411C581E008952E5F3F4F60
:10919000F1E127333F0759F780E00895DF92EF921E
:1091A000FF920F931F93CF93DF93CDB7DEB72C972A
:1091B0000FB6F894DEBF0FBECDBFE62EF12CFC013A
:1091C000EE0DFF1DE281EF3FF9F02E2F217030E010
:1091D000EE7FE20FF32FF11DEE0FFF1FEE0FFF1FCB
:1091E000E352F84F60817181828193812C960FB692
:1091F000F894DEBF0FBECDBFDF91CF911F910F91CD
:10920000FF90EF90DF900895D62E8C01FC019081A5
:10921000ECEEE90FEA3208F053C0F0E08827EC5E8C
:10922000F64B8F4F0C94DBCC6D496D496D493E492F
:109230005649604960496049604960495849584900
:10924000604960495A4960496049604960496049DC
:109250005C495C493E4956496049604960496049FA
:1092600060496049604958496049604960496049BE
:10927000604960496049604956495E4927E030E0ED
:1092800002C035952795DA94E2F760E070E0CB01F3
:1092900020FFACCFEE0CFF1CEE0CFF1C0E0D1F1DB3
:1092A000F8016681778180859185A0CF28E0E7CF9E
:1092B00023E0E5CF26E0E3CF2CE0E1CF2EE0DFCFC7
:1092C000963448F0BE016F5F7F4F892F0E94B548EA
:1092D0002C818111D4CF20E0D2CF22E0D0CF2F92A9
:1092E0003F924F925F926F927F928F929F92AF9236
:1092F000BF92CF92DF92EF92FF920F931F93CF9383
:10930000DF93CDB7DEB7CA55D1090FB6F894DEBFEB
:109310000FBECDBF27969FAF8EAF279760967FAFCA
:109320006EAF609762965FAF4EAF62971901DC0136
:109330008C9174E0872EE6E09E2E8F3321F458E066
:10934000852E6CE0962E2796EEADFFAD2797C68052
:10935000D7808091FC0D9091FD0DC80ED91E96010D
:109360002450344F6901A284B38486859785880F81
:10937000991F880F991FAC014F53594F2D965FAF1E
:109380004EAF2D9742882E964FAE2E9721EA3FE0A2
:1093900029963FAF2EAF2997F12CE12C512C682C48
:1093A000712C6B967FAE6EAE6B9793012F5F3F4F24
:1093B0002B963FAF2EAF2B97692C712C64967FAE06
:1093C0006EAE6497EA14FB0410F00C948352299655
:1093D0002EAD3FAD29972150310929963FAF2EAFD1
:1093E0002997232B11F40C94685287010F5F1F4FAC
:1093F000D601AE0DBF1DEC91E150E73210F00C9498
:109400008352F0E08827E85FF54B8F4F0C94DBCC5C
:109410002F4A614A874A054B724BA54BD54B084CE6
:10942000494C894CA84CF34C354D774DB94DFB4D0B
:109430003D4E6D4EF84EAE4E1E4F2D4F4C4F694F68
:109440009C4FD04F2D5032506A508A50C850F45023
:109450000B51395164519351AE51F251485235E09C
:10946000E30EF11CAE14BF0410F40C948352129658
:109470009C91129713964C91139750E070E060E026
:10948000BA0155274427592BF601E00FF11F8081BF
:10949000482B14968C91782B8FE0851510F40C9442
:1094A000835294E0599EF0011124A1E0B0E0AC0F8A
:1094B000BD1FEA0FFB1F40835183628373838701C3
:1094C00024C00A151B0510F00C948352BFE0B5159B
:1094D00010F40C94835224E0529EF001112441E0D8
:1094E00050E04C0F5D1FE40FF51FD601A00FB11F18
:1094F0008C91082E000C990BAA0BBB0B80839183D7
:10950000A283B38387010E5F1F4F5394D2C00A1505
:109510001B0508F0F8C752E0E50EF11CF601E00F5C
:10952000F11F608127968EAD9FAD2797643060F064
:10953000681500F562966EAC7FAC62976114710499
:1095400009F45FC06450C3010E94CE480FE0702E42
:10955000751408F4D8C724E0529EF001112441E0AC
:1095600050E04C0F5D1FE40FF51F60837183828311
:109570009383A5CFE62FF0E02B966EAC7FAC2B97B4
:109580006E167F068CF06B966EAC7FAC6B97E6190F
:10959000F709EE0FFF1FEE0FFF1F60966EAC7FAC5A
:1095A0006097E60DF71D13C06915B0F4211431045E
:1095B00041F16B966EAC7FAC6B97E619F709E25000
:1095C000F04CEE0FFF1FEE0FFF1FE20DF31D608149
:1095D000718182819381BACF69192E967FAC2E97C3
:1095E000671578F464966EAC7FAC6497E619F7095A
:1095F000EE0FFF1FEE0FFF1F2D966EAC7FAC2D9769
:10960000D0CF60E070E0CB01A1CF0A151B0508F0B8
:109610007AC752E0E50EF11CF601E00FF11F208140
:10962000552009F470C75A9464E0569EF001112445
:1096300081E090E08C0F9D1FE80FF91F4081518160
:1096400062817381E22FF0E02B966EAC7FAC2B979A
:109650002815A0F06E167F06A4F06B966EAC7FAC5A
:109660006B97E619F709EE0FFF1FEE0FFF1F6096CD
:109670006EAC7FAC6097E60DF71D16C06E167F06C8
:10968000D4F42915D0F42114310491F06B966EAC0A
:109690007FAC6B97E619F709E250F04CEE0FFF1F15
:1096A000EE0FFF1FE20DF31D40835183628373832E
:1096B0008701780187CE2915D8F329192E967FAC1A
:1096C0002E972715A8F764966EAC7FAC6497E619C1
:1096D000F709EE0FFF1FEE0FFF1F2D966EAC7FAC4C
:1096E0002D97C9CF552009F40EC73FEF350D24E063
:1096F000329FF001112441E050E04C0F5D1FE40F58
:10970000F51F4081518162817381332309F4FBC6C7
:109710002EEF250D84E0289FF0011124A1E0B0E098
:10972000AC0FBD1FEA0FFB1F80819181A281B38125
:10973000203108F0E8C6480F591F6A1F7B1F40837D
:10974000518362837383532EB4CF552009F4DBC653
:109750002FEF250DB4E02B9FF001112466246394B4
:10976000712C6C0E7D1EE60DF71D408151816281CA
:109770007381222309F4C7C63EEF350D84E0389F7C
:10978000F0011124E60DF71D80819181A281B38142
:10979000303108F0B8C6841B950BA60BB70B80833D
:1097A0009183A283B383522E84CF552009F4ABC694
:1097B000FF24FA94F50C94E0F99EF0011124A1E045
:1097C000B0E0AC0FBD1FEA0FFB1F20813181428149
:1097D0005381FF2009F497C6AEEFA50DB4E0AB9F0F
:1097E000F001112444244394512C4C0E5D1EE40DD1
:1097F000F51D6081718182819381A03108F083C65B
:109800000E9434CC60837183828393835F2C51CF19
:10981000552009F478C644244A94450C24E0429E1D
:10982000F001112441E050E04C0F5D1FE40FF51FE3
:109830002081318142815381442009F464C6AEEF16
:10984000A50D64E0A69F70011124E1E0F0E0EC0FAB
:10985000FD1FEE0DFF1D6081718182819381A0311A
:1098600008F051C6211531054105510571F00E94DE
:1098700066CCE1E0F0E0EC0FFD1FEE0DFF1D208354
:10988000318342835383542C14CF20E030E0A9016C
:10989000F0CF552009F437C644244A94450C74E0AF
:1098A000479EF001112481E090E08C0F9D1FE80F8E
:1098B000F91F2081318142815381442009F423C65C
:1098C000AEEFA50D94E0A99F70011124E1E0F0E056
:1098D000EC0FFD1FEE0DFF1D608171818281938170
:1098E000A03108F010C6211531054105510569F078
:1098F0000E9466CCE1E0F0E0EC0FFD1FEE0DFF1DD5
:109900006083718382839383BECF60E070E0CB017C
:10991000F1CF552009F4F7C52FEF250DA4E02A9FBC
:10992000F001112466246394712C6C0E7D1EE60DEB
:10993000F71D80819181A281B381203108F0E3C5B8
:10994000B095A095909581959F4FAF4FBF4F71C235
:10995000552009F4D8C52FEF250D34E0239FF001E1
:10996000112441E050E04C0F5D1FE40FF51F6081B2
:1099700071818281938169966CAF7DAF8EAF9FAF0D
:109980006997222309F4BFC53EEF350D74E0379F78
:10999000F0011124E40FF51F80819181A281B38130
:1099A00025968CAF9DAFAEAFBFAF2597303108F095
:1099B000AAC581E090E0A0E0B0E069964CAC5DAC57
:1099C0006EAC7FAC699725964CAD5DAD6EAD7FAD4D
:1099D0002597441655066606770609F4E0CE80E022
:1099E00090E0DC01DCCE552009F48DC52FEF250D6C
:1099F00054E0259FF001112461E070E06C0F7D1FA1
:109A0000E60FF71F80819181A281B38169968CAFA7
:109A10009DAFAEAFBFAF6997222309F474C53EEF87
:109A2000350D94E0399FF0011124E60FF71F4080B7
:109A300051806280738025964CAE5DAE6EAE7FAE77
:109A40002597303108F05FC581E090E0A0E0B0E0FC
:109A500069964CAD5DAD6EAD7FAD6997441555050A
:109A60006605770509F09BCEBACF552009F44BC5A2
:109A70002FEF250D54E0259FF001112461E070E0E7
:109A80006C0F7D1FE60FF71F80819181A281B3814A
:109A900069968CAF9DAFAEAFBFAF6997222309F433
:109AA00032C53EEF350D94E0399FF0011124E60FE9
:109AB000F71F408051806280738025964CAE5DAE6A
:109AC0006EAE7FAE2597303108F01DC581E090E085
:109AD000A0E0B0E069964CAD5DAD6EAD7FAD69972D
:109AE00044165506660677060CF459CE78CF5520F5
:109AF00009F409C52FEF250D54E0259FF00111242D
:109B000061E070E06C0F7D1FE60FF71F808191818F
:109B1000A281B38169968CAF9DAFAEAFBFAF69979D
:109B2000222309F4F0C43EEF350D94E0399FF00193
:109B30001124E60FF71F40805180628073802596C4
:109B40004CAE5DAE6EAE7FAE2597303108F0DBC413
:109B500081E090E0A0E0B0E069964CAD5DAD6EAD07
:109B60007FAD699744155505660577050CF017CE4E
:109B700036CF552009F4C7C42FEF250D54E0259F9B
:109B8000F001112461E070E06C0F7D1FE60FF71FFC
:109B900080819181A281B38169968CAF9DAFAEAF78
:109BA000BFAF6997222309F4AEC43EEF350D94E0B0
:109BB000399FF0011124E60FF71F40805180628029
:109BC000738025964CAE5DAE6EAE7FAE259730317C
:109BD00008F099C481E090E0A0E0B0E069964CAD57
:109BE0005DAD6EAD7FAD699744155505660577058A
:109BF0000CF4D5CDF4CE552009F485C42FEF250DF6
:109C000054E0259FF001112461E070E06C0F7D1F8E
:109C1000E60FF71F80819181A281B38169968CAF95
:109C20009DAFAEAFBFAF6997222309F46CC43EEF7E
:109C3000350D94E0399FF0011124E60FF71F4080A5
:109C400051806280738025964CAE5DAE6EAE7FAE65
:109C50002597303108F057C481E090E0A0E0B0E0F3
:109C600069964CAD5DAD6EAD7FAD699744165506F6
:109C7000660677060CF093CDB2CE552009F443C4A6
:109C80002FEF250D54E0259FF001112461E070E0D5
:109C90006C0F7D1FE60FF71F408151816281738138
:109CA000222309F430C43EEF350D84E0389F700163
:109CB0001124E1E0F0E0EC0FFD1FEE0DFF1D8081AF
:109CC0009181A281B381303108F01DC431E0892B2C
:109CD0008A2B8B2B71F530E030C0552009F413C46A
:109CE0002FEF250DB4E02B9FF0011124662463941F
:109CF000712C6C0E7D1EE60DF71D40815181628135
:109D00007381222309F4FFC33EEF350D84E0389FB1
:109D100070011124F301EE0DFF1D80819181A2815C
:109D2000B381303108F0EFC331E0892B8A2B8B2BC4
:109D300021F4452B462B472B71F281E090E08C0FEC
:109D40009D1F8E0D9F1D432F50E070E060E0DC01F1
:109D50004D935D936D937C93139725CD552009F416
:109D6000D2C3FF24FA94F50CB4E0FB9EF001112459
:109D700066246394712C6C0E7D1EE60DF71D4081E8
:109D8000518162817381FF2009F4BDC35A945A94B2
:109D900024E0529EF0011124E60DF71D808191818F
:109DA000A281B38125968CAF9DAFAEAFBFAF259793
:109DB0009FE0951508F4A7C331E025964CAC5DAC47
:109DC0006EAC7FAC259745284628472809F430E03B
:109DD00021E0452B462B472B09F420E0432F422757
:109DE00050E070E060E040835183628373830ECD66
:109DF000552009F488C38FEF850D24E0829FF00180
:109E0000112441E050E04C0F5D1FE40FF51F40812D
:109E1000518162817381803108F075C381E090E0E7
:109E2000A0E0B0E0452B462B472B19F080E090E0F6
:109E3000DC0180839183A283B3833BCC53E0E50EA6
:109E4000F11CAE14BF0408F45EC312968C91F601A7
:109E5000E00FF11F0081182F2CCC63E0E60EF11CFF
:109E6000AE14BF0408F44FC3552009F44CC35A94F0
:109E700074E0579EF001112481E090E08C0F9D1F4B
:109E8000E80FF91F4081518162817381452B462B78
:109E9000472B09F00DCCD9CF552009F434C38FEFEF
:109EA000850D94E0899FF0011124A1E0B0E0AC0F92
:109EB000BD1FEA0FFB1F5081418132812381803118
:109EC00008F021C3852F942FA32FB22FB7FFB1CF56
:109ED00037CD552009F417C32FEF250DB4E02B9F84
:109EE000F001112466246394712C6C0E7D1EE60D26
:109EF000F71D4080E180F2803381222309F403C3FF
:109F00008EEF850D44E0849FF0011124E60DF71DCE
:109F10004081518162817381803108F0F4C2842DC7
:109F20009E2DAF2DB32F481759076A077B070CF0FA
:109F300036CCDB01CA0133CC552009F4E4C22FEF43
:109F4000250D54E0259FF001112461E070E06C0FB5
:109F50007D1FE60FF71F4080E180F28033812223CE
:109F600009F4D1C28EEF850D74E0879FF0011124B2
:109F7000A1E0B0E0AC0FBD1FEA0FFB1F4081518193
:109F800062817381803108F0BEC2842D9E2DAF2D79
:109F9000B32F84179507A607B7070CF000CCC9CFDD
:109FA000552009F4B0C28FEF850DB4E08B9FF0010E
:109FB000112466246394712C6C0E7D1EE60DF71D32
:109FC000F08061804280E380882309F49CC2EEEF38
:109FD0007E2E750C24E0729EF001112441E050E0C9
:109FE0004C0F5D1FE40FF51F408151816281738129
:109FF000772009F488C28DEF580E94E0599E9001A5
:10A000001124E1E0F0E0EC0FFD1FE20FF31F80816F
:10A010009181A281B381EFE0E51508F474C248177D
:10A0200059076A077B075CF08F2D962DA42DBE2D56
:10A03000481759076A077B0714F4DB01CA01442457
:10A040004394512C4C0E5D1E240D351DF901808367
:10A050009183A283B383572C2CCB552009F453C290
:10A060005A9427CB0A151B0508F04DC2F2E0EF0EFB
:10A07000F11CF601E00FF11F20816FE0462E451420
:10A0800008F441C227FD42C0E22FF0E053E0F5950D
:10A09000E7955A95E1F7E353F84F808190E02770F8
:10A0A00002C0959587952A95E2F781709927092E28
:10A0B000000CAA0BBB0B24E0529EF001112441E0DE
:10A0C00050E04C0F5D1FE40FF51F80839183A28346
:10A0D000B383F5C90A151B0508F015C252E0E50E59
:10A0E000F11CF601E00FF11FE0816FE0651508F447
:10A0F0000AC2E03258F474E0E79FF0011124E35BF8
:10A10000F84F80819181A281B381D5CF80E090E02A
:10A11000DC01D1CF0A151B0508F0F5C152E0E50EB0
:10A12000F11CF601E00FF11F8081552009F4EBC10D
:10A130005A9487FDBDCAE82FF0E033E0F595E79526
:10A140003A95E1F7E353F84F2081877061E070E0C2
:10A1500002C0660F771F8A95E2F7CB0174E0579E25
:10A16000D001112466246394712C6C0E7D1EA60D03
:10A17000B71D4D915D916D917C91452B462B472BE1
:10A1800019F0822B808394CA80952823208390CA5B
:10A190000A151B0508F0B7C122E0E20EF11CF6011A
:10A1A000E00FF11FE081552009F4ADC15A94E0326F
:10A1B00008F07ECA34E0E39FF0011124E35BF84F1E
:10A1C00044E0549ED001112461E070E06C0F7D1FCB
:10A1D000A60FB71F8D919D910D90BC91A02D8083EE
:10A1E0009183A283B38364CA7FE0751508F48BC1A1
:10A1F0000E94759FA4E05A9EF00111246624639486
:10A20000712C6C0E7D1EE60DF71D9F7760837183A8
:10A21000828393837AC9552009F475C13FEF350DC8
:10A2200024E0329FF001112441E050E04C0F5D1F0B
:10A23000E40FF51F4081518162817381332309F45A
:10A2400062C12EEF250D84E0289FF0011124A1E0CA
:10A25000B0E0AC0FBD1FEA0FFB1F80819181A2818E
:10A26000B381203108F04FC1482359236A237B234F
:10A2700066CA552009F447C13FEF350DB4E03B9F56
:10A28000F001112466246394712C6C0E7D1EE60D82
:10A29000F71D4081518162817381332309F433C1F9
:10A2A0002EEF250D84E0289FF0011124E60DF71D07
:10A2B00080819181A281B381203108F024C1482B93
:10A2C000592B6A2B7B2B3BCA552009F41CC13FEF4D
:10A2D000350D94E0399FF0011124A1E0B0E0AC0FFE
:10A2E000BD1FEA0FFB1F40815181628173813323BF
:10A2F00009F409C12EEF250DB4E02B9FF0011124C4
:10A3000044244394512C4C0E5D1EE40DF51D8081B8
:10A310009181A281B381203108F0F5C048275927E7
:10A320006A277B270CCA552009F4EDC02FEF250DB5
:10A3300034E0239FF001112441E050E04C0F5D1FF9
:10A34000E40FF51F80819181A281B381203108F053
:10A35000DAC080959095A095B0956BCD552009F405
:10A36000D2C02FEF250D54E0259FF001112461E0AC
:10A3700070E06C0F7D1FE60FF71F408151816281F5
:10A380007381222309F4BFC03EEF350D84E0389F6E
:10A3900070011124E1E0F0E0EC0FFD1FEE0DFF1D58
:10A3A0004080518062807380303108F0ACC0403210
:10A3B00051056105710590F4D301C20104C0880FF5
:10A3C000991FAA1FBB1F4A95D2F7AC01BD0181E0BE
:10A3D00090E08C0F9D1F8E0D9F1DB9CC40E050E08A
:10A3E000BA01F5CF552009F48EC02FEF250DB4E04A
:10A3F0002B9FF001112466246394712C6C0E7D1E3A
:10A40000E60DF71D408151816281738125964CAF25
:10A410005DAF6EAF7FAF2597222309F474C03EEF86
:10A42000350D54E0359F70011124F301EE0DFF1D31
:10A4300080819181A281B381303108F064C025967A
:10A440004CAD5DAD6EAD7FAD25972C013D01403229
:10A45000510561057105B8F422960FAC229704C02E
:10A4600075946794579447940A94D2F781E090E0EA
:10A470008C0F9D1F8E0D9F1DDC014D925D926D9284
:10A480007C92139790C9770C4408542C3201EECF7C
:10A490005520C9F18FEF850DB4E08B9FF001112499
:10A4A00066246394712C6C0E7D1EE60DF71D4081B1
:10A4B0005181628173818F3030F524E0529EF0012A
:10A4C0001124E60DF71D40835183628373831DC8F9
:10A4D00080E0C65ADF4F0FB6F894DEBF0FBECDBF87
:10A4E000DF91CF911F910F91FF90EF90DF90CF9070
:10A4F000BF90AF909F908F907F906F905F904F90A4
:10A500003F902F90089581E0E4CF2F923F924F9299
:10A510005F926F927F928F929F92AF92BF92CF92F3
:10A52000DF92EF92FF920F931F93CF93DF93CDB7FC
:10A53000DEB76E970FB6F894DEBF0FBECDBF209189
:10A54000BF063091C006232B09F408C29B838A837F
:10A5500060E00E94CE486D877E878F87988B63E08E
:10A560008A819B810E94CE4810E097FD12C063E073
:10A570008A819B810E94CE481FEF6F3F7105810544
:10A58000910509F034F463E08A819B810E94CE48F2
:10A59000162F62E08A819B810E94CE4800E097FDE1
:10A5A00012C062E08A819B810E94CE480FEF6F3F0C
:10A5B00071058105910509F034F462E08A819B817F
:10A5C0000E94CE48062F61E08A819B810E94CE487E
:10A5D00097FD04C161E08A819B810E94CE486F3F54
:10A5E00071058105910511F00CF0FAC061E08A81D6
:10A5F0009B810E94CE48812F90E0B0E0A0E0902B9C
:10A600004C015D01A62A2090BF063090C006D10102
:10A6100012960D90BC91A02DBE8BAD8BC501AA27C3
:10A62000BB27898B9A86988F8F8BB091BE06BA8B89
:10A630001A821B821C821D828C8A0A811B81ED89F1
:10A64000FE890E171F0708F086C12D853E854F85B0
:10A65000588957FD0AC06A817B818C819D812617AC
:10A6600037074807590709F0D1C0D10112968D91DB
:10A670009C9113970817190708F089C11E96BC9181
:10A68000B887F101F385F987D1011896BC91BE8F87
:10A69000F1010184F285E02DFF83EE83D1011C9648
:10A6A0004C911C9750E01D962C9130E0F885EF2FCF
:10A6B000F0E0FC87EB8768857985C8016713B3C034
:10A6C000880F991F800F911FAE81BF818A0F9B1F3A
:10A6D000E80FF91F6081480F591FFA01F081FB8BC9
:10A6E000820F931FDC01BC91B983EE8DEE2309F438
:10A6F00079C04E2E512C712C612C70E0762F66277C
:10A70000072E000C880B990BA30192010E9444CCE8
:10A710007901DD24CC24FB896F2F70E0762F66272A
:10A72000072E000C880B990BA30192010E9444CCC8
:10A73000542F432F322F2227C22AD32AE42AF52A64
:10A740002981622F70E0762F6627072E000C880B78
:10A75000990BA30192010E9444CCC22AD32AE42A75
:10A76000F52A8C149D04AE04BF0409F44FC06E8D0D
:10A770004F89588D649FC001659F900D1124292F2A
:10A780007A85679FC0011124392F689DC00111246B
:10A79000492F888599858913CFC0C801880F991FD3
:10A7A000800F911FAE81BF818A0F9B1FD1011B9625
:10A7B000EC911B97E80FF92FF11D20831C96EC916B
:10A7C0001C97E80FF92FF11D30831D962C91820FF5
:10A7D000911DFC014083F1E0FA8B18C060E00BCFC3
:10A7E0006FEF09CF3B89832F90E0B0E0A0E0BA2F54
:10A7F000A92F982F8827A62B4981842B4C893A852D
:10A80000298988169906AA06BB0639F62A813B8152
:10A810004C815D812F5F3F4F4F4F5F4F2A833B83BA
:10A820004C835D830ACF880F991F880F991F6E8113
:10A830007F81860F971FEB85FC85E80FF91F6081EC
:10A84000FC017985E70FF11DA081AD8F480F591FDD
:10A85000FA01F081F983820F931FDC01BC91BB8B5D
:10A86000EE8DEE2309F452C04E2E512C712C612C2A
:10A8700070E0762F6627072E000C880B990BA3013A
:10A8800092010E9444CC922F882777276627698FF0
:10A890007A8F8B8F9C8F8D8D682F70E0762F662737
:10A8A000072E000C880B990BA30192010E9444CC47
:10A8B0007901DD24CC24298D3A8D4B8D5C8DC22A03
:10A8C000D32AE42AF52A3B89632F70E0762F662786
:10A8D000072E000C880B990BA30192010E9444CC17
:10A8E000C22AD32AE42AF52A4981642F70E0762F00
:10A8F0006627072E000C880B990BA30192010E947A
:10A9000044CC542F432F322F222727CF5D8D852F04
:10A9100090E0B0E0A0E0DC0199278827B62B6B8996
:10A92000862B7981972B4C893A8529898816990637
:10A93000AA06BB0609F46ACFC801880F991F880FC1
:10A94000991FEE81FF818E0F9F1FEB85FC85E80F1D
:10A95000F91F10822BCF3A893093BE066E960FB640
:10A96000F894DEBF0FBECDBFDF91CF911F910F9145
:10A97000FF90EF90DF90CF90BF90AF909F908F901F
:10A980007F906F905F904F903F902F90089581142B
:10A990009104A104B10409F439CF1DCF5F926F92E5
:10A9A0007F928F929F92AF92BF92CF92DF92EF925F
:10A9B000FF920F931F93CF93DF936091BF06709127
:10A9C000C006672B09F499C049015A01EC0160E007
:10A9D0000E94CE48C12CD12C760197FD14C060E0B6
:10A9E000CE010E94CE48C12CD12C7601CA946F3F73
:10A9F00071058105910509F034F460E0CE010E94F3
:10AA0000CE486B017C018A899B89AC89BD898C15F4
:10AA10009D05AE05BF0509F448C00091BF06109121
:10AA2000C0068C2D552453945C0CD80118962C919B
:10AA30001897521699F119966D907C90215070E0FC
:10AA400060E061F08F3FF1F430E050E040E06FEF04
:10AA50007FEF80E090E00E9466CCB901F301D8015D
:10AA600014964D915C91CF0186199709841795072B
:10AA700098F44081469FC001479F900D1124908318
:10AA80003196EDCF852D90E0982F88270197622F82
:10AA900070E00E94B3CCE2CFF8015086CA8ADB8A0C
:10AAA000EC8AFD8A81E08093BE068091BE068823F1
:10AAB00021F18091BA069091BB06A091BC06B0919D
:10AAC000BD06A5019401281B390B4A0B5B0BDA016B
:10AAD000C9014497A105B10580F08091BF0690910E
:10AAE000C0060E948F161092BE068092BA069092FF
:10AAF000BB06A092BC06B092BD06DF91CF911F911C
:10AB00000F91FF90EF90DF90CF90BF90AF909F900C
:10AB10008F907F906F905F9008954F925F926F92A9
:10AB20007F928F929F92AF92BF92CF92DF92EF92DD
:10AB3000FF920F931F93CF938C0160E00E94CE4849
:10AB4000672B682B692B81F5C12CD12C7601F8017C
:10AB500082899389A489B5898C159D05AE05BF05A9
:10AB600099F08685C114D104E104F10409F4F6C218
:10AB700090911A029817E1F19F3F09F4EFC0F80194
:10AB8000C28AD38AE48AF58ACF911F910F91FF90F0
:10AB9000EF90DF90CF90BF90AF909F908F907F907D
:10ABA0006F905F904F90089561E0C8010E94CE4879
:10ABB00097FDCACF61E0C8010E94CE48C0E2CC2E0A
:10ABC000CEE4DC2EE12CF12C61327E44810591052E
:10ABD0000CF0BDCF61E0C8010E94CE486B017C0142
:10ABE0008FE1C816D104E104F1040CF4ADCFAFCF6E
:10ABF000E4E3F5E1C491C7FDC2CF61E00E94C79CC8
:10AC0000CC2319F0C23009F0F2C146015701AA2441
:10AC1000BB2460E072E18AE790E0A50194010E9404
:10AC200066CC29013A01BA01A901415051096109D3
:10AC300071094F3F51056105710509F00CF4BCC164
:10AC400060E472E48FE090E0A50194010E9466CC7C
:10AC5000BA01A9014150510961097109C23009F0D5
:10AC600068C182E04F3F51056105710509F00CF4A0
:10AC700063C060E970ED83E090E0A50194010E945B
:10AC800066CCBA01A901415051096109710983E0FB
:10AC90004F3F51056105710509F00CF44DC068E4A2
:10ACA00078EE81E090E0A50194010E9466CCBA01A3
:10ACB000A901415051096109710984E04F3F5105D3
:10ACC00061057105C9F1C4F164E274EF80E090E0C0
:10ACD000A50194010E9466CCBA01A9014150510915
:10ACE0006109710985E04F3F51056105710521F149
:10ACF00018F162E17AE780E090E0A50194010E94FA
:10AD000066CCBA01A901415051096109710986E077
:10AD10004F3F51056105710579F070F0B301A20153
:10AD20008AE075956795579547958A95D1F7415073
:10AD300051096109710987E09091B100987F892BD1
:10AD40008093B100C23009F4F6C10CF0EDC1CC2300
:10AD500009F439C1C13009F012CF79C180931A02C8
:10AD6000E4E3F5E1C4919C2FCF3F09F408CFC23052
:10AD700009F474C058F4CC2399F1C13009F44CC0E3
:10AD800097FDFDCE61E00E94C79C3CCFC43009F422
:10AD9000AEC008F489C0C53099F710922001109216
:10ADA00021019091210198609093210190912101BE
:10ADB000916090932101282F30E0F901E355F14E85
:10ADC000E491F0E0EE0FFF1FE758F14E45915491EA
:10ADD000F901ED50F14EE491E093A106C5E00DCFED
:10ADE00014BC15BC94B5926094BD95B5916095BDA9
:10ADF000282F30E0F901E355F14EE491F0E0EE0F39
:10AE0000FF1FE758F14E45915491F901ED50F14E75
:10AE1000E491E093A506F1CE10928000109281009B
:10AE20009091810098609093810090918100916051
:10AE300090938100282F30E0F901E355F14EE49121
:10AE4000F0E0EE0FFF1FE758F14E45915491F901E4
:10AE5000ED50F14EE491E093A406CFCE1092B000F5
:10AE60001092B1009091B00092609093B0009091D8
:10AE7000B10091609093B100282F30E0F901E355C3
:10AE8000F14EE491F0E0EE0FFF1FE758F14E4591CF
:10AE900054915093840B4093830BF901ED50F14E84
:10AEA000E491E093850BA9CE10929000109291004E
:10AEB0009091910098609093910090919100916091
:10AEC00090939100282F30E0F901E355F14EE49181
:10AED000F0E0EE0FFF1FE758F14E45915491F90154
:10AEE000ED50F14EE491E093A306C3E086CE1092BC
:10AEF000A0001092A1009091A10098609093A100F1
:10AF00009091A10091609093A100282F30E0F90169
:10AF1000E355F14EE491F0E0EE0FFF1FE758F14EDC
:10AF200045915491F901ED50F14EE491E093A20660
:10AF300064CE4F3F51056105710509F00CF455C011
:10AF400068E478EE81E090E0A50194010E9466CC6F
:10AF5000BA01A901415051096109710984E0C11187
:10AF6000C2CE83E04F3F51056105710541F13CF1CF
:10AF700062E17AE780E090E0A50194010E9466CC4E
:10AF8000BA01A901415051096109710984E04F3F9B
:10AF900051056105710599F090F0B301A2019AE0A5
:10AFA00075956795579547959A95D1F741505109F1
:10AFB0006109710985E003C081E0C111BDCE95B57D
:10AFC000987F892B85BD47BD8FEF9FEFDC01809374
:10AFD000B6069093B706A093B806B093B9068091D1
:10AFE0006E00826080936E00CACD82E0E6CF46019B
:10AFF0005701AA24BB2460E072E18AE790E0A50132
:10B0000094010E9466CCBA01A9014150510961091D
:10B01000710991E041155105F1E06F0771057CF070
:10B0200068E478EE81E090E0A50194010E9466CC8E
:10B03000BA01A901415051096109710993E0C13078
:10B04000D9F480918100887F892B8093810050936F
:10B050008900409388008FEF9FEFDC018093B20658
:10B060009093B306A093B406B093B50680916F0099
:10B07000826080936F0083CDC330D9F480919100BA
:10B08000887F892B8093910050939900409398007A
:10B090008FEF9FEFDC018093AE069093AF06A093F5
:10B0A000B006B093B1068091710082608093710008
:10B0B00066CDC430D9F48091A100887F892B80931C
:10B0C000A1005093A9004093A8008FEF9FEFDC01EF
:10B0D0008093AA069093AB06A093AC06B093AD06FE
:10B0E0008091720082608093720049CDC53009F072
:10B0F00029CE80912101887F892B80932101509353
:10B100002901409328018FEF9FEFDC018093A60671
:10B110009093A706A093A806B093A9068091730008
:10B120008260809373002BCDC43059F20CF4ACCF05
:10B13000C53029F324CD4093B3008FEF9FEFDC019E
:10B140008093860B9093870BA093880BB093890B09
:10B150008091700082608093700011CD0E9495A450
:10B160000ECD3F924F925F926F927F928F929F92FD
:10B17000AF92BF92CF92DF92EF92FF920F931F9305
:10B18000CF93DF9300D01F92CDB7DEB79C012E5531
:10B190003E403595279533EA239F202D1124309189
:10B1A0001002321739F03091150232139AC0772409
:10B1B000739401C0712C8B019C838B8362E00E948D
:10B1C000CE48672B682B692B31F0D8011D921D9258
:10B1D0001D921C92139761E08B819C810E94CE4846
:10B1E0006B017C01EB81FC8186859785A089B18903
:10B1F000B5FF8DC063E0CF010E94CE48D8018D908D
:10B200009D90AD90BC903324339486169706A80683
:10B21000B9064CF021E0681579058A059B050CF00C
:10B2200020E0322E3194F7FE08C0F094E094D094E0
:10B23000C094C11CD11CE11CF11C60E08B819C817D
:10B240000E94CE48672B682B692B09F472C033200B
:10B2500009F46FC0C114D104E104F10409F469C018
:10B26000F80114821582168217820E94209D4B01DC
:10B270005C01272D30E03A83298385E0829FF0012D
:10B28000839FF00D1124E45FFD4F80819181A281A5
:10B29000B38124013501481A590A6A0A7B0AF7FE6C
:10B2A00008C0F094E094D094C094C11CD11CE11C5F
:10B2B000F11CA7019601293883E1380741055105A2
:10B2C00024F028E833E140E050E060E472E48FE0ED
:10B2D00090E00E9444CC421653066406750608F0BE
:10B2E00052C00F900F900F900F90DF91CF911F9150
:10B2F0000F91FF90EF90DF90CF90BF90AF909F9015
:10B300008F907F906F905F904F903F90089533247F
:10B3100033941C141D041E041F040CF48ECF81E012
:10B32000C114D104E104F10409F480E0382E319411
:10B3300084CF81E090E0A0E0B0E0F80184839583C1
:10B34000A683B783EB81FC8186859785A089B18927
:10B35000B4FDC7CF60E0CF010F900F900F900F901A
:10B36000DF91CF911F910F91FF90EF90DF90CF90E1
:10B37000BF90AF909F908F907F906F905F904F9015
:10B380003F900C947D1785E029813A81829FF001DE
:10B39000839FF00D1124E45FFD4F80829182A28291
:10B3A000B382F80180819181A281B381432D032C66
:10B3B000000C550B660B770B840F951FA61FB71F4C
:10B3C00080839183A283B383EB81FC8186859785FB
:10B3D000A089B189B4FF36C061E013140CF060E0BD
:10B3E00027E0B595A795979587952A95D1F78F77FB
:10B3F0000E94999CAB81BC811E968C9161E08F77F5
:10B400000E94999C87E090E00197F1F7EB81FC8125
:10B41000868560E08F770F900F900F900F90DF91EF
:10B42000CF911F910F91FF90EF90DF90CF90BF9041
:10B43000AF909F908F907F906F905F904F903F90D4
:10B440000C94999CAB81BC8111968C911197E32D42
:10B45000E80FE770887F8E2B11968C931197F0E0A0
:10B46000E856FD4F6081CD0177CF2F923F924F92EA
:10B470005F926F927F928F929F92AF92BF92CF9284
:10B48000DF92EF92FF920F931F93CF93DF9300D041
:10B4900000D01F92CDB7DEB7FC01EE55FE40DF01B4
:10B4A000B595A795E3EAAE9FB02D1124E8E0F2E050
:10B4B00000E0A191AB13B7C029013A011B019B83A6
:10B4C0008A8362E00E94CE4821E02983672B682BA3
:10B4D000692B09F4198260E08A819B810E94CE4821
:10B4E000C12CD12C760197FD1DC060E08A819B8123
:10B4F0000E94CE4820E5C22E26E4D22EE12CF12C6B
:10B50000653B7105810591056CF460E08A819B8142
:10B510000E94CE489B01AC01A4E6B0E00E9485CC1D
:10B520006B017C0161E08A819B810E94CE486A8325
:10B530007B838C839D8310E0A801440F551F440F2B
:10B54000551F5F834E83FA01E357F94F8081918144
:10B55000A281B3814082518262827382FA01E358F0
:10B56000F94F80809180A280B380B7FC0AC02A8105
:10B570003B814C815D8112161306140615060CF4EE
:10B580006FC0EE81FF81E358F94FC082D182E28221
:10B59000F3824E815F814358594F5B834A83FA019E
:10B5A0002081318142815381A0EABFE00E9485CC95
:10B5B00020E536E440E050E00E9444CC28513C4F66
:10B5C000F894F801EE0FFF1FEB58F94F31832083F9
:10B5D000F801E356F94F298120837894EA81FB81B1
:10B5E00080809180A280B380C501B40124E630E060
:10B5F00040E050E00E9466CCF10120833183428319
:10B60000538381E090E0A0E0B0E08C149D04AE0490
:10B61000BF0419F080E090E0DC01F10184839583A0
:10B62000A683B78304C00F5F043009F042CF27968A
:10B630000FB6F894DEBF0FBECDBFDF91CF911F9143
:10B640000F91FF90EF90DF90CF90BF90AF909F90C1
:10B650008F907F906F905F904F903F902F900895C4
:10B66000A3019201281B390B4A0B5B0BA4E6B0E047
:10B670000E9485CC9B01AC016A817B818C819D817C
:10B680000E9434CC28EE33E040E050E00E9444CCED
:10B6900081E090E0A0E0B0E02115310541055105C1
:10B6A00061F0DA01C901813536E49307A105B105DE
:10B6B00024F080E596E4A0E0B0E08C149D04AE0494
:10B6C000BF04A4F4EE81FF81E358F94F880D991D62
:10B6D000AA1DBB1DC816D906EA06FB0614F4D7013D
:10B6E000C60180839183A283B38353CFC814D90446
:10B6F000EA04FB040CF04DCFEE81FF81E358F94FD3
:10B70000881A990AAA0ABB0A8C149D04AE04BF04C5
:10B7100014F44601570180829182A282B38239CF0C
:10B720008F929F92AF92BF92EF92FF920F931F93CF
:10B73000CF93DF937C01EB0149015A0160E00E9445
:10B74000CE48672B682B692B09F48AC0F7018289E0
:10B750009389A489B589A5019401281B390B4A0B4B
:10B760005B0BDA01C901CC97A105B10508F478C0DB
:10B77000828A938AA48AB58A61E086850E94999C10
:10B7800083E290E00197F1F760E0F70186850E947F
:10B79000999C61E0C7010E94CE4808E314E020E0D4
:10B7A00030E06A30710581059105ECF061E0C70178
:10B7B0000E94CE4804E91CE520E030E06139714088
:10B7C0008105910584F461E0C7010E94CE489B0188
:10B7D000AC01AAE3B0E00E9485CC8B019C010C5027
:10B7E0001E4F2F4F3F4FF701878590E0FC01ED5032
:10B7F000F14E6491FC01E355F14EE491F0E0EE0F5F
:10B80000FF1FED56F14E859194913F70462F0E9497
:10B8100062AA611571058105910569F19B01AC0171
:10B820002F5F3F4F4F4F5F4F5F702115310541052F
:10B83000510509F1AAE0B0E00E9485CC2AE330E08E
:10B8400040E050E00E9444CC288339834A835B83E4
:10B8500081E090E0A0E0B0E08C839D83AE83BF8365
:10B86000DF91CF911F910F91FF90EF90BF90AF901C
:10B870009F908F9008951C821D821E821F82F0CFA0
:10B880002F923F924F925F926F927F928F929F92F0
:10B89000AF92BF92CF92DF92EF92FF920F931F93DE
:10B8A000CF93DF9300D000D01F92CDB7DEB79B833C
:10B8B0008A83FC0196818085209101022917F1F08D
:10B8C0002091020211E09217D1F027960FB6F8945A
:10B8D000DEBF0FBECDBFDF91CF911F910F91FF90C3
:10B8E000EF90DF90CF90BF90AF909F908F907F9020
:10B8F0006F905F904F903F902F90089510E002E07E
:10B90000811101C001E07D836C838A819B819F83CB
:10B910008E8362E00E94CE482B013C0163E08E8161
:10B920009F810E94CE484B015C0160E08E819F8127
:10B930000E94CE48E1E0E98361157105810591051A
:10B9400009F41982F894C02ED12CF12CE12C212E6F
:10B95000312C8101000F111F000F111F672B682B65
:10B96000692BB1F0EE81FF81818180FD11C061E022
:10B97000CF010E94CE489B01AC01C701B6010E94D5
:10B9800034CCF801E25AF94F608371838283938348
:10B99000C801825A994F9B838A83FC01608171811F
:10B9A00082819381A70196010E9466CC24153505FA
:10B9B0004605570564F4A3019201C701B6010E9430
:10B9C00034CCEA81FB816083718382839383821606
:10B9D0009306A406B5066CF4A5019401C701B6014F
:10B9E0000E9434CCF801E25AF94F6083718382835C
:10B9F0009383F101E45AF94F90817894EE81FF81AD
:10BA000081818E7F3980382A3182EC81FD812083CB
:10BA1000318342835383892F990F990BAA0BBB0B58
:10BA200084839583A683B78350CF8F929F92AF92E2
:10BA3000BF92CF92DF92EF92FF920F931F93CF931B
:10BA4000DF9300D01F92CDB7DEB78C0162E00E9479
:10BA5000CE4820914C07C22ED12CF12CE12C6C1534
:10BA60007D058E059F0599F08FEF9FEF0F900F904A
:10BA70000F900F90DF91CF911F910F91FF90EF905A
:10BA8000DF90CF90BF90AF909F908F90089560E02F
:10BA9000C8010E94CE48672B682B692B29F3F80157
:10BAA0008181811110C044E050E0BE016F5F7F4F83
:10BAB000828993890E9405358823B1F28B8188237E
:10BAC00099F2F8018183F801C18061E0C8010E9408
:10BAD000CE48F80123812F3F19F597FF21C0228915
:10BAE0003389448955898AE1569547953795279535
:10BAF0008A95D1F7A9E1B0E00E9485CC4B015C01A9
:10BB000060E070E0CB0181149104A104B10441F024
:10BB10000E94759FA50194010E9444CCCA01B901FD
:10BB2000D12CF12CE12CA70196010E9466CC6C0D62
:10BB30007D1D8E1D9F1DA70196010E9466CCCB0125
:10BB400095CF2F923F924F925F926F927F928F92FA
:10BB50009F92AF92BF92CF92DF92EF92FF920F939C
:10BB60001F93CF93DF93CDB7DEB7C458D1090FB67B
:10BB7000F894DEBF0FBECDBFEC968FAFEC97E39687
:10BB80007FAF6EAFE397242EE4962FAFE497ED9648
:10BB90000FAFED97242F30E0E6963FAF2EAFE6973C
:10BBA000E4963FADE497439FA001112460E270E06A
:10BBB000E3968EAD9FADE3970E9442CE0E94759FA3
:10BBC0004B015C0124EF31E040E050E00E9444CCA6
:10BBD000DA01C90181709927AA27BB27EA968CAFA1
:10BBE0009DAFAEAFBFAFEA97C501B4012CE231E023
:10BBF00040E050E00E9444CCC358DF4F2883398393
:10BC00004A835B83CD57D040312C2E2D30E050E05D
:10BC100040E0CF57DF4F288339834A835B83C15885
:10BC2000D0403E0131E3630E711C7EE2572E8091BD
:10BC30005D0E381608F00EC2032D10E086E1809FDD
:10BC4000F001819FF00D1124E25AF14F9081EC96A2
:10BC50004FADEC979413B9C1A996FFAFEEAFA9977A
:10BC60002681378140855185A7962CAF3DAF4EAFD9
:10BC70005FAFA79763E0CF010E94CE48CF57DF4F59
:10BC8000288139814A815B81C158D040621773078E
:10BC90008407950709F099C1E4963FADE497A4960F
:10BCA0004FADA497431708F090C1A7968CAD9DADFA
:10BCB000AEADBFADA797892F9A2FAB2FBB27A7FD9E
:10BCC000BA95AD968CAF9DAFAEAFBFAFAD97AA960C
:10BCD0009FADAA97AE969FAFAE97921508F075C12B
:10BCE00062E0A9968EAD9FADA9970E94CE48672BC2
:10BCF000682B692B09F469C1A696AFADA697AF96DC
:10BD0000AFAFAF97A13059F4EA962CAD3DAD4EAD33
:10BD10005FADEA97232B242B252B09F056C186E132
:10BD2000809FF001819FF00D1124E25AF14F42856E
:10BD30005385648575858091FC0D9091FD0DB0E073
:10BD4000A0E0FA01E450F44F481759076A077B074F
:10BD500010F0EDEBF4E000E09081992309F4AAC023
:10BD60000F3208F0A7C09B3709F09AC06181615378
:10BD7000623008F095C06F0132E0C30ED11C8281A1
:10BD8000412C8A33A9F49F012D5F3F4F412C69015B
:10BD90002F5F3F4FD6018C9140ED480F4A3040F461
:10BDA000BAE04B9E800D112450ED452E480EEFCF8A
:10BDB000D6018C91F12C8E32A9F496012F5F3F4F62
:10BDC000F12C69012F5F3F4FD6018C9140ED480F58
:10BDD0004A3040F4BAE0FB9E800D112440EDF42E71
:10BDE000F80EEFCFD6018C918D3709F059C0EF2CAA
:10BDF000B4E0BF1510F494E0E92EA9968EAD9FAD86
:10BE0000A9970E94CE484B015C01E0E3E01BEB9652
:10BE1000EFAFEB97B7FE07C066277727CB0168190E
:10BE200079098A099B099E012F5C3F4FE1963FAF3C
:10BE30002EAFE19710E01F5F2AE030E040E050E0D5
:10BE40000E9444CC605DE196AEADBFADE1976D93CD
:10BE5000E196BFAFAEAFE197B901CA0161157105B7
:10BE600081059105A1F4F301E10FF11DE11690F4B4
:10BE7000F301E10FF11D842D2AE0241508F48AE076
:10BE8000181708F0A4C01F5F30E33193F4CF1E30C1
:10BE900091F6E9CF1F5FB0E3B193E8CFE22FB5C0D1
:10BEA0003196A1E0B0E0AC0FBD1FA00FB11D9C9377
:10BEB0000F5F52CFE1E0F0E0EC0FFD1FE00FF11D4E
:10BEC000108221E030E02C0F3D1FA3963FAF2EAF34
:10BED000A397730110E0A396EEADFFADA397808109
:10BEE000882379F0103369F0ED966FADED97CE01B0
:10BEF0008F599F4F0E94E4151F5FD7018D937D01DD
:10BF0000EACFE396EEACFFACE397A496BFADA4975F
:10BF10002B9EE00CF11C1124AF96EFADAF97E230F1
:10BF200039F4022DAA96FFADAA970F1B0117C8F08E
:10BF3000F701AA962FADAA97E20FF11DD3018A2F20
:10BF40008619811708F041C0CF018E199F09E69626
:10BF50002EAD3FADE69782179307BCF58D91819387
:10BF6000EECF83E0D82ED10E2D2D30E050E040E012
:10BF7000C358DF4F688179818A819B81CD57D0403A
:10BF80000E9444CC4B0130E020E0ED2DF0E0AE9675
:10BF90004FADAE97C42ED12C2017B8F4C901880D2F
:10BFA000991DBF010E94C7CC811768F4860D971DAB
:10BFB000DC018C91D601A20FB31FAE0DBF1D8C9377
:10BFC0002F5F3F4FE9CF80E2F5CF339430CE81E051
:10BFD00090E08C0F9D1F800F911DE0E0B7FE04C024
:10BFE000EDE2DC01EC93E1E0AFEFA10FB0E01196E0
:10BFF0005D01A60CB71CEB96AFADEB974A2F50E056
:10C00000BA0161507109425051092E2F30E02617B4
:10C010003707C4F4FF2051F0E11208C02417350798
:10C020002CF4280F391FD9015C92EF5F115021E0E9
:10C030002E0FD5013E915D01E80FF92FF11D3083E0
:10C0400011112CCF820F911DFC011082020FF601FD
:10C05000319682CECC57DF4F0FB6F894DEBF0FBEBD
:10C06000CDBFDF91CF911F910F91FF90EF90DF90A7
:10C07000CF90BF90AF909F908F907F906F905F9088
:10C080004F903F902F900895FF920F931F93CF935F
:10C09000DF93CDB7DEB72C970FB6F894DEBF0FBE97
:10C0A000CDBFF82E10E006E180915D0E1817F8F470
:10C0B000019FF0011124E25AF14F80818634A8F0EB
:10C0C000BE016F5F7F4F0E94B548882371F0EB85FA
:10C0D000FC85FF2011F0EF81F885309731F0109F3B
:10C0E000C0011124825A914F19951F5FDDCF2C9604
:10C0F0000FB6F894DEBF0FBECDBFDF91CF911F9179
:10C100000F91FF9008951F920F920FB60F92112476
:10C110000BB60F922F933F934F935F936F937F9341
:10C120008F939F93AF93BF93CF93DF93EF93FF933F
:10C130008091030287FD15C0E09103020E2E000CD2
:10C14000FF0BEC5FFD4F80818F3F59F0E0910302C0
:10C150000E2E000CFF0BEC5FFD4F808160E00E9413
:10C16000999C809103028F5F30E020E0482F082ED9
:10C17000000C550B84300CF061C0EA01C20FD31FD4
:10C18000FE01EC5FFD4F90819F3F31F0DE01A35631
:10C19000B94F9C9191112FC08F5F2F5F3F4FEACF16
:10C1A000209172063091730680E49CE9821B930B08
:10C1B00020912A0130912B01820F931F90932B0124
:10C1C00080932A011092730610927206FF91EF91EC
:10C1D000DF91CF91BF91AF919F918F917F916F919F
:10C1E0005F914F913F912F910F900BBE0F900FBE1B
:10C1F0000F901F90189580930302808161E00E9448
:10C20000999CCC0FDD1FCB58D94F28813981809163
:10C210002A0190912B01820F931F90932B01809301
:10C220002A01288139818091720690917306820FCC
:10C23000931F9093730680937206C8CF8FEF8093FD
:10C240000302809172069091730688539F4F803449
:10C250009C4908F4A5CF88EC90E0AACF2F923F929A
:10C260004F925F926F927F928F929F92AF92BF9206
:10C27000CF92DF92EF92FF920F931F93CF93DF93B2
:10C28000CDB7DEB7A4970FB6F894DEBF0FBECDBF13
:10C29000E090AA0BEE8AEE2011F40C94406D0E94FF
:10C2A000209D6F8B788F898F9A8F0E94759F6D87E5
:10C2B0007E878F87988B1D8A60915D0EFD88F616AC
:10C2C00010F00C94016D2F2C312C06E1F09EA00192
:10C2D00011248A01025A114F910173E0220F331F7A
:10C2E0007A95E1F7C9018352984F4C01D8019C918E
:10C2F000BF2DBF5FBD8BEFEFE90FE03410F00C9462
:10C30000E46CF0E08827E857FE498F4F0C94DBCCB3
:10C31000C8610162EB61306257635C615C615C61C2
:10C32000E46C0667066706670667066754676A6710
:10C33000B5670068E46C4868BA683C69CE69476ACA
:10C34000E46CE46CE46CE46CE46C086B8F6B0B6C79
:10C350006B6CA16CB16CE46CE46CE46CE46C5C61DF
:10C360005C615C612B66E46CE46CE46CE46CE46C32
:10C37000E46C2E655A65E46CE46CE46CE46CE46C8B
:10C38000E46CE46CE46C65631D64FB6409655C61EA
:10C39000E6E1E29D8001E39D100D1124025A114F48
:10C3A000D80116968C910E94709C9C01F8018285A0
:10C3B0009385A485B585892B8A2B8B2B29F481E065
:10C3C000232B29F480E003C081E0232BD9F790E0F0
:10C3D000B0E0A0E010C036E1E32EE29CF001E39C67
:10C3E000F00D1124E25AF14F86810E94039D092E1F
:10C3F000000CAA0BBB0BF40180839183A283B3834F
:10C400005BCF60E0C8010E94CE4811E0672B682B2B
:10C41000692B09F410E026E1E22EE29CF001E39C96
:10C42000F00D1124E25AF14F818187FF04C0817021
:10C43000811709F441CF96E1F92EF29CC001F39CDB
:10C44000900D11249C01225A314F7901612FD9019D
:10C4500016968C910E94999C1068F70111832CCF3D
:10C4600060E0C8010E94CE48412C512C320197FD5A
:10C4700010C060E0C8010E94CE486F3F7105810581
:10C48000910509F0B4F560E0C8010E94CE482B0187
:10C490003C01B6E1EB2EE29CF001E39CF00D11248F
:10C4A000E25AF14F818187FF0EC0C8010E94C81572
:10C4B000FC0180819181A281B38184159505A60537
:10C4C000B70509F4F9CE720126E1229DF001239D02
:10C4D000F00D1124E25AF14FD68061E08D2D0E94BB
:10C4E000C79C4114510451F460E08D2D0E94999C29
:10C4F00031C0412C512C32014A94CBCF3FEF43162F
:10C50000510411F461E0F1CFED2DF0E0E75CF04E65
:10C51000E491E150E23108F0C4C0F0E08827EC5625
:10C52000FD498F4F0C94DBCCA662BF62C462CE6221
:10C53000D8625163E262EA62F262FC6206631063EF
:10C540001F632963516333633D63476384B5806828
:10C5500084BD47BCC8010E94C815DC014D925D92A4
:10C560006D927C921397B6E1B29DF001B39DF00DF0
:10C570001124E25AF14FA0E8EA2EE1829DCE84B563
:10C58000806284BD48BCE6CF809180008068809343
:10C5900080005092890040928800DCCF809180001A
:10C5A00080628093800050928B0040928A00D2CFAC
:10C5B0008091800088608093800050928D0040922E
:10C5C0008C00C8CF8091B00080688093B00040920A
:10C5D000B300C0CF8091B00080628093B0004092E1
:10C5E000B400B8CF80919000806880939000509202
:10C5F000990040929800AECF809190008062809325
:10C60000900050929B0040929A00A4CF809190009D
:10C6100088608093900050929D0040929C009ACF39
:10C620008091A00080688093A0008091A0008F7B03
:10C630008093A0005092A9004092A8008BCF8091D7
:10C64000A00080628093A0005092AB004092AA00AC
:10C6500081CF8091A00088608093A0005092AD00AF
:10C660004092AC0077CF80912001806880932001B8
:10C6700050922901409228016DCF80912001806263
:10C680008093200150922B0140922A0163CF809128
:10C69000200188608093200150922D0140922C014E
:10C6A00059CF40E8E416F1040CF02CCF1DCFE6E1A1
:10C6B000FE2EF29CF001F39CF00D1124E25AF14F92
:10C6C00086819781A085B18596CE76E1E72EE29CA2
:10C6D000F001E39CF00D1124E25AF14F818180FDBD
:10C6E00023C08160818381E090E0A0E0B0E04681DA
:10C6F000578160857185452B462B472B19F480E0C7
:10C7000090E0DC01F40180839183A283B383C801AC
:10C710000E94C8152D853E854F855889DC012D93D3
:10C720003D934D935C931397F40114821582168206
:10C73000178262E0C8010E94CE48672B682B692BE4
:10C7400059F166E1E62EE29CF001E39CF00D112424
:10C75000E25AF14F81E090E0A0E0B0E046815781DD
:10C7600060857185452B462B472B19F480E090E0BE
:10C77000DC01F40180839183A283B383C8010E940A
:10C78000C815ED84FE840F851889DC01ED92FD92B9
:10C790000D931C93139790CDF40180819181A28118
:10C7A000B381892B8A2B8B2BA1F161E0C8010E94F8
:10C7B000CE48672B682B692B09F47ECDC8010E94F7
:10C7C000C815FC0180819181A281B381CD84DE8472
:10C7D000EF84F888C81AD90AEA0AFB0A63E0C8019C
:10C7E0000E94CE48C616D706E806F9060CF464CDBA
:10C7F000D4011D921D921D921C921397E12CF12CD5
:10C800008701E3941496ED92FD920D931C93179774
:10C8100053CD60E0C8010E94CE48672B682B692B7E
:10C8200009F44ACD21E030E040E050E0D4012D93FE
:10C830003D934D935C931397A1CF60E0C8010E9494
:10C84000CE482B013C014114510461047104D9F11B
:10C85000B6E1B29DC001B39D900D1124FC01E25AD6
:10C86000F14F7F01818180FD2EC061E0C8010E94EF
:10C87000CE4816161706180619062CF561E0C801F1
:10C880000E94CE48D40114966D937D938D939C9312
:10C89000179721E030E040E050E02D933D934D9319
:10C8A0005C931397F701818182608183C8010E94A4
:10C8B000C8152D853E854F855889DC012D933D9304
:10C8C0004D935C931397B6E1B29DF001B39DF00DCB
:10C8D0001124E25AF14F81818E7F91E0452846284C
:10C8E000472809F490E0D82ED92AE6E1E29DC0015C
:10C8F000E39D900D11249C01225A314F7901D901F9
:10C900001196DC92F40184819581A681B781181675
:10C9100019061A061B060CF069C0C8010E94C8154A
:10C92000FC0180819181A281B3814D845E846F84FA
:10C930007888481A590A6A0A7B0AD1FC28C0F6E1AD
:10C94000F29DC001F39D900D11249C01225A314F9C
:10C950007901D90111968C9181FDAECC63E0C801BB
:10C960000E94CE4846165706680679060CF4A4CCF9
:10C9700021E030E040E050E0D4012D933D934D9311
:10C980005C931397F701818182608183F7CE62E027
:10C99000C8010E94CE4846165706680679067CF202
:10C9A000F4011082118212821382D70111968C91A8
:10C9B00011978D7F11968C93C8010E94C815ED8444
:10C9C000FE840F851889DC01ED92FD920D931C9376
:10C9D0001397F40184819581A681B7810197A109FC
:10C9E000B10984839583A683B78366CC10821182B4
:10C9F0001282138261CC30E020E050E040E0B401CC
:10CA0000C8010E946F49811157CCFD89F093DD0A5E
:10CA100053CC7FEF271A370A62151304D1F0CCF0FC
:10CA200086E1829DF001839DF00D1124E25AF14FC1
:10CA30008081803471F42B51384F4C58514FB401E0
:10CA4000C8010E946F49811137CC9D899093DD0AFE
:10CA500033CC30E020E050E040E0F1CFA6E1A29DF1
:10CA6000F001A39DF00D1124E25AF14F2685378580
:10CA7000822F90E0332361F0880F991F880F991F50
:10CA8000FC01E35BF84F80819181A281B381B3CC3B
:10CA900033E0959587953A95E1F7FC01E353F84F1C
:10CAA000808190E0277002C0959587952A95E2F7DE
:10CAB00081708DCC26E1E22EE29CF001E39CF00D2A
:10CAC0001124E25AF14FD6844784512C712C612CE9
:10CAD00060E0C8010E94CE484B015C01ED2CF12CB6
:10CAE000F701411451046104710409F440C0EE0FD0
:10CAF000FF1FEE0FFF1FE35BF84F608171818281A2
:10CB0000938126E1229DF001239DF00D1124E25A2C
:10CB1000F14F2289338944895589213031054105F6
:10CB2000510509F45CC0CCF5232B242B252B09F4EB
:10CB300048C045284628472809F05FC0672B682B66
:10CB4000692B09F472C0F701B3E0F595E795BA9542
:10CB5000E1F7E353F84F8D2D877021E030E001C0FD
:10CB6000220F8A95EAF78081822B8083A5CB83E010
:10CB7000F595E7958A95E1F7E353F84F808190E0CA
:10CB80002D2D277002C0959587952A95E2F7817023
:10CB9000682F70E090E080E0B4CF2230310541058D
:10CBA0005105B9F1233031054105510511F68928A8
:10CBB0008A288B2809F4BDCF61E0C8010E94CE48C5
:10CBC000B8CFF1E0E0E030E020E089288A288B2827
:10CBD00009F4F0E06F2F7E2F832F922FAACF8928A0
:10CBE0008A288B2809F4A5CF61E070E080E090E00E
:10CBF00045284628472809F4A6CFF701EE0FFF1F66
:10CC0000EE0FFF1FE35BF84F608371838283938392
:10CC100053CB89288A288B2809F48BCF60E070E0F9
:10CC2000CB0145284628472841F7F701A3E0F595B1
:10CC3000E795AA95E1F7E353F84F8D2D877041E012
:10CC400050E002C0440F551F8A95E2F7CA01809553
:10CC5000908189238ACF60E0C8010E94CE48698B09
:10CC60007A8B8B8B9C8B61E0C8010E94CE482B0194
:10CC70003C0162E0C8010E94CE486B017C0156E194
:10CC8000529DF001539DF00D1124E25AF14FA28400
:10CC900086819781A085B1850197A105B10509F02D
:10CCA000A7C080914B07682F70E07CA36BA3B12CC9
:10CCB00089899A89AB89BC89892B8A2B8B2B91F026
:10CCC00096E1929DF001939DF00D1124E25AF14FEF
:10CCD000218120FD07C0CB010196B5010E94C7CC80
:10CCE0009CA38BA34114510461047104A9F0A6E133
:10CCF000A29DF001A39DF00D1124E25AF14F218174
:10CD000021FD0AC08BA19CA18A0D9B1D0197B50135
:10CD10000E94C7CC9CA38BA3C114D104E104F104ED
:10CD200049F1B6E1B29DF001B39DF00D1124E25A34
:10CD3000F14F218122FD1EC063E0C8010E94CE4850
:10CD400097FD59C063E0C8010E94CE48F5013197B4
:10CD5000FCA3EBA39F01032E000C440B550B2617DD
:10CD600037074807590734F063E0C8010E94CE48EE
:10CD70007CA36BA34BA15CA14A155B052CF0B5010C
:10CD8000615071097CA36BA331E089899A89AB89D1
:10CD9000BC89892B8A2B8B2B09F430E022E04528B3
:10CDA0004628472809F420E0232B34E0CD28CE285C
:10CDB000CF2809F430E096E1929DF001939DF00DAB
:10CDC0001124E25AF14F232B21834681578160853C
:10CDD00071852BA1413051056105710579F42093CE
:10CDE0004B07EBA1FCA1CF01FF0FAA0BBB0B03CBA1
:10CDF00080914C0758CF1CA21BA2BCCFABA1A09323
:10CE00004C07452B462B472B61F3E9CFF12CE12C46
:10CE1000D12CC12CF801EE0DFF1D82818F3F51F006
:10CE2000C3946E2DC8010E94CE48672B682B692BD6
:10CE300009F0D394FFEFEF1AFF0A24E0E216F104A1
:10CE400049F7CC2011F081E0CD1080E036E1329D31
:10CE5000F001339DF00D1124E25AF14F90819C3086
:10CE6000F1F080F49A3009F4B2CA9B3009F024CA78
:10CE700081E090E0A0E0B0E0D110BDCA80E090E099
:10CE8000DC01B9CA9D3069F09E3009F015CA81E015
:10CE900090E0A0E0B0E0DD2009F4ADCAEFCF8D2D29
:10CEA00007CE91E0892793CA60E0C8010E94CE486E
:10CEB00001E010E020E030E0672B682B692B19F0CF
:10CEC00000E010E09801D4010D931D932D933C9345
:10CED0001397F2C960E0C8010E94CE486B017C0143
:10CEE00061E0C8010E94CE48A1E0F40100811181F7
:10CEF00022813381012B022B032B09F4A0E006E1F0
:10CF0000029DF001039DF00D1124E25AF14F0681BC
:10CF1000178120853185012B022B032BC9F0672B4C
:10CF2000682B692B09F0A0E0CD28CE28CF28D9F4B2
:10CF30004A2F50E070E060E0F40140835183628347
:10CF4000738391E08A2F892790E0B0E0A0E049CD7B
:10CF5000CD28CE28CF2809F0AE89672B682B692B06
:10CF600039F3A0E0E5CFAE89E3CF60E0C8010E94CD
:10CF7000CE4821E0611571058105910509F420E095
:10CF8000E6E1EE2EE29CF001E39CF00D1124E25A62
:10CF9000F14F31813170C680D780E084F184C114B3
:10CFA000D104E104F10441F0CA94CD28CE28CF2861
:10CFB000E9F0832F822707C0672B682B692B11F0BC
:10CFC00081E0311180E090E0B0E0A0E0F4018083E6
:10CFD0009183A283B38376E1E72EE29CF001E39C88
:10CFE000F00D1124E25AF14F218366C9672B682B9B
:10CFF000692B19F491E0311101C090E0892FE3CF42
:10D0000060E0C8010E94CE48FF24F39461157105C9
:10D010008105910509F4F12C672B682B692B01F12F
:10D0200026E1229DF001239DF00D1124E25AF14FDB
:10D03000818180FD15C081E090E0A0E0B0E0F401C6
:10D040004081518162817381452B462B472B19F01A
:10D0500080E090E0DC01F40180839183A283B383BC
:10D0600061E0C8010E94CE48672B682B692B31F024
:10D07000D4011D921D921D921C921397B6E1B29D90
:10D08000F001B39DF00D1124E25AF14FF18214C961
:10D0900061E0C8010E94CE482B013C0160E0C8015C
:10D0A0000E94CE48672B682B692B09F44DC0E6E13E
:10D0B000E29DC001E39D900D11249C01225A314F45
:10D0C0007901D90111968C9180FD11C0C8010E948F
:10D0D000C8152D853E854F855889DC012D933D93DC
:10D0E0004D935C931397F701818181608183C8011F
:10D0F0000E94C815FC0180819181A281B381ED84D9
:10D10000FE840F851889E81AF90A0A0B1B0BD8014F
:10D11000C70184159505A605B70584F001E010E068
:10D1200020E030E0D4010D931D932D933C93139791
:10D13000F4014482558266827782BEC8F40110826F
:10D140001182128213824DCC66E1E62EE29CF00140
:10D15000E39CF00D1124E25AF14F1182D4011D928B
:10D160001D921D921C921397F4011482158216824F
:10D170001782A2C861E0C8010E94CE482B013C0181
:10D1800060E0C8010E94CE48672B682B692BD9F05C
:10D19000E12CF12C8701E394D401ED92FD920D93E3
:10D1A0001C931397F401148215821682178256E19C
:10D1B000E52EE29CF001E39CF00D1124E25AF14FC0
:10D1C00082E0818379C836E1F32EF29CC001F39CA2
:10D1D000900D11249C01225A314F7901D9011196E9
:10D1E0008C9181FF10C0C8010E94C8152D853E8515
:10D1F0004F855889DC012D933D934D935C93139794
:10D2000081E0F7018183F6E1F29DC001F39D900D6D
:10D2100011249C01225A314F7901D90111968C9128
:10D2200080FD02C00C945C61C8010E94C815FC011D
:10D2300080819181A281B3810D851E852F853889DA
:10D24000081B190B2A0B3B0BD901C8018415950546
:10D25000A605B7050CF48BC0D4011D921D921D923A
:10D260001C921397F4014482558266827782D7011B
:10D2700011961C920C945C6161E0C8010E94CE483A
:10D280002B013C0160E0C8010E94CE485B016C01AB
:10D29000A114B104C104D10409F44AC0F6E1F29D1D
:10D2A000C001F39D900D11249C01225A314F790148
:10D2B000D90111968C911197982F926011969C9399
:10D2C00081FF42C0F6E1F29DC001F39D900D112453
:10D2D0009C01225A314F7901D90111963C9030FEC0
:10D2E00050C0C8010E94C815FC0180819181A281B3
:10D2F000B3810D851E852F853889081B190B2A0BD4
:10D300003B0BD901C80184159505A605B7057CF12D
:10D31000832D8E7FD70111968C93F4011082118298
:10D320001282138244825582668277820C945C61F9
:10D33000B6E1B29DF001B39DF00D1124E25AF14F18
:10D3400081818D7F8183BECF80FDBCCFC8010E94CB
:10D35000C8152D853E854F855889DC012D933D9359
:10D360004D935C931397F70181818160EBCFE12CA2
:10D37000F12C8701E394F401E082F18202831383AC
:10D3800030CBD4011D921D921D921C921397AB2895
:10D39000AC28AD2811F00C945C61E6CE60E0C801C9
:10D3A0000E94CE48672B682B692B89F4D4011D920B
:10D3B0001D921D921C921397B6E1B29DF001B39D90
:10D3C000F00D1124E25AF14F11820C945C61B6E128
:10D3D000EB2EE29CF001E39CF00D1124E25AF14F98
:10D3E000818180FD19C081E08183C8010E94C81538
:10D3F0002D853E854F855889DC012D933D934D93B6
:10D400005C93139721E030E040E050E0D4012D938D
:10D410003D934D935C93139761E0C8010E94CE4801
:10D420002B013C0162E0C8010E94CE486B017C01E7
:10D43000C8010E94C815FC0180819181A281B3813D
:10D440002D853E854F855889281B390B4A0B5B0B70
:10D45000DA01C901F4014081518162817381452B58
:10D46000462B472B61F084159505A605B70514F4E6
:10D470000C945C6110821182128213827FC98C1518
:10D480009D05AE05BF0514F40C945C61CBC960E04A
:10D49000C8010E94CE486B017C0161E0C8010E9476
:10D4A000CE482B013C0163E0C8010E94CE48698B45
:10D4B0007A8B8B8B9C8B62E0C8010E94CE48672BD5
:10D4C000682B692B59F1B6E1B29DF001B39DF00DC7
:10D4D0001124E25AF14F86819781A085B185019789
:10D4E000A105B105B1F439892A899B898C89F40198
:10D4F000308321839283838391E0CD28CE28CF2867
:10D5000009F490E045284628472809F04FC080E0FC
:10D510004EC030E020E090E080E0E9CFC114D104BB
:10D52000E104F104F1F006E1029DF001039DF00D2C
:10D530001124E25AF14F818180FD0CC0F4018081F9
:10D540009181A281B3810196A11DB11D8083918338
:10D55000A283B38391E04114510461047104B9F2D0
:10D5600006C0411451046104710409F440C006E18D
:10D57000029DF001039DF00D1124E25AF14F8181CB
:10D5800081FDBACF91E0CD28CE28CF2809F490E0D4
:10D59000D4014D915D916D917C914150510961098A
:10D5A0007109F401408351836283738382E0A6E1B1
:10D5B000EA2EE29CF001E39CF00D1124E25AF14FB7
:10D5C000892B8183D4014D915D916D917C918681F0
:10D5D0009781A085B1850197A105B10551F481E03E
:10D5E000141615061606170674F480E00CC090E0B9
:10D5F0008ECF81E0E988FA880B891C894E155F057A
:10D600006007710794F390E0B0E0A0E0F401E9C98D
:10D6100060E0C8010E94CE486B017C0161E0C80156
:10D620000E94CE482B013C0106E1029DF001039DC2
:10D63000F00D1124E25AF14F86859785A089B189B2
:10D6400087309105A105B10510F00C945C61FC01D7
:10D650008827E25DF4498F4F0C94DBCC356B416B2E
:10D660004C6B5A6B6F6B7E6B866BC40CD51CE61CC7
:10D67000F71CD401CD92DD92ED92FC9213970C949D
:10D680005C61C418D508E608F708F401C082D182AD
:10D69000E282F3820C945C61A7019601C301B2019E
:10D6A0000E9434CCD4016D937D938D939C931397FA
:10D6B0000C945C6120E030E0A90141145104610444
:10D6C000710431F0C701B601A30192010E9466CC3A
:10D6D000F40120833183428353830C945C6160E0C6
:10D6E00070E0CB014114510461047104D9F2C70107
:10D6F000B601A30192010E9466CCD4CF4C145D0404
:10D700006E047F0414F673016201BFCFC414D50404
:10D71000E604F7040CF0ADCF73016201AACF60E01C
:10D72000C8010E94CE486B017C0161E0C8010E94E3
:10D73000CE48AB01BC01B6E1B29DF001B39DF00D46
:10D740001124E25AF14F86859785A089B1898230EC
:10D750009105A105B105D9F1B4F40097A105B10572
:10D7600051F10197A105B10511F00C945C6181E0C4
:10D7700090E0A0E0B0E0C416D506E606F70614F087
:10D780000C94FB617BCB84309105A105B105B9F107
:10D7900054F10597A105B10511F00C945C6181E08D
:10D7A00090E0A0E0B0E0C416D506E606F70611F05A
:10D7B0000C94FB6163CB81E090E0A0E0B0E04C15FD
:10D7C0005D056E057F0514F40C94FB6157CB81E079
:10D7D00090E0A0E0B0E0C416D506E606F70614F423
:10D7E0000C94FB614BCB81E090E0A0E0B0E04C15E5
:10D7F0005D056E057F0514F00C94FB613FCB81E065
:10D8000090E0A0E0B0E0C416D506E606F70609F001
:10D8100035CB0C94FB6160E0C8010E94CE489B01AF
:10D82000AC01F6E1EF2EE29CF001E39CF00D112437
:10D83000E25AF14FE284F38404851585EB8EFC8E69
:10D840000D8F1E8F4680578060847184E414F50428
:10D850000605170531F486859785A089B1890C9452
:10D86000FB61E684F78400891189E98AFA8A0B8BC7
:10D870001C8B82899389A489B589BC01CD016E195D
:10D880007F09800B910B24193509460957090E941D
:10D89000F1CCEB8CFC8C0D8D1E8DE418F50806097F
:10D8A000170927013801770C4408542C320157011D
:10D8B0006801E42CF42C042D142D0E942DCD590167
:10D8C0006A0189899A89AB89BC898A0D9B1DAC1D27
:10D8D000BD1D0C94FB6160E0C8010E94CE4846E18A
:10D8E000E42EE29CF001E39CF00D1124E25AF14F8A
:10D8F00002851385248535850617170728073907FC
:10D9000034F0D4011D921D921D921C921397B6E122
:10D91000B29DF001B39DF00D1124E25AF14F068142
:10D92000178120853185601771078207930714F4EA
:10D930000C945C61E12CF12C8701E394D4010C94EC
:10D94000C66360E0C8010E94CE48672B682B692B34
:10D9500031F062E0C8010E94CE48F40155C961E08F
:10D96000F9CF60E0C8010E94CE482B013C01F6E1EE
:10D97000F29DC001F39D900D11249C01225A314F5C
:10D980007901D90116966D917D918D919C91199790
:10D9900046165706680679060CF484CE60E0C80186
:10D9A0000E94CE482B013C01F70162857385848576
:10D9B000958564157505860597050CF473CE60E0B2
:10D9C000C8010E94CE486ECE963410F40C945C616F
:10D9D000BE016F5F7F4F892F0E94B548882311F4E5
:10D9E0000C945C61E985FA85309711F40C945C61C4
:10D9F0002D853E854F855889B401C80119950C9431
:10DA00005C610E94209DEF88F88C098D1A8D6E193B
:10DA10007F09800B910B4FEF5FEF6F3F7F4F8105C9
:10DA2000910528F40E94209DAB014E195F092091B9
:10DA3000E00A3091E10A21153105D9F1AFE0B0E0FB
:10DA40000E9498CCDC01CB01840F951FA11DB11D54
:10DA500024E0B695A795979587952A95D1F7282F15
:10DA6000892F2093E00A8093E10A8091DE0A909149
:10DA7000DF0A8417950720F45093DF0A4093DE0AEB
:10DA8000A4960FB6F894DEBF0FBECDBFDF91CF9145
:10DA90001F910F91FF90EF90DF90CF90BF90AF90CC
:10DAA0009F908F907F906F905F904F903F902F90BE
:10DAB0000895242F852FD5CFEEE8F2E091919817A5
:10DAC00099F092E0E839F907C9F790910D19923071
:10DAD00049F4E1E1F9E19191891731F099E1E731F8
:10DAE000F907C9F780E0089581E008958F929F9229
:10DAF000AF92BF92CF92DF92EF92FF920F93CF93AC
:10DB00004B015C016A01790186E488169104A10445
:10DB1000B10430F048E15AE0232B69F4C0E01FC0A3
:10DB2000862F0E945C6DC82F882351F0E114F10408
:10DB3000A9F34EEE59E0602FC7010E941F20EECFDF
:10DB4000F601E80DF91D80818530A9F0E114F1049A
:10DB500031F04CEF59E0602FC7010E941F208C2F3D
:10DB6000CF910F91FF90EF90DF90CF90BF90AF904B
:10DB70009F908F900895C1E0F2CFEF92FF920F93A4
:10DB80001F93CF93DF937C01FB01EA01122FDC018D
:10DB900014966D917D918D919C911797022F9A010A
:10DBA000AF010E94766D8823B9F0F7014085518559
:10DBB0006285738541505109610971094C335105E2
:10DBC0006105710548F0209731F040EE59E0612F72
:10DBD000CE010E941F2080E0DF91CF911F910F9115
:10DBE000FF90EF9008950F93FB01DC0118966D9163
:10DBF0007D918D919C911B97022F9A01AF010E94FC
:10DC0000766D0F9108958F929F92AF92BF92CF92AF
:10DC1000DF92EF92FF920F931F93CF93DF937C01DC
:10DC20006B015A01822EFC0180859185A285B38506
:10DC3000B4FD2FC094E0992ED0E0C0E010E0F701D1
:10DC400080859185A285B3850C2E04C0B595A795D6
:10DC5000979587950A94D2F78F77682F70E090E0B8
:10DC600080E0082D9501A6010E94766D882321F0A1
:10DC70001F5F27969112E3CFDF91CF911F910F91F4
:10DC8000FF90EF90DF90CF90BF90AF909F908F90DC
:10DC9000089582E0982ED0CF0F93FB01DC011C96F3
:10DCA0006D917D918D919C911F97022F9A01AF01EB
:10DCB0000E94766D0F910895CF92DF92EF92FF92BE
:10DCC0000F931F93CF93DF937C016B01EA01122F17
:10DCD000FC01608571858285938577278827992740
:10DCE000022F9A01A6010E94766D81110AC080E080
:10DCF000DF91CF911F910F91FF90EF90DF90CF9028
:10DD00000895F701618570E090E080E09E01A60132
:10DD10000E94766D882359F3F70190852185291398
:10DD2000E7CF209721F349EB59E0612FCE010E9404
:10DD30001F20DDCFCF92DF92EF92FF920F931F93C0
:10DD4000CF93DF937C016B01EA01122FFC0160810C
:10DD5000718182819381772788279927022F9A01E1
:10DD6000A6010E94766D81110AC080E0DF91CF91FB
:10DD70001F910F91FF90EF90DF90CF900895F701E2
:10DD8000618170E090E080E09E01A6010E94766DC6
:10DD9000882359F3F70190812EEF290F223030F3B9
:10DDA0009251923018F3209701F346E959E0612F20
:10DDB000CE010E941F20D9CF0F93FB01DC016D9192
:10DDC0007D918D919C91022F9A01AF010E94766DF9
:10DDD0000F9108950C94DC6E0F931F93CF9307E17E
:10DDE0001EE0C0E0F80181918F01833049F48C2F4F
:10DDF0000E945C6D811104C060E08C2F0E94999C90
:10DE0000CF5FC63479F7CF911F910F9108950F938B
:10DE10001F93CF93DF93C82F8091AA0B9091AB0BE8
:10DE2000992309F451C0CC2309F44EC0811145C097
:10DE30000E946117D0915D0EADEDB7E0EEE5FEE01A
:10DE400080E0D817B1F190819A3219F111829630A1
:10DE500001F1973011F50D911D912D913C91139782
:10DE60004681578160857185041715072607370796
:10DE70005CF0428553856485758504171507260770
:10DE8000370714F4B901A8014D935D936D937C930A
:10DE900013978F5F18967696D4CF14961D921D9285
:10DEA0001D921C9217971D921D921D921C92139702
:10DEB000F0CF81E00E9444608C2F8093AA0BDF9109
:10DEC000CF911F910F910895882319F080E00E944F
:10DED00044600E94EC6E80E0F0CF0F931F93CF93CD
:10DEE000E2E4F7E089E0DF011D928A95E9F72091ED
:10DEF0005D0EAEE5BEE090E041E050E02917E9F0AC
:10DF00008C91823011F08430A9F416968C9116977A
:10DF1000E82FF0E033E0F595E7953A95E1F7EE5B11
:10DF2000F84F8770BA0101C0660F8A95EAF78081C1
:10DF3000862B80839F5F5696E1CF07E11EE0C0E00D
:10DF40008C2F0E945C6D811113C0F8018081833099
:10DF500039F0853069F060E0823039F462E005C064
:10DF600060E08C2F0E94999C61E08C2F0E94C79CDE
:10DF7000CF5F0F5F1F4FC63419F7CF911F910F91DD
:10DF80000895CF93DF93EC011092AA0BEDEDF7E02B
:10DF900080E093E0DF019C011D9221503040E1F7C9
:10DFA0000E94611742EE5AE061E0CE010E94CA93DE
:10DFB000C82F811127C00E94EC6E1092AA0B1092FC
:10DFC000AB0B10925D0E1092FD0D1092FC0D109295
:10DFD000FA0B1092FB0B1092F70B1092F60B1092AB
:10DFE000F90B1092F80B1092FE0DE7E1FEE086E4CB
:10DFF000DF011D928A95E9F70E946D6F8C2FDF91EA
:10E00000CF9108951092E20A81E08093AB0B90913A
:10E010005D0EEEE5FEE0ADEDB7E080E0981781F033
:10E020002081273049F446815781608571854D9361
:10E030005D936D937C9313978F5F76961896EECFD2
:10E040000E946D6F81E090911719911101C080E0DD
:10E050000E94076FD3CFCF93DF930E94CC34EC01A3
:10E060000E94C16F209749F0E881F9810680F7810D
:10E07000E02DCE01DF91CF911994DF91CF910895DA
:10E08000DF92EF92FF920F931F93CF93DF93CDB761
:10E09000DEB72C970FB6F894DEBF0FBECDBFD82EDB
:10E0A0008B0185E48D15F0F4BE016F5F7F4F8D2DE0
:10E0B0000E94B548882341F0F801D0829A8191836B
:10E0C0009B8192839C8193832C960FB6F894DEBF3C
:10E0D0000FBECDBFDF91CF911F910F91FF90EF90B9
:10E0E000DF90089582EFE82E88E0F82E44E050E0BB
:10E0F000B701C8010E9411C5F80180818D1551F04A
:10E10000F4E0EF0EF11C8EE8E81689E0F80671F7EE
:10E1100080E0DACF81E0D8CF0F931F93CF93DF93C6
:10E1200010923A1AC0910D19C13031F510911019A1
:10E1300000910F19D0910E198D2F0E9411910E94FC
:10E14000459D882371F010923A1A40E550E060E254
:10E1500070E086E595E0DF91CF911F910F910C94CF
:10E1600042CEC0933A1AD0933B1A00933C1A1093B4
:10E170003D1A0E94379FE9CFC23039F7109110192C
:10E1800000910F1986E0E1E1F9E1AEE3BAE1019017
:10E190000D928A95E1F7CAE3DAE161E08C810E9491
:10E1A000C79C60E08C810E94999C21968AE1C034D2
:10E1B000D80799F782E080933A1AD7CFEF92FF926F
:10E1C0000F931F93CF9310911B1980910C1980937B
:10E1D000390290E0113009F492E090933A020E94E3
:10E1E00011910E94459DC82F882391F0109238020A
:10E1F00080E08093A50B40E150E06FEF70E085E98F
:10E200009BE0CF911F910F91FF90EF900C9442CE25
:10E2100068E08CE792E00E94969E62E08AE792E0D6
:10E22000113019F064E086E792E00E94969E6CE05F
:10E230008AE692E00E94969E60E08C2F0E94BB9E30
:10E2400010E000E0809139020E94119180E490E09A
:10E250000E940C91F12CE12CC8018E0D9F1D843879
:10E26000910558F490E080E00E940C918FEFE81A3D
:10E27000F80A8FE1E816F10479F70E94459D015EE6
:10E280001F4F0B391105F1F6CF5FC830A9F661E0D9
:10E2900089E692E00E94969E81E080933802A9CFA1
:10E2A0002F923F924F925F926F927F928F929F92A6
:10E2B000AF92BF92CF92DF92EF92FF920F931F9394
:10E2C000CF93DF93CDB7DEB7C35BD1090FB6F89418
:10E2D000DEBF0FBECDBF0E94759F6B017C01809198
:10E2E000560690915706A0915806B0915906A7017D
:10E2F0009601281B390B4A0B5B0BDA01C901883BDD
:10E300009B40A105B105B0F1C0925606D0925706C8
:10E31000E0925806F09259068091A50B8823C9F027
:10E3200080910C190E9411910E94459D882389F0CB
:10E330001092A50B80910D198130E1F480913A1A69
:10E3400081110EC080913A1A811114C00E948C7004
:10E3500011C08091A50B8111EDCF0E94DE70EACF34
:10E3600080910E190E9411910E94459D882351F3BE
:10E3700010923A1A8091520690915306A091540639
:10E38000B0915506A7019601281B390B4A0B5B0B70
:10E39000DA01C901883C9105A105B10508F404C45E
:10E3A000C0925206D0925306E0925406F09255065F
:10E3B0003091A50BC355DF4F3883CD5AD04033235E
:10E3C00009F4D8C28091910B9091920BA091930B7C
:10E3D000B091940B8C199D09AE09BF091816190646
:10E3E0001A061B060CF4C6C28091FB0B811130C1CA
:10E3F0008E010F5F1F4FC8010E94B8478091AB0B81
:10E4000081114AC181E094E09F938F938BEC98E057
:10E410009F938F9385E18F9386EA95E09F938F93E7
:10E420000E94F82045E150E060E270E08BEB95E05F
:10E430000E9442CEE09130020FB6F894DEBF0FBECC
:10E44000CDBF8FED98E0E53038F4F0E0EE0FFF1F20
:10E45000EC57FD4F808191819F938F9385E18F933E
:10E4600080ED95E09F938F930E94F8200F900F907E
:10E470000F900F900F9080913002833008F416C1F6
:10E480008FEB98E01F930F939F938F9315E11F934A
:10E4900085EE95E09F938F930E94F8208AE299E1A0
:10E4A0009F938F9382EC98E09F938F931F938AEFB3
:10E4B00095E09F938F930E94F82045E150E060E241
:10E4C00070E08FE096E00E9442CE82EE9AE00FB6B6
:10E4D000F894DEBF0FBECDBF2091E20A222309F4DB
:10E4E000E8C09F938F938BEB98E09F938F931F933C
:10E4F00084E296E09F938F930E94F8200FB6F894E1
:10E50000DEBF0FBECDBF8091F50B882309F4D8C0C4
:10E5100080E194E09F938F9380915D0E1F928F9383
:10E5200086EA98E09F938F9385E18F9389E396E045
:10E530009F938F930E94F8200FB6F894DEBF0FBE12
:10E54000CDBFC355DF4F5881CD5AD040CF54DF4F98
:10E550005883C15BD04085E99BE0C155DF4F99836B
:10E560008883CF5AD040A6EA2A2EA5E03A2EF12C75
:10E57000E12CDE0111966D01FE01EF57FF4FC555ED
:10E58000DF4FF983E883CB5AD040C255DF4FE88292
:10E59000CE5AD04090E080E00CE111E8F101E80FA4
:10E5A000F91F2081022741E051E0049F9001059F5F
:10E5B000300D149F300D11248901080F191F019689
:10E5C0008531910559F7CF54DF4F5881C15BD04059
:10E5D000412C511178C0512CE6E19E2EFFE18F2E87
:10E5E00080915D0E581608F06EC0652C712C969CBB
:10E5F000C001979C900D1124DC01A25AB14F5D011E
:10E600008C918A3219F5CD010E94155D97FD1EC0CF
:10E61000889E9001899E300D1124620E731E602623
:10E620007126E1E0F1E06E9E80016F9E100D7E9EEE
:10E63000100D1124F50182899389A489B5890A0FE7
:10E640001B1FC355DF4F4880CD5AD0405394C8CFCD
:10E65000C0904E06D0904F06E0905006F0905106C4
:10E660000E94759FC61AD70AE80AF90A1C141D04ED
:10E670001E041F040CF4BCCEE0904C0701E028E01F
:10E6800045E166EA75E088E20E94A15DCF54DF4F64
:10E690001882C15BD0405FCF8091AA0B882319F00C
:10E6A00086E094E0B1CE8BE094E0AECE8EEB98E0C5
:10E6B000E9CE8EEF9DE09F938F9388EB98E015CF86
:10E6C0008BE794E027CFC155DF4FA881B981CF5A9E
:10E6D000D0408D919D91C155DF4FB983A883CF5A0A
:10E6E000D0408017910709F43AC1FD013297118398
:10E6F0000083411043C080913802882309F42FC160
:10E7000060913A02C255DF4F8881CE5AD0400E94B4
:10E71000BB9E10E076E0B72E17FD21C18091390233
:10E720000E94119180E490E00E940C916FE1A62E6E
:10E73000A10E17FD1BC0812F6B2D0E94A7CC092FA6
:10E740008531B9F01E37A8F4F101E80FF11DB601CB
:10E7500080810E949920F601E00FF11D608188E21E
:10E760009AE10E945C141F5F1A11E3CF0E94459D3D
:10E77000D3CF90E080E00E940C91F5CF80E8F601C5
:10E7800011928A95E9F7560110E000E0F101E00FDF
:10E79000F11FBE016F557F4F80810E94992086E056
:10E7A000FE01EF55FF4FD50101900D928A95E1F7DB
:10E7B0000F5F1F4FF6E0AF0EB11C0531110531F7A9
:10E7C000B12C80915D0EB81608F0BDC026E12B9DDE
:10E7D000F0011124E25AF14F80818A3209F0B1C070
:10E7E0004288538864887588D301C20157E1B59582
:10E7F000A795979587955A95D1F7382F3770A32EFF
:10E80000C255DF4F4881CE5AD040431708F499C013
:10E81000CF010E94155D8C0197FD93C044E050E04C
:10E82000BE0169557F4FC2010E940535882309F456
:10E8300088C0C855DF4F8881C85AD04086958695D4
:10E8400086956A2D70E090E09C01260F371FE21636
:10E85000F3060CF076C0E62DEF77C955DF4F28811F
:10E86000C75AD04030E040E8842E912C8E1A91088F
:10E870002815390508F44901CE54DF4F8882C25B60
:10E88000D040809FA001819F500D909F500D11247A
:10E89000C701861B970B480F591F429FC001439F1A
:10E8A000900D529F900D112454E0450E511C3C01D7
:10E8B000640C751CA12C4E2E512CCE54DF4F888138
:10E8C000C25BD040A816E8F50A2D10E0A401401B59
:10E8D000510B4132510510F040E250E0CD54DF4F72
:10E8E0004883C35BD040BE016F577F4FC301800F89
:10E8F000911F0E940535882321F1040D151DF60195
:10E90000E00FF11FAE014F575F4F842FC555DF4F0A
:10E910009881CB5AD040891BCD54DF4FA881C35B6F
:10E92000D0408A1758F48191DA019D91AD019F0181
:10E9300021503109892BD9018C93E7CFB0E2AB0E7E
:10E94000BCCFB3943ECF80913802882341F0B6010A
:10E95000C255DF4F8881CE5AD0400E94D49EEFEF3F
:10E96000EE1AFE0AF5E12F0E311C28E0E216F10442
:10E9700009F00BCE80913A1A882309F415C17090E2
:10E980000F19609010198091FA0BC72CD12C8111AE
:10E9900076C010920002AE014F5F5F4F7A01CA014C
:10E9A0000E94B8478091AB0B0DEB14E0882341F037
:10E9B0008091AA0B03E114E0811102C008E114E088
:10E9C000E0913002E33008F479C0FF92EF928FEECD
:10E9D00098E09F938F937F9286EA95E09F938F9321
:10E9E0000E94F8200FB6F894DEBF0FBECDBF92E0B4
:10E9F000961508F079C08AE299E19F938F938CEE87
:10EA000098E09F938F937F92C6018A559A4F9F9368
:10EA10008F930E94F8200FB6F894DEBF0FBECDBFD3
:10EA200082E0FF24F394F80E2EEF3DE03F932F9306
:10EA30001F930F9327EE38E03F932F937F92789E9A
:10EA4000C00111248A559A4F9F938F930E94F820FA
:10EA50007F9C800111240A551A4F0FB6F894DEBF2F
:10EA60000FBECDBFF61408F044C0F394A60160E2D7
:10EA700070E0C8010E9442CE0C0D1D1DF3CF8090A6
:10EA80004E0690904F06A0905006B09051060E94FE
:10EA9000759F861A970AA80AB90A181419041A0445
:10EAA0001B040CF476CFE0904B0700E0262D472D99
:10EAB00066EA75E089E20E94A15D1EC0F0E0EE0FFB
:10EAC000FF1FEC57FD4F81818F9380818F937F9241
:10EAD00086EA95E09F938F930E94F8200F900F9005
:10EAE0000F900F900F9083CFB2E06B1202C081E0C5
:10EAF00098CF81E08093000286EAA82E85E0B82EA8
:10EB000096E5E92E95E0F92E512C20E4322E65147D
:10EB100009F44AC047018501412C80E07414F1F1E9
:10EB2000D4019D914D01F80120812917A9F181118E
:10EB30001EC080913A1A8823D1F01A8219823A8233
:10EB400080913C1A8B83805C8C83E0913D1A5E1629
:10EB500008F1E15021E030E02C0F3D1F2E0F311D58
:10EB6000F9018081840D60E080680E94879E809119
:10EB70003A1A882329F061E0D8018C910E94879E7F
:10EB8000F8018081F4013197808381E043940F5F25
:10EB90001F4FC4CFE52DDECF80E0F8CF5394AC0CEF
:10EBA000BD1CEC0CFD1CB3CFCD54DF4F0FB6F89459
:10EBB000DEBF0FBECDBFDF91CF911F910F91FF90B0
:10EBC000EF90DF90CF90BF90AF909F908F907F900D
:10EBD0006F905F904F903F902F9008950E94759F87
:10EBE0006856754C8F4F9F4F60934E0670934F063B
:10EBF000809350069093510608952F923F924F9222
:10EC00005F926F927F928F929F92AF92BF92CF92BC
:10EC1000DF92EF92FF920F931F93CF93DF93CDB7C5
:10EC2000DEB7C054D2400FB6F894DEBF0FBECDBFE2
:10EC30005E0123EEA21A2DEFB20A64E37AE1C50168
:10EC40000E947C40D5011C968C91883000F58E0185
:10EC50000F5F1F4F89E8F80111928A95E9F70E942A
:10EC6000759F2B013C01F8EB4F0EFBE05F1E611C12
:10EC7000711CA3019201BE016E5E7E4FC5010E9410
:10EC800049A018161906ECF0C5010E947C41C05C31
:10EC9000DD4F0FB6F894DEBF0FBECDBFDF91CF9131
:10ECA0001F910F91FF90EF90DF90CF90BF90AF90AA
:10ECB0009F908F907F906F905F904F903F902F909C
:10ECC000089560E270E0CE018E5E9E4F0E9454CEA9
:10ECD0006C010097C9F27C012FEFE21AF20A60E2A0
:10ECE00070E0C7010E9454CE009771F2D6011C92C9
:10ECF000FC01108247E050E0BE016E5E7E4FC8010D
:10ED00000E947DCE6FE370E0C7010E9454CE009751
:10ED100049F0DC011D92BD014FE550E0CE01819626
:10ED20000E947DCE47E150E0B701CE0109960E94D6
:10ED30007DCEA2E1CA2EDD24D394CC0EDD1EBEE032
:10ED4000CB0ED11CB2E1EB2EFF24F394EC0EFD1E92
:10ED5000EFE0EE0EF11CA3019201BE016E5E7E4F4C
:10ED6000C5010E9449A097FD8FCF892B09F461C08E
:10ED70004FE050E064E175E1CE018E5E9E4F0E944F
:10ED80002AC5892B61F4C7010E94E1C4CF57DF4F28
:10ED9000688379838A839B83C158D040DCCF46E067
:10EDA00050E06DE075E1CE018E5E9E4F0E942AC557
:10EDB000892BD9F422E131E02C0F3D1F2A5F3F4F10
:10EDC000C9012F5F3F4FDC014C914032C9F363EF23
:10EDD00078E10E945FCE21E0892B09F020E0C7573F
:10EDE000DF4F2883C958D040B6CF4EE050E06EEFD9
:10EDF00074E1CE018E5E9E4F0E942AC5892B09F0D8
:10EE0000AACF62E270E0C6010E9454CE009709F4D6
:10EE1000A2CF4AE050E070E060E001960E94C0C3DB
:10EE2000CB57DF4F688379838A839B83C558D04053
:10EE300092CFC457DF4F19821882CC58D04087EF49
:10EE400092E0C657DF4F99838883CA58D040C25793
:10EE5000DF4F1882CE58D040C157DF4FB982A88209
:10EE6000CF58D040CF5EDE4F1882C151D1406AEFFB
:10EE700074E1C8010E941AC57C0165EF74E1C80104
:10EE80000E941AC58C01EF2811F00C94758063EF75
:10EE900074E1CE0109960E944C1C882309F461C1DB
:10EEA0000E9456346B017C0169ED72E0CE018E52F6
:10EEB0009E4F0E94292ACC52DE4F8881C45DD140EA
:10EEC0008823A9F0CE018E529E4F0E94EC142B0194
:10EED0003C01411451046104710449F0B2E4CB16C1
:10EEE000BBE0DB06B6E3EB06F10408F0BBC0CB5792
:10EEF000DF4F88819981AA81BB81C558D04011E438
:10EF0000E12E1BE0F12E06E310E081349B40A64386
:10EF1000B10559F420E030E0A90160E371E0CE01D1
:10EF200086579F4F0E94352074C02AE13BEE41E096
:10EF300050E068EC70E0CE0186579F4F0E9435206C
:10EF4000C12CD12C7601EAE14E2EEBEE5E2E66242A
:10EF50006394712CC257DF4F8881CE58D040811105
:10EF600058C0930182010C191D092E093F09013473
:10EF700011052105310520F000E410E020E030E02B
:10EF8000D701C6017EE0B695A795979587957A95A6
:10EF9000D1F70197A109B10987309105A105B10504
:10EFA00070F4FC018827E852F8488F4F0C94DBCCB2
:10EFB0000F78147819781E78237828782D7842E312
:10EFC00058E463E07727D701C6019F73AA27BB27C0
:10EFD000480F591F6A1F7B1F9801CE018E569E4F06
:10EFE0000E94A7AAA801BE016E567E4FCE01865789
:10EFF0009F4F0E94B214F0E4CF0ED11CE11CF11C13
:10F0000020E4C2162BEED20621E0E206F10409F05C
:10F01000A1CFCE018E529E4F0E94403421C342E3C5
:10F0200058E063E07727CFCF42E358EC62E07727E0
:10F03000CACF42E358E862E07727C5CF42E358E4FD
:10F0400062E07727C0CF42E358E062E07727BBCF8A
:10F0500042E358EC61E07727B6CF48E15DE961E033
:10F060007727B1CFCB57DF4F88819981AA81BB81A8
:10F07000C558D0408701C816D906EA06FB0611F428
:10F08000760148CF7601A301920168EC70E0CE01D1
:10F0900086579F4F0E943520CE0186579F4F0E9472
:10F0A0008B14C12CD12C7601C414D504E604F704CA
:10F0B00008F0AFCFCC52DE4F8881C45DD1408823A9
:10F0C00009F4A7CFD301C2018C199D09AE09BF096C
:10F0D000C35CDD4F88839983AA83BB83CD53D24021
:10F0E00081349105A105B10560F080E490E0A0E0D5
:10F0F000B0E0C35CDD4F88839983AA83BB83CD5383
:10F10000D240C35CDD4F08811981CD53D2409E01AE
:10F110002E563E4FB701A601CE018E529E4F0E9441
:10F12000C032882309F475CFC257DF4F8881CE588B
:10F13000D04081116ECFC35CDD4F48815981CD53E2
:10F14000D240BE016E567E4FCE0186579F4F0E9421
:10F15000B2140E942E6190E4C90ED11CE11CF11C76
:10F16000A3CF69EE74E1CE0109960E944C1CF82EE3
:10F17000882309F4AAC20FEF1FEF980140E752E17C
:10F1800068EC70E0CE0186579F4F0E9452A66DE456
:10F1900072E1CE0186579F4F0E941CA66AE279E178
:10F1A000CE0186579F4F0E94E5A564E472E1CE012F
:10F1B00086579F4F0E941CA66DEEC62E68E1D62E84
:10F1C00010E0D6018D916D01803130F460E3CE0105
:10F1D00086579F4F0E94A6A540E150E0F601319767
:10F1E0006081CE0186579F4F0E949FA51F5F1630FA
:10F1F00009F05DC26CE372E1CE0186579F4F0E9419
:10F200001CA6CE018E569E4F0E949C4762E2CE0104
:10F2100086579F4F0E94A6A5BE016E567E4FCE0117
:10F2200086579F4F0E94B78F62E2CE0186579F4F4D
:10F230000E94A6A564E372E1CE0186579F4F0E940B
:10F240001CA64AE050E060913002CE0186579F4FE5
:10F250000E949FA56DE272E1CE0186579F4F0E94EA
:10F260001CA66091F50B70E0CE0186579F4F0E945F
:10F27000DFA565E272E1CE0186579F4F0E941CA672
:10F280006091191970911A19CE0186579F4F0E94EB
:10F2900095A56EE172E1CE0186579F4F0E941CA694
:10F2A0006091A60B7091A70BCE0186579F4F0E94CD
:10F2B00095A566E172E1CE0186579F4F0E941CA67C
:10F2C0006091AA0B70E0CE0186579F4F0E94DFA588
:10F2D0006FE072E1CE0186579F4F0E941CA660919D
:10F2E000AB0B70E0CE0186579F4F0E94DFA567E011
:10F2F00072E1CE0186579F4F0E941CA662EE7AE013
:10F30000CE0186579F4F0E94E5A569EF71E1CE01BE
:10F3100086579F4F0E941CA64AE050E060E6CE014F
:10F3200086579F4F0E949FA56CEE71E1CE018657D4
:10F330009F4F0E941CA68091F50B60E070E2811146
:10F3400002C060E07CE0CE0186579F4F0E9495A5E9
:10F3500060EE71E1CE0186579F4F0E941CA660E0CF
:10F3600072E0CE0186579F4F0E9495A568ED71E12E
:10F37000CE0186579F4F0E941CA64AE050E062E0F3
:10F38000CE0186579F4F0E949FA56FEC71E1CE0181
:10F3900086579F4F0E941CA66BE5CE0186579F4F54
:10F3A0000E94A6A553E2C52E51E1D52E10E0F6012C
:10F3B00085909490112331F06CE2CE0186579F4FD7
:10F3C0000E94A6A5F40164914AE050E0CE01865760
:10F3D0009F4F0E949FA51F5FF2E0CF0ED11C1A30F5
:10F3E00031F76DE5CE0186579F4F0E94A6A568ECC8
:10F3F00071E1CE0186579F4F0E941CA64AE050E063
:10F4000066E4CE0186579F4F0E949FA561EC71E193
:10F41000CE0186579F4F0E941CA64AE050E066E34B
:10F42000CE0186579F4F0E949FA569EB71E1CE01E7
:10F4300086579F4F0E941CA64AE050E060E8CE012C
:10F4400086579F4F0E949FA561EB71E1CE018657C1
:10F450009F4F0E941CA64AE050E060E2CE01865712
:10F460009F4F0E949FA569EA71E1CE0186579F4F89
:10F470000E941CA64AE050E060E2CE0186579F4FF2
:10F480000E949FA562EA71E1CE0186579F4F0E94BC
:10F490001CA60E945634AB01BC012AE0CE0186575F
:10F4A0009F4F0E9449A563E971E1CE0186579F4FA6
:10F4B0000E941CA66EE871E183EF98E10E941AC5D4
:10F4C00061E070E0892B11F070E060E0CE018657BA
:10F4D0009F4F0E94DFA560E871E1CE0186579F4FE4
:10F4E0000E941CA64AE050E060910C19CE0186579C
:10F4F0009F4F0E949FA56AE771E1CE0186579F4FFB
:10F500000E941CA64AE050E060911B19CE0186576C
:10F510009F4F0E949FA563E771E1CE0186579F4FE1
:10F520000E941CA66091A50B70E0CE0186579F4FEC
:10F530000E94DFA565E671E1CE0186579F4F0E94CC
:10F540001CA64AE050E060910D19CE0186579F4FEE
:10F550000E949FA56FE571E1CE0186579F4F0E94E3
:10F560001CA64AE050E060910E19CE0186579F4FCD
:10F570000E949FA569E571E1CE0186579F4F0E94C9
:10F580001CA64AE050E060910F19CE0186579F4FAC
:10F590000E949FA563E571E1CE0186579F4F0E94AF
:10F5A0001CA64AE050E060911019CE0186579F4F8B
:10F5B0000E949FA56CE471E1CE0186579F4F0E9487
:10F5C0001CA641E1C42E49E1D42E10E0D6016D9174
:10F5D0006D014AE050E0CE0186579F4F0E949FA5E3
:10F5E0001F5F163009F06AC064E471E1CE018657EE
:10F5F0009F4F0E941CA661E070E080913A1A811131
:10F6000002C070E060E0CE0186579F4F0E94DFA5E8
:10F610006AE371E1CE0186579F4F0E941CA610E05D
:10F62000812F0E945C6D882389F0F11006C06CE286
:10F63000CE0186579F4F0E94A6A54AE050E0612F59
:10F64000CE0186579F4F0E949FA5F12C1F5F163455
:10F6500039F767E371E1CE0186579F4F0E941CA6E0
:10F6600087EF92E0C657DF4F99838883CA58D0400E
:10F67000CE0186579F4F0E948B140E94759F6B018D
:10F680007C01C5010E94A13C892B09F4FDCA0E949E
:10F69000759F6C197D098E099F09683C710581056C
:10F6A000910508F0F1CAC5010E94BD3FEACF6AE3A7
:10F6B000CE0186579F4F0E94A6A583CD6CE2CE0156
:10F6C00086579F4F0E94A6A581CF6FED74E1CE01B2
:10F6D00009960E944C1C882309F4EEC10FEF1FEF1E
:10F6E000980142E151E168EC70E0CE0186579F4FEE
:10F6F0000E9452A66AE071E1CE0186579F4F0E9498
:10F700001CA66091191970911A19CE0186579F4F46
:10F710000E9495A562E071E1CE0186579F4F0E943D
:10F720001CA66091AA0B70E0CE0186579F4F0E94E5
:10F73000DFA56BEF70E1CE0186579F4F0E941CA69C
:10F740006091AB0B70E0CE0186579F4F0E94DFA502
:10F7500062EF70E1CE0186579F4F0E941CA6609118
:10F76000E00A7091E10ACE0186579F4F0E9495A54D
:10F7700069EE70E1CE0186579F4F0E941CA66091F2
:10F78000DE0A7091DF0ACE0186579F4F0E9495A531
:10F790001092DF0A1092DE0A62EE70E1CE01865707
:10F7A0009F4F0E941CA60E94759F28EE33E040E008
:10F7B00050E00E9444CCBA01A9012AE0CE0186574C
:10F7C0009F4F0E9449A56AED70E1CE0186579F4F79
:10F7D0000E941CA6BE016E567E4F8091621B9091C6
:10F7E000631B009711F488E69BE1681B790BCE013F
:10F7F00086579F4F0E94DFA561ED70E1CE018657CD
:10F800009F4F0E941CA66091A50B70E0CE01865709
:10F810009F4F0E94DFA569EC70E1CE0186579F4F94
:10F820000E941CA661E070E080913A1A811102C02A
:10F8300070E060E0CE0186579F4F0E94DFA561EC2B
:10F8400070E1CE0186579F4F0E941CA662EE7AE0BF
:10F85000CE0186579F4F0E94E5A56AEB70E1CE016D
:10F8600086579F4F0E941CA64AE050E06091DD0A37
:10F87000CE0186579F4F0E949FA563EB70E1CE019A
:10F8800086579F4F0E941CA66091A60B7091A70BF4
:10F89000CE0186579F4F0E9495A56CEA70E1CE017C
:10F8A00086579F4F0E941CA610E080915D0E18178E
:10F8B00068F5112331F06CE2CE0186579F4F0E940C
:10F8C000A6A5B8E01B9FC0011124FC01E352F84F2C
:10F8D0007F014081518162817381CE0186579F4FA4
:10F8E0000E94ADA56CE2CE0186579F4F0E94A6A54F
:10F8F000D70114964D915D916D917C911797CE0132
:10F9000086579F4F0E94ADA51F5FCFCF64EA70E17D
:10F91000CE0186579F4F0E941CA6F12CE12C882413
:10F920008394912C7E2C10E000E0D12CC701800F35
:10F93000911F86349105C0F4C72CC00E8C2D0E94F7
:10F940005C6D81110CC08C2D0E94709C892B39F04C
:10F95000C401002E01C0880F0A94EAF7D82A0F5F6D
:10F960001F4F0830110511F7BFE0BD1530F060E3FF
:10F97000CE0186579F4F0E94A6A540E150E06D2D15
:10F98000CE0186579F4F0E949FA5E8E0EE0EF11C26
:10F99000F8E4EF16F10431F66BE970E1CE01865719
:10F9A0009F4F0E941CA60DEC17E02DEDE22E27E0E4
:10F9B000F22ED8018D918D01803130F460E3CE01BB
:10F9C00086579F4F0E94A6A540E150E0F80131976D
:10F9D0006081CE0186579F4F0E949FA5E016F106D9
:10F9E00041F762E970E1CE0186579F4F0E941CA645
:10F9F0009DE4E92E97E0F92E10E0F7014191519135
:10FA0000619171917F01CE0186579F4F0E94ADA5F4
:10FA10001F5F103209F042C069E870E1CE018657DD
:10FA20009F4F0E941CA64AE050E060914C07CE0117
:10FA300086579F4F0E949FA56CE2CE0186579F4F2D
:10FA40000E94A6A54AE050E060914B07CE01865780
:10FA50009F4F0E949FA561E870E1CE0186579F4F9E
:10FA60000E941CA68DE4E82E8EE0F82E10E086E3BE
:10FA7000810FD7019D917D016FEF7FEF943019F4D5
:10FA80000E94039DBC01CE0186579F4F0E94DFA5B7
:10FA90001F5F103151F46EE770E1DDCD6CE2CE01F5
:10FAA00086579F4F0E94A6A5A8CF6CE2CE0186572D
:10FAB0009F4F0E94A6A5DBCF64ED74E1CE010996AD
:10FAC0000E944C1C282E882309F40DC10FEF1FEF54
:10FAD00098014DE650E168EC70E0CE0186579F4FEB
:10FAE0000E9452A666E670E1CE0186579F4F0E94A3
:10FAF0001CA66091F50B70E0CE0186579F4F0E94C7
:10FB0000DFA56BE570E1CE0186579F4F0E941CA6D2
:10FB1000CE018E529E4F0E943B9B7E01B4EDEB1AAC
:10FB2000BDEFFB0A6E01E0E1CE1AEEEFDE0AA9E1BD
:10FB30004A2EB4E56B2EB0E17B2E14E1312E4E013E
:10FB4000F7EF8F1AFDEF9F0A0AE0502EAE01475CD7
:10FB50005D4FB701CE018E529E4F0E94B233882373
:10FB600009F4ACC0D7018C91833581F711968C9143
:10FB70001197082E000C990BC0970A9738F7129628
:10FB80008C911297082E000C990BC0970A97F0F6EB
:10FB900013968C918E32D1F6F601242D11922A956E
:10FBA000E9F7FF92EF927F926F921F923F929F929E
:10FBB0008F920E94BBC5B401CE018E569E4F0E940B
:10FBC000292ACE018E569E4F0E94EC140FB6F8944F
:10FBD000DEBF0FBECDBF683271058105910598F07B
:10FBE000CC56DE4F8881C459D140882361F006E1AC
:10FBF00010E0960142E150E060E070E0CE018E56E8
:10FC00009E4F0E94C032F601108E211006C06CE299
:10FC1000CE0186579F4F0E94A6A56EE470E1CE01EB
:10FC200086579F4F0E941CA6D70111968C91119761
:10FC3000082E000C990BC097589E9001599E300DCC
:10FC4000112412966C91062E000C770B60537109EB
:10FC5000620F731FCE0186579F4F0E94DFA565E498
:10FC600070E1CE0186579F4F0E941CA6B601CE01BF
:10FC700086579F4F0E94E5A56DE370E1CE01865740
:10FC80009F4F0E941CA6C75CDD4F488159816A8145
:10FC90007B81C953D2402AE0CE0186579F4F0E94F4
:10FCA00049A56DE7CE0186579F4F0E94A6A5CE01BC
:10FCB0008E569E4F0E944034212C48CF6AE370E15B
:10FCC000CE0186579F4F0E941CA6CE018E529E4F9A
:10FCD0000E940922882309F4C3CCCE018E529E4F84
:10FCE0000E94A033BDCC68EC74E1CE0109960E945D
:10FCF0004C1C882309F48AC00FEF1FEF980149E2DA
:10FD000050E168EC70E0CE0186579F4F0E9452A6EA
:10FD10008091181969ED73E0811102C065EE73E0FE
:10FD2000CE018E569E4F0E94292A8BEE92E0CE5233
:10FD3000DE4F99838883C25DD140CC56DE4F188157
:10FD4000C459D140112351F0CE018E569E4F0E94CE
:10FD5000D61511E08E36910508F410E060E270E1EE
:10FD6000CE0186579F4F0E941CA68091AB0B63E18A
:10FD700070E1882331F06DE070E1111102C060E1A3
:10FD800070E1CE0186579F4F0E941CA668E170E18A
:10FD9000CE0186579F4F0E941CA6112379F1BE0108
:10FDA0006E567E4FCE0186579F4F0E944E1D61E0DA
:10FDB00070E1CE0186579F4F0E941CA6BE016E5275
:10FDC0007E4FCE0186579F4F0E944E1D67EF7FE00A
:10FDD000CE0186579F4F0E941CA660E07CE0CE01BA
:10FDE00086579F4F0E9495A56DE7CE0186579F4F7E
:10FDF0000E94A6A5CE018E569E4F0EC968E070E106
:10FE0000CE0186579F4F0E941CA6D1CF6DEB74E1A7
:10FE1000CE0109960E944C1C882339F18091F50B84
:10FE200049EE5FE0882309F464C16AE473E0CE011F
:10FE30008E569E4F0E94292ACC56DE4F8881C45987
:10FE4000D140882341F0CE018E569E4F0E94D61598
:10FE50008E369105B8F54BED5FE064E971E0CE01B7
:10FE600086579F4F0E94F31FC5CF63EB74E1CE010D
:10FE700009960E944C1C882371F18091F50B49EC86
:10FE80005FE0882309F435C1BE016E527E4FCE017A
:10FE900081960E946B1C49EB5FE0882309F4CDC179
:10FEA000BE016E527E4FCE018E569E4F0E94292A71
:10FEB000CC56DE4F8881C459D140811103C04EEA2F
:10FEC0005FE0CBCFBE016E567E4FCE0186579F4F6F
:10FED0000E94BAA68FCF69EA74E1CE0109960E940A
:10FEE0004C1CF82E882391F10FEF1FEF98014DE97C
:10FEF0005FE068EC70E0CE0186579F4F0E9452A6EB
:10FF000062E97FE0CE0186579F4F0E941CA618E051
:10FF1000812F0E9411910E94459D811111C0F11005
:10FF200006C06CE2CE0186579F4F0E94A6A54AE00C
:10FF300050E0612FCE0186579F4F0E949FA5F12C64
:10FF40001F5F183729F76FE87FE085CB60EA74E11F
:10FF5000CE0109960E944C1C882309F461C0CE0191
:10FF60008E529E4F0E94E8264BE354E1882309F409
:10FF7000C0C00FEF1FEF98014FE854E168EC70E04C
:10FF8000CE0186579F4F0E9452A6CB52DE4F8881EA
:10FF9000C55DD1401F928F93CE52DE4F8881C25DE6
:10FFA000D1401F928F93CD52DE4F8881C35DD140E7
:10FFB0001F928F93CC52DE4F8881C45DD1401F9237
:10FFC0008F93CA52DE4F8881C65DD1401F928F93B6
:10FFD000C952DE4F8881C75DD1401F928F93C852AE
:10FFE000DE4F8881C85DD1401F928F9384E594E1F4
:10FFF0009F938F931F9280E48F938E010E561E4F16
:020000021000EC
:100000001F930F930E94BBC5B801CE0186579F4F27
:100010000E9414A60FB6F894DEBF0FBECDBF20CB52
:100020006EE274E1CE0109960E944C1C882309F40B
:1000300054C0CE56DE4F19821882C259D140CC56D8
:10004000DE4F19821882C459D14024E0AE014E56C9
:100050005E4F6EE174E0CE0181960E9471286BE2E2
:1000600074E1CE018E569E4F0E941AC5892B19F15C
:100070000E94CC348C01D801ED91FC910280F38177
:10008000E02DC8011995892B09F54AE154E164E98D
:1000900071E0CE0186579F4F0E94F31F0115110595
:1000A00009F4DECAD801ED91FC910680F781E02DBC
:1000B000C8011995D5CA82E090E00E94C9C08C01A0
:1000C0008BEE92E0D8018D939C93D5CFB801CE01F1
:1000D00086579F4F0E94BAA6E1CF60E174E1CE013E
:1000E00009960E944C1C811107C0012BE9F04DEAD2
:1000F00052E164E971E0A3C00FEF1FEF98014FEFE9
:1001000053E168EC70E0CE0186579F4F0E9452A6E3
:10011000C757DF4F8881C958D04063EF73E1811121
:100120009ACA66EE73E197CA6CED73E1CE01099647
:100130000E944C1C882309F488C0AE014E525E4FC9
:1001400062E274E0CE0181960E94439A882309F40A
:1001500072C0AE014E565E4F64E274E0CE018196ED
:100160000E94439A882309F466C0CE52DE4F48812C
:1001700059816A817B81C25DD1404036510561055C
:10018000710508F058C080915D0E481708F053C003
:10019000CE56DE4F088119812A813B81C259D14058
:1001A000842F90E0B6E14B9FF0011124E25AF14F09
:1001B00040814630E9F4F3E0880F991FFA95E1F7A2
:1001C000FC01E352F84F81E090E0A0E0B0E0012BA9
:1001D000022B032B19F480E090E0DC0180839183F3
:1001E000A283B383CE0186579F4F0E94541C38CA06
:1001F000473009F5468157816085718504171507D9
:10020000260737075CF0428553856485758504179A
:1002100015072607370714F4B901A801E3E0880F92
:10022000991FEA95E1F7FC01E352F84F40835183AF
:1002300062837383D7CF4AEC53E160E971E0CE016A
:1002400086579F4F0E94F31F0BCA6EEB73E1CE01DE
:1002500009960E944C1C882309F45DC0AE014E52E1
:100260005E4F68E574E0CE0181960E94439A882330
:1002700009F44EC0AE014E565E4F64E274E0CE010A
:1002800081960E94439A882309F442C0CE52DE4FE1
:10029000C880D980EA80FB80C25DD140E6E4CE16FA
:1002A000D104E104F104A0F5CE56DE4F4880598018
:1002B0006A807B80C259D1408C2D0E945C6D811177
:1002C00027C0F601E95EF14F8081833009F5809106
:1002D000AA0B882399F0F60163E0F595E7956A95F6
:1002E000E1F7EE5BF84F808190E02C2D277002C083
:1002F000959587952A95E2F780FD0AC061E045282B
:100300004628472809F460E08C2D0E94999C6ACF0A
:100310004AEA53E192CFC757DF4F8881C958D0408E
:1003200047E953E163E971E0882309F488CF6AE87B
:1003300073E1CE0109960E944C1C882309F4CCC0BD
:100340008091F50B811119C080E09CE0CF57DF4F01
:10035000488159816A817B81C158D0404E36510510
:10036000610571053CF0B0E0A0E084179507A60791
:10037000B70734F449E75FE060CF80E090E2E6CF72
:1003800080E00E94076F8091F50B882389F18091AE
:100390001819882351F185EE93E00E94C2298C013F
:1003A000CF57DF4F288139814A815B81C158D040C6
:1003B000B801C5010E949C9FF82E0115110541F05E
:1003C000D801ED91FC910480F581E02DC8011995CB
:1003D000F1101DC081E090911719911101C080E0CA
:1003E0000E94076F42E65FE028CF89ED93E0D5CF0A
:1003F00084E090E00E94C9C08C01DC0113961C923D
:100400001E92129783ED92E08D939C93C9CF8091B9
:10041000F50B8823E1F18091181955EEE52E53E094
:10042000F52E811104C049EDE42E43E0F42E8EE157
:1004300090E00E94C9C08C01B7010E94292AAE0138
:100440004E565E4F60E0C8010E94CA93F82E011517
:10045000110541F0D801ED91FC910680F781E02D66
:10046000C8011995F1101EC081E0909117199111E2
:1004700001C080E00E94076FAE014E565E4F60E9FA
:1004800071E0CE0186579F4F0E942C1DE9C882E083
:1004900090E00E94C9C08C018BEE92E0F80191833C
:1004A0008083CDCF8091F50B882331F0809118198E
:1004B00091E08927809318198091191990911A1940
:1004C000019690931A19809319190E94752A0E9417
:1004D0002B700E94EE7586CE60E873E1CE0109961E
:1004E0000E944C1C882309F47AC08091F50B40E5EA
:1004F0005FE0882309F4A1CEBE0160517E4FCE019A
:1005000081960E946B1C40E45FE0882309F495CE3D
:10051000CF57DF4F488159816A817B81C158D040D4
:100520004E365105610571056CF08091F50B8823FD
:1005300061F080E090E2B0E0A0E084179507A607A4
:10054000B70734F44AE25FE078CE80E09CE0F3CF76
:10055000CE0180519E4F0E94C2298C01CF57DF4FA0
:10056000288139814A815B81C158D040BC01C501D5
:100570000E949C9FF82E0115110541F0D801ED91C4
:10058000FC910480F581E02DC8011995FF20F9F058
:10059000BE0160517E4FCE018E529E4F0E94292A8D
:1005A000AE014E565E4F60E0CE018E529E4F0E94CD
:1005B000CA93182FCE018E529E4F0E9440341111C3
:1005C00011CECE0180519E4F0E94D11F55CF63E1C5
:1005D0007FE0CE018E569E4F0E9423C5F2CF65E785
:1005E00073E1CE0109960E944C1C882309F472C065
:1005F0008091F50B49EE5EE0882309F41ECECF57BB
:10060000DF4F88819981AA81BB81C158D0408E5625
:100610009109A109B10943ED5EE083399F41A1052C
:10062000B10508F00ACE8AE493E00E94C2298C0149
:10063000CF57DF4F288139814A815B81C158D04033
:10064000BC01C5010E949C9FF82E0115110541F0C7
:10065000D801ED91FC910480F581E02DC801199538
:100660004CEB5EE0FF2009F4E8CD8091A60B909161
:10067000A70B01969093A70B8093A60B892B31F4BF
:1006800081E090E09093A70B8093A60B0FEF1FEFF4
:1006900098014BEA5EE068EC70E0CE0186579F4F10
:1006A0000E9452A66AE97EE0CE0186579F4F0E94C3
:1006B0001CA66091A60B7091A70BCE0186579F4F89
:1006C0000E9495A56DE7CE0186579F4F0E94A6A573
:1006D0000C94307B69E673E1CE0109960E944C1CB4
:1006E000882309F4A4C08091F50B48E85EE08823D4
:1006F00009F4A3CDC75FDD4F188219821A821B82CD
:10070000C950D240AE01475F5D4F66E274E0CE0152
:1007100081960E94439AC75FDD4F88819981AA81A3
:10072000BB81C950D2403DEB632E34E0732E892B40
:100730008A2B8B2B59F480911819882309F44BC00C
:1007400089ED93E03C01B4E06B0E711CD12CC12CFF
:100750008E010E561E4F7E01EEE2EE1AEEEFFE0AFD
:1007600091E8892E9EE0992E24E1422EC8010E9434
:100770003B9BAE0140515E4FB701C8010E94B233AE
:10078000582E882331F0B301C7010E945FCE892B18
:1007900081F3C8010E940922882319F0C8010E9430
:1007A000A0335520D9F0FF92EF929F928F921F9223
:1007B0004F921F930F930E94BBC5C8010E94D11F87
:1007C0000FB6F894DEBF0FBECDBF882339F03FEFE0
:1007D000C31AD30ACBCF85EE93E0B4CF1092A70B08
:1007E0001092A60BC75FDD4F88819981AA81BB81DA
:1007F000C950D240892B8A2B8B2B21F010921819CB
:100800000E94752A0FEF1FEF980140E75EE068EC49
:1008100070E0CE0186579F4F0E9452A66AE57EE0A7
:10082000CE0186579F4F0E941CA6B60146CF6FE5AA
:1008300073E1CE0109960E944C1C882309F47AC00A
:100840008091F50B48E45EE0882309F4F6CC8E0134
:100850000E521E4F2DE0A8016AE274E0CE0181968F
:100860000E9471288823F1F06FE37EE0C8010E94A6
:100870001AC5892B39F065E37EE0C8010E941AC5CC
:10088000892B81F4CF57DF4F88819981AA81BB8161
:10089000C158D040181619061A061B0634F04FE04E
:1008A0005EE0CBCC45E25EE0C8CC1F930F9387E0BF
:1008B0009EE09F938F931F9288E18F937E018EE637
:1008C000E81A8EEFF80AFF92EF920E94BBC58CEFF8
:1008D00093E00E94DB1F0FB6F894DEBF0FBECDBFC2
:1008E000F8018681873421F480EC92E00E94D11FC8
:1008F000C7010E94C2298C01CF57DF4F288139815F
:100900004A815B81C158D040BC01C5010E949C9FB7
:10091000F82E0115110541F0D801ED91FC910480EC
:10092000F581E02DC801199540EF5DE0FF2009F445
:1009300084CC58CC64E573E1CE0109960E944C1C2E
:10094000382E8823E9F124E0AE014E565E4F6FE267
:1009500074E0CE0181960E9471284DED5DE0882300
:1009600009F46BCC6AED7DE0CE018E569E4F0E945D
:100970001AC5892BB1F48091F50B48EC5DE0882312
:1009800009F45BCC80E00E94076F809118198823DE
:1009900029F089ED93E00E94D11F8ECD85EE93E082
:1009A000FACF65EC7DE0CE018E569E4F0E941AC5AF
:1009B000892B19F40E94B1AA7FCD40EB5DE03DCCBC
:1009C00068E473E1CE0109960E944C1C882309F467
:1009D00076C08091F50B811103C047E053E12DCC27
:1009E0008091181969ED73E0811102C065EE73E022
:1009F000CE018E529E4F0E94292ACE018E529E4FCA
:100A00000E94D6153C01CC52DE4F8881C45DD14096
:100A1000882309F44CC0C3018E56910983399B4049
:100A200008F045C00E94B1AA02E010E07E01EEE6A7
:100A3000EE1AEEEFFE0A6301C01AD10AF1E2CF16F8
:100A4000D10418F080E2C82ED12C9601A701B8017C
:100A5000CE018E529E4F0E94EA32282E882339F111
:100A6000270148018E189F0821E0821A2CEF920A74
:100A7000C2018E199F098C159D0548F4D2016D9114
:100A80002D01C4018A0F9B1F0E941D29F1CF005E1A
:100A90001F4F0615170578F260E580E094E00E948C
:100AA0001D2962E481E094E00E941D29322CCE01D0
:100AB0008E529E4F0E944034311094CB8ECF6AEFFD
:100AC00072E1CE0109960E944C1C8823B1F08091FE
:100AD000F50B882379F0BE016E567E4FCE018196CC
:100AE0000E946B1C882331F0CE018E569E4F0E94CF
:100AF000D11F78CB4AEE52E1A0CB61EE72E1CE017C
:100B000009960E944C1C882349F1AE014E525E4F5B
:100B100064E374E0CE0181960E94439A4EEC52E168
:100B2000882309F48ACB81E0CE52DE4F4881598177
:100B30006A817B81C25DD140452B462B472B09F44E
:100B400080E0809317190E94752A81E0909117190F
:100B5000911101C080E00E94076F44CB62EC72E10A
:100B6000CE0109960E944C1C882309F480C1AE0175
:100B700040515E4F66E374E0CE0181960E94439A35
:100B8000F82E8823B1F0C051DE4F88819981AA8167
:100B9000BB81C05FD140AC01BD0148505109610922
:100BA0007109403751056105710508F0DDC080937A
:100BB0000C19AE0140515E4F6BE374E0CE0181969B
:100BC0000E94439A882381F0C051DE4F48815981A9
:100BD0006A817B81C05FD14042305105610571055A
:100BE00018F440931B19F82EAE0140515E4F61E49A
:100BF00074E0CE0181960E94439A882381F0C0510F
:100C0000DE4F488159816A817B81C05FD14043308A
:100C100051056105710518F440930D19F82EAE01C8
:100C200040515E4F66E474E0CE0181960E94439A83
:100C30008823B1F0C051DE4F488159816A817B81A0
:100C4000C05FD1408A019B01085011092109310977
:100C5000003711052105310518F440930E19F82EBF
:100C6000AE0140515E4F6BE474E0CE0181960E946C
:100C7000439A882399F0C051DE4F488159816A8197
:100C80007B81C05FD1408A019B010B7F0031110540
:100C90002105310519F440930F19F82EAE0140518A
:100CA0005E4F60E574E0CE0181960E94439A8823EE
:100CB000B1F0C051DE4F488159816A817B81C05FAC
:100CC000D1408A019B0101501109210931090430E9
:100CD00011052105310518F440931019F82E8E01E5
:100CE0000E561E4F28E1A80165E574E0CE018196FD
:100CF0000E947128E82E882309F451C06AE574E047
:100D0000C8010E945FC56E01BEE2CB1ABEEFDB0ACE
:100D1000F12C46010097A9F1E6E0FE16B9F10E9418
:100D2000E1C4E6EBF2E020E04190512C712C612C03
:100D3000641575058605970509F42E2D32E0E03C13
:100D4000F30791F72B013C01A2E04A1A5108610810
:100D50007108B4E44B1651046104710410F42223A9
:100D600029F04DE95DE069CAF12C23CFF394F60137
:100D700061936F016AE574E090E080E00E945FC5D6
:100D8000C9CFF6E045E85DE0FF1257CA86E0F401FE
:100D9000A1E1B9E101900D928A95E1F7FE2C28E1DD
:100DA000A8016CE574E0CE0181960E947128882329
:100DB000B1F1F80101900020E9F73197E01BF10B48
:100DC0009E2EE15045E75DE0EF3008F036CA68013D
:100DD000D601ED906D018E2D0E2C000C990B0E940A
:100DE0000BCE892B31F4BDE2EB1619F046E55DE040
:100DF00024CA8C2D801B891558F3B8018CEF98E11B
:100E00000E9468CE40E150E06CEF78E18AE299E11F
:100E10000E9463C58091410781110E947F8F28E164
:100E2000A80161E674E0CE0181960E9471288823B2
:100E300081F0F80101900020E9F7E01BE55046E35E
:100E40005DE0E53008F0F9C9B80183EF98E10E9450
:100E500068CE0E94752AFF2009F4C4C90E94DE7082
:100E60000E948C700E94EE750E942B70BBC969EBCA
:100E700072E1CE0109960E944C1C882309F437C9FF
:100E80008EE0EFE4F2E0DE01AE52BE4F01900D9233
:100E90008A95E1F78E010E521E4F7E01EEE6EE1AA4
:100EA000EEEFFE0A6801FEE0CF0ED11C4701D8012B
:100EB0006D917D918D01A701CE0181960E94439A8B
:100EC000811103C04AE952E1B8C9B4E0EB0EF11C4C
:100ED000C016D10661F7F40160817181828193812E
:100EE00024E630E040E050E00E9466CC862FD4013A
:100EF0005896CC9058975496EC90549750960C91E5
:100F000050971C962C911C9718964C9118971496F4
:100F10006C910E94AE1C41E852E1882309F4E9C8B3
:100F200061C9CF92DF92EF92FF920F931F93CF93FD
:100F3000DF9300D000D000D01F92CDB7DEB77C0188
:100F40006B011A861986D701ED91FC91119780816A
:100F5000803221F43196ED93FC93F5CFCE010996C2
:100F60009F938F9302979F938F9302979F938F9353
:100F700002979F938F938E010F5F1F4F1F930F93C5
:100F800082E498E09F938F93FF93EF930E94F8C5BC
:100F90000FB6F894DEBF0FBECDBF049781F080E09E
:100FA0002A960FB6F894DEBF0FBECDBFDF91CF916A
:100FB0001F910F91FF90EF90DF90CF900895D8018F
:100FC000F60196012C5F3F4F8D919D918F3F9105CA
:100FD00009F028F78193E217F307B1F7D7018D9154
:100FE0009C91119729853A85820F931F8D939C932D
:100FF00081E0D6CFBF92CF92DF92EF92FF920F9314
:101000001F93CF93DF9300D01F92CDB7DEB76CE371
:1010100078E08AE399E10E941CA68091AA0B6BE21A
:1010200078E0811108C08091AB0B6AE178E08823F9
:1010300011F065E178E08AE399E10E941CA663E380
:1010400078E08AE399E10E941CA66091E00A709121
:10105000E10A8AE399E10E9495A56FE278E08AE3CC
:1010600099E10E9440A637E1E32E3EE0F32E10E026
:10107000B12C89EC9FEF9C0127513E406901F7019B
:1010800001917F018FEF800F853008F042C0812FE2
:101090000E945C6D81113DC062E178E08AE399E1D4
:1010A0000E941CA6163308F4AAC061E48AE399E101
:1010B0000E94A6A5B6016E0D7F1D8AE399E10E94EC
:1010C000DFA560E28AE399E10E94A6A5E02FF0E0A7
:1010D000EE0FFF1FE35AFD4F608171818AE399E1B2
:1010E0000E9414A66EE078E08AE399E10E941CA6B3
:1010F000812F043009F090C00E94039DBC018AE357
:1011000099E10E94DFA58AE399E10E949BA5BB2497
:10111000B3941F5F163409F0B2CFB11006C06BEF65
:1011200077E08AE399E10E9440A6F12C96E1B92E7E
:1011300080915D0EF81608F072C00F2D10E0B09E81
:10114000C001B19E900D11249C01225A314F6901BA
:10115000BE016F5F7F4FF90180810E94407088233C
:1011600009F44BC0EB80EE2009F447C061EF77E053
:101170008AE399E10E941CA6B8016F5F7F4F8AE362
:1011800099E10E94DFA569EE77E08AE399E10E9488
:101190001CA64AE050E0F60160818AE399E10E94D2
:1011A0009FA565EE77E08AE399E10E941CA683E0A3
:1011B000000F111F8A95E1F70352184FF801408183
:1011C0005181628173818AE399E10E94ADA5F1E0CA
:1011D000FE1578F462EE77E08AE399E10E941CA69E
:1011E000F80144815581668177818AE399E10E9403
:1011F000ADA58AE399E10E949BA5F39499CF64E49D
:101200008AE399E10E94A6A54AE050E0612F8AE3B3
:1012100099E10E949FA555CF0E94709C6FCF0F90BF
:101220000F900F900F90DF91CF911F910F91FF9032
:10123000EF90DF90CF90BF900895EF92FF921F93B1
:10124000CF93DF9300D000D0CDB7DEB761EC77E06D
:101250008AE399E10E9440A664EA77E08AE399E193
:101260000E941CA66AE279E18AE399E10E9414A631
:101270006DE977E08AE399E10E9440A666E977E0AC
:101280008AE399E10E941CA6809130026CE177E02C
:10129000813051F06EE477E0813030F06CE077E03F
:1012A000823011F062E077E08AE399E10E9440A683
:1012B0006DEF76E08AE399E10E941CA680913002EE
:1012C0008350823008F0B3C0CE0101960E949C4743
:1012D000BE016F5F7F4F8AE399E10E94B78F8091D3
:1012E0001C1964EE76E0813041F0809130026CEDA3
:1012F00076E0843011F462EC76E08AE399E10E94B2
:1013000040A66DEE76E08AE399E10E941CA68DEE80
:10131000E82E88E1F82E10E0F70181917F018031FD
:1013200028F460E38AE399E10E94A6A540E150E039
:10133000F701319760818AE399E10E949FA51F5FC1
:10134000163009F07BC08AE399E10E949BA56DEB02
:1013500076E08AE399E10E941CA68091F50B6AE889
:1013600076E0882311F068EA76E08AE399E10E944A
:1013700040A661EB76E08AE399E10E941CA6809189
:10138000AB0B882309F460C06EEF7DE08AE399E13E
:101390000E9414A667E876E08AE399E10E941CA601
:1013A0004AE050E060915D0E8AE399E10E949FA5BA
:1013B0008091AA0B68E676E0882311F068E776E072
:1013C0008AE399E10E9440A66BE576E08AE399E121
:1013D0000E941CA68091621B9091631B009711F4E0
:1013E00088E69BE1BE016F5F7F4F681B790B8AE344
:1013F00099E10E94DFA58AE399E10E949BA566E33B
:1014000076E08AE399E10E9440A665E176E08AE30E
:1014100099E10E9440A626960FB6F894DEBF0FBE53
:10142000CDBFDF91CF911F91FF90EF90089563EFB3
:1014300076E08AE399E10E941CA651CF6AE38AE331
:1014400099E10E94A6A568CF8091E20A66E774E060
:10145000882311F062EE7AE08AE399E10E943AA5CE
:101460008AE399E10E949BA5AFCFAF92BF92CF9242
:10147000DF92EF92FF920F931F93CF93DF9300D0F1
:1014800000D0CDB7DEB7CE0101960E949C47CE01B9
:1014900001960E94B9A980914107811176C093E716
:1014A000E92E9AE1F92ED12CC12CF701819191916D
:1014B0007F01892B09F085C08AE090E00E94C9C0B5
:1014C0008C01009709F47DC0FC01178216821186F9
:1014D00010868FE090E00E94C9C07C01F8019583DE
:1014E0008483892B09F479C090E080E00E94C9C010
:1014F000F80191878087009709F46CC06DEB74E068
:101500000E9468CE80E590E0F80191838083138289
:1015100012826EE774E0C7010E9468CEF701019065
:101520000020E9F73197EE16FF0620F4319781810C
:101530008E32C9F77F0182E0E80EF11CF7010190BD
:101540000020E9F7CF018E199F090B960E94C9C0B0
:101550005C01F80197838683009741F0B7010E94F0
:1015600068CE6EE874E0C5010E9449CEF601EE0F28
:10157000FF1FED58F54E11830083960142E050E0C5
:1015800060E070E0CB010E9420A781E080934107DA
:1015900062E770E184E49AE10E940D430E941D8994
:1015A00026960FB6F894DEBF0FBECDBFDF91CF9168
:1015B0001F910F91FF90EF90DF90CF90BF90AF9071
:1015C0000895FFEFCF1ADF0A88E0C816D10409F0AA
:1015D0006CCFDBCFC7010E9465C1F8018085918582
:1015E000009711F00E9465C1C8010E9465C1CDCF6E
:1015F0000F931F93CF93DF93CDB7DEB76E970FB6E0
:10160000F894DEBF0FBECDBF82E0809330020E940F
:10161000EE750E94507180911C19813009F049C00B
:101620006CE076E08AE399E10E9440A665E279E108
:10163000CE0149960E944A2161E279E1CE014396AA
:101640000E944A2127ED33E03E872D878B8D9C8DAC
:10165000AD8DBE8D8F87988BA98BBA8B38872F83E2
:1016600089879A87AB87BC876DE179E1CE010196C6
:101670000E944A219E012D5E3F4FAE01435F5F4FA6
:10168000BE01695F7F4FCE0101960E944F9083E0BB
:10169000809330020E94358A0E94EE756E960FB6D6
:1016A000F894DEBF0FBECDBFDF91CF911F910F9198
:1016B00008956AEF75E08AE399E10E9440A680915F
:1016C0004E0581112AC0109236051092350588EE1C
:1016D00093E0A0E0B0E08093370590933805A093A5
:1016E0003905B0933A058DEA93E0909334058093E1
:1016F000330587ED93E09093420580934105109266
:10170000430510924405109245051092460588E065
:1017100080934B0581E080934E0580EF94E0909399
:10172000A90B8093A80B0E94D73A882309F4AEC076
:1017300080E591E00E94CF2A46E050E06DEE78E12E
:1017400089E090E00E940E2387ED93E09A838983DD
:101750001B821C821D821E82CE0103960E940325DD
:101760008091A80B9091A90BDC0192961D921D927D
:101770001D921C929597FC0116A217A210A611A605
:101780009A961D921D921D921C929D9740E45FE1D6
:1017900060E070E046AB57AB60AF71AF40EA5FE02E
:1017A00060E070E0DA964D935D936D937C93DD97E6
:1017B0003E9624E1DF011D922A95E9F726E0EDEE41
:1017C000F8E1DC01189601900D922A95E1F7FC01F1
:1017D000EE5BFF4F10820E94DB448130910509F0DF
:1017E00052C080E591E00E94CF2A6091A80B7091D1
:1017F000A90B625F7F4FCE0101960E944A21CE0164
:1018000003960E9403256091A80B7091A90B6A5E54
:101810007F4FCE0101960E944A21CE0103960E947D
:1018200011256091A80B7091A90B6E5E7F4FCE01C0
:1018300001960E944A21CE0103960E940A256091DA
:10184000A80B7091A90B625E7F4FCE0101960E949A
:101850004A218B819C81AD81BE818093241A909313
:10186000251AA093261AB093271A0E94209D7F73F1
:10187000809136029091370268277927709337025A
:101880006093360204CF892B09F001CF84E0809366
:1018900030028091F21891E08E3F08F490E091952B
:1018A000990F891B8F5F9091F11821E09E3F08F4FA
:1018B00020E02195220F921B9F5F07ED13E01A8312
:1018C000098329EA2B832EEF2C839D838E83CE01FF
:1018D00001960E9412901A8309838FEF8B838C8369
:1018E0001D821E82CE0101960E94E78F1A83098312
:1018F0001B821C821D821E82CE0101960E94BC8F1B
:1019000065EC75E08AE399E10E9440A6C3CE809120
:101910003002882331F00E94ED47019711F40C94B6
:10192000F88A60E578E08AE399E10C9440A64F924A
:101930005F926F927F928F929F92AF92BF92CF925F
:10194000DF92EF92FF920F931F93CF93DF93EC01FF
:101950004B017A012901DB010D911C9188818823BB
:1019600009F45AC05E01FE0181E090E0219122233A
:1019700021F02E3211F00196F9CF6C01B1E0CB1AB3
:10198000D108F7013196D701CC923E01680E791E3D
:101990002BE030E0D5018D915D01A615B70509F565
:1019A000CC0EDD1EE601BFEFCB1ADB0A88818E323A
:1019B000C9F32C30310591F280915F1A9091601A31
:1019C0004CE050E06A01C21AD30ADC01ED91FC91AF
:1019D0000280F381E02DA601B70119950C0D1D1DA4
:1019E000BDCF80832150310931961216130694F22F
:1019F00080915F1A9091601ADC01ED91FC91028058
:101A0000F381E02D4CE050E0B7011995045F1F4FC2
:101A1000F7012CE030E0BECF452891F0F7011082AD
:101A200080915F1A9091601ADC01ED91FC91028027
:101A3000F381E02D41E050E0B70119950F5F1F4F92
:101A4000F40111830083DF91CF911F910F91FF90DB
:101A5000EF90DF90CF90BF90AF909F908F907F904E
:101A60006F905F904F900895CF92DF92EF92FF9228
:101A70000F931F93CF93DF931F921F92CDB7DEB7C3
:101A80006C018B01DC018D919C919A8389838FE598
:101A9000E82E8AE1F82E21E030E0AB01BE016F5F55
:101AA0007F4FF701828993890E94978CD8011C92FD
:101AB00081E011968C93119790E812969C9312975F
:101AC00013968C93F70180819181DC01ED91FC915B
:101AD0000280F381E02D44E050E0B801199589813E
:101AE0009A8104969A83898380E090E0A0E0B8E729
:101AF000F80180839183A283B38380E094E095838F
:101B00008483D70115962C91159716969C9116975C
:101B100017968C91179714963C91149736832783C8
:101B2000908781878D919C91DC01ED91FC910280E1
:101B3000F381E02D4AE050E0B801199589819A813E
:101B40000A96F601918380830F900F90DF91CF91D9
:101B50001F910F91FF90EF90DF90CF900895AF927B
:101B6000BF92CF92DF92EF92FF920F931F93CF938A
:101B7000DF931F921F92CDB7DEB77B016A01590137
:101B8000FB01208131813A8329838C01065F1F4F3D
:101B9000F801EE0FFF1FE15AF54E0190F081E02DA4
:101BA000A114B10459F1868197819501A601BE0166
:101BB0006F5F7F4F0E94978CAB2871F4000F111F4D
:101BC000F801E15AF54E0190F081E02D8281938178
:101BD0000097B9F0019709F189819A81F701918302
:101BE00080830F900F90DF91CF911F910F91FF9005
:101BF000EF90DF90CF90BF90AF9008958481958152
:101C0000D4CF8EE894E021E030E0A601BE016F5F02
:101C10007F4F01960E94978CDFCF8FEC94E0F3CF3B
:101C2000AF92BF92CF92DF92EF92FF920F931F93EA
:101C3000CF93DF938C01EB01A880B980DC01ED919B
:101C4000FC9180E090E0A216B3062CF1CA017F015E
:101C5000D7017D917D01DC016D91CD01472F50E0D1
:101C600071547A3110F4405E5F4FC62ED12C61540E
:101C70006A3118F4B0E2CB0ED11C4C195D0931F475
:101C8000B7016E1B7F0B6217730710F381E090E0C2
:101C9000452B09F080E0E20FF31FD8011196FC9369
:101CA000EE93A501421B530B9A015983488340814F
:101CB0004E3239F43196ED93FC932150310939833A
:101CC0002883DF91CF911F910F91FF90EF90DF90CC
:101CD000CF90BF90AF9008958150823108F05AC0E4
:101CE000E82FF0E08827E858F1478F4F0C94DBCCC1
:101CF000988E9C8E8A8E908E948ECA8E9F8EA58E84
:101D0000A98EAF8EB38EB78EBD8EC18ECA8EC58E94
:101D1000CB8ECF8E809180008F7780938000089546
:101D2000809180008F7DF9CF80918000877FF5CFF3
:101D300084B58F7784BD089584B58F7DFBCF809166
:101D4000B0008F778093B00008958091B0008F7DB0
:101D5000F9CF809190008F778093900008958091C3
:101D600090008F7DF9CF80919000877FF5CF809193
:101D7000A0008F778093A00008958091A0008F7DB0
:101D8000F9CF8091A000877FF5CF809120018F77D8
:101D9000809320010895809120018F7DF9CF80915B
:101DA0002001877FF5CF0895AF92BF92CF92DF9247
:101DB000EF92FF920F931F93CF93DF936C017B0100
:101DC0008B01040F151FEB015E01AE18BF08C01791
:101DD000D10759F06991D601ED91FC910190F08104
:101DE000E02DC6011995892B79F7C501DF91CF91B7
:101DF0001F910F91FF90EF90DF90CF90BF90AF9029
:101E000008954F925F926F927F92AF92BF92CF925E
:101E1000DF92EF92FF920F931F93CF93DF931F9266
:101E20001F92CDB7DEB76C015B017A012801390141
:101E3000DB018D919C919A83898321E030E0BE0182
:101E40006F5F7F4FC6010E94AF8DF70110828CE05B
:101E50008183128281E08383742C66245524442478
:101E60004482558266827782F601EE0FFF1FED589D
:101E7000F54E0190F081E02D0480F581E02DDF0129
:101E80000D900020E9F7CD018E1B9F0B0C96982733
:101E900089279827F7019187808780915F1A909111
:101EA000601ADC01ED91FC910280F381E02D4AE0A3
:101EB00050E0B701199589819A810A969A8389839E
:101EC00030E020E0A701BE016F5F7F4FC6010E9496
:101ED000AF8D89819A81F501918380830F900F9056
:101EE000DF91CF911F910F91FF90EF90DF90CF90F6
:101EF000BF90AF907F906F905F904F9008950F9339
:101F00001F93CF93DF938091711A9091721A00976B
:101F100011F00E9465C1CAE2D9E1FE0101900020E2
:101F2000E9F7CF01845299410E94C9C08C01909376
:101F3000721A8093711A90E080E00115110591F0FA
:101F4000BE01C8010E9468CE09900020E9F7CE01C9
:101F50008B52994163E974E0800F911F0E9468CE13
:101F600081E090E0DF91CF911F910F9108959C0146
:101F7000CB01B9010C944D160F931F93CF93DF93B0
:101F800000D000D0CDB7DEB78C0180E591E00E9493
:101F9000CF2A87ED93E09A838983F8018281938128
:101FA000A481B5818B839C83AD83BE83CE010396D0
:101FB0000E9411250E949E2A26960FB6F894DEBF35
:101FC0000FBECDBFDF91CF911F910F9108950F9359
:101FD0001F93CF93DF9300D000D0CDB7DEB78C0135
:101FE00080E591E00E94CF2A87ED93E09A83898370
:101FF000F80182819381A481B5818B839C83AD8319
:10200000BE83CE0103960E940A250E949E2A269630
:102010000FB6F894DEBF0FBECDBFDF91CF911F91F9
:102020000F9108950F931F93CF93DF9300D000D0AB
:10203000CDB7DEB78C0180E591E00E94CF2A87ED15
:1020400093E09A838983F80182819381A481B58189
:102050008B839C83AD83BE83CE0103960E940325B0
:102060000E949E2A26960FB6F894DEBF0FBECDBF03
:10207000DF91CF911F910F91089520E3FC01208300
:102080003296862F82958F706F706A3030F4605D63
:102090006293682F8111F5CF0895695CF9CFCF92D3
:1020A000DF92EF92FF920F931F93CF93DF936C0118
:1020B000EB017A0189010E94D73A882331F180E54A
:1020C00091E00E94CF2A46E050E06DEE78E189E091
:1020D00090E00E940E23C60102960E940325C701CC
:1020E00002960E941125C80102960E940A250E94AC
:1020F0009E2A8A819B81AC81BD818093241A909312
:10210000251AA093261AB093271ADF91CF911F9119
:102110000F91FF90EF90DF90CF900895CF92DF92D4
:10212000EF92FF92CF93DF93CDB7DEB7C254D109C0
:102130000FB6F894DEBF0FBECDBFFC0142815381C4
:102140006481758123964CAF5DAF6EAF7FAF2397EF
:1021500081E023968FAF23972396CCACDDACEEAC19
:10216000FFAC2397CBAADCAAEDAAFEAA4DA75EA7D7
:102170006FA778AB88ABCDA4DEA4EFA4F8A8CFA25C
:10218000D8A6E9A6FAA68EABCBA8DCA8EDA8FEA837
:10219000C9A2DAA2EBA2FCA227ED33E03C8B2B8B89
:1021A0009FEF9D8B9E8B9F8B188E3E872D878AA7D6
:1021B000CFA0D8A4E9A4FAA4CF86D88AE98AFA8A5B
:1021C00038872F838CA389A19AA1ABA1BCA1898751
:1021D0009A87AB87BC873A8329834B835C836D8363
:1021E0007E839E012D5E3F4FAE01435F5F4FBE0178
:1021F000695F7F4FCE0101960E944F90CE5BDF4F0B
:102200000FB6F894DEBF0FBECDBFDF91CF91FF9028
:10221000EF90DF90CF900895682F88E29AE10C94B8
:102220005C1491E09093CA188093FC1A1092CB181A
:102230001092EC180895CF93DF93EC016E857F85A3
:102240008889998941E00E948B2C882351F08A89E2
:1022500020E2829FC00111248256994EDF91CF91D6
:10226000089590E080E0FACF8F929F92AF92BF9254
:10227000CF92DF92EF92FF920F931F93CF93DF9352
:1022800000D01F92CDB7DEB7FC018581813091F07F
:1022900080E00F900F900F900F90DF91CF911F91E2
:1022A0000F91FF90EF90DF90CF90BF90AF909F90F5
:1022B0008F900895848181FFEBCF83899489A589CC
:1022C000B689892B8A2B8B2B09F45FC07F0140E0F4
:1022D00050E0BA01CF010E94E02F8823C9F2F70134
:1022E000C38CD48C8788908CA18CB28C82E090E0D7
:1022F000A0E0B0E0F60180839183A283B3839E01C6
:102300002F5F3F4FB501A401C6010E94882E88238C
:1023100009F4BECF00E010E09801B501A401C601A8
:102320000E94E62D882309F4B3CF89809A80AB8080
:10233000BC80F6018789803119F188EF9FEFAFEFFC
:10234000BFE088169906AA06BB06C8F2F701178AED
:10235000108E118E128E138A148A158A168A848121
:102360008068848361E0C7010E94FB32882309F4FE
:102370008FCF40E050E0BA01C7010E94E02F89CF23
:1023800088EF9FEFA0E0B0E0DCCF81E082CFCF9379
:10239000DF93FC012581222321F080E0DF91CF91A2
:1023A0000895EC018091FC19803159F582E0858314
:1023B000178A108E118E128E8091FD199091FE1940
:1023C000B0E0A0E025E0880F991FAA1FBB1F2A9547
:1023D000D1F7838B948BA58BB68B85EE99E19C8F7F
:1023E0008B8F81E08C831E821F82188619861A8645
:1023F0001B861C861D861E861F86188A198A1A8AC5
:10240000CDCF803251F683E085834091FF19509102
:10241000001A6091011A7091021A478B508F618FD8
:10242000728F9F012D5E3F4F85EE99E10E94092F2B
:102430008111D3CFB2CF2F923F924F925F926F9282
:102440007F928F929F92AF92BF92CF92DF92EF9244
:10245000FF920F931F93CF93DF93CDB7DEB7C5568F
:10246000D1090FB6F894DEBF0FBECDBF5C013B01B2
:10247000A6964FAFA69719A218A28FE793E09F8F59
:102480008E8F1BA21C821B829A8389831E824E011F
:102490008EE1880E911CC4010E94C7918301FE0148
:1024A00031967F0124013E2E2F2C6FE270E0C8018F
:1024B0000E9454CE009709F458C0F80120812F32B1
:1024C00069F40F5F1F4F9E2D8F2D7201492E582EDC
:1024D000942D852D2701E92EF82EE7CF801B8D3016
:1024E00008F08CE0C82ED12CA601B801CE01885A84
:1024F0009F4F0E947DCEE8E5F0E0EC0FFD1FEC0D54
:10250000FD1D1082C7010E94933321E0AE01485A9D
:102510005F4FB201C7010E94D835811120C01EAEA5
:102520001DAE8FE793E09CAF8BAF21961FAE219736
:1025300010E000E0060D171DF801808181111DC01B
:10254000BE01655C7F4F832D922D0E94B92149EB1E
:1025500054E0632D722DC5010E9415222CC00C0D74
:102560001D1DC2010E949333B3CF06191709B20192
:10257000CE01CB960E94B921DDCF19A218A28FE718
:1025800093E09F8F8E8F1BA221968FAD2197811193
:102590002DC0F5011382128288EE93E0A0E0B0E036
:1025A00084839583A683B7838BE593E091838083AF
:1025B000128E118E1486C501CB59DF4F0FB6F894D9
:1025C000DEBF0FBECDBFDF91CF911F910F91FF9066
:1025D000EF90DF90CF90BF90AF909F908F907F90C3
:1025E0006F905F904F903F902F900895A6962FADDB
:1025F000A697A801BE01655C7F4FC4010E94D83533
:10260000882339F2CE01CB960E949333A6968FADE4
:10261000A6978670863039F449A95AA96BA97CA976
:10262000C4010E94E02FB401832D922D0E94B92194
:10263000A8018FCF4F925F926F927F928F929F925D
:10264000AF92BF92CF92DF92EF92FF920F931F93C0
:10265000CF93DF93CDB7DEB7C754D1090FB6F89447
:10266000DEBF0FBECDBF5C013B0119A218A28FE7F0
:1026700093E09F8F8E8F1BA21C821B829A8389837B
:102680001E8210E000E06E018EE1C80ED11C83E0D6
:10269000E82E8AE1F82EF501E00FF11F80818F32DC
:1026A00011F40F5F1F4FD501A00FB11FFE01FB9664
:1026B00090E080E04F012D912F3249F0222339F034
:1026C0000F5F1F4F019621938C309105A1F7880D64
:1026D000991DFC011082F501E00FF11F80818F32FE
:1026E00011F40F5F1F4FF501E00FF11F408041E033
:1026F000411040E030E020E0B401C701F30119953A
:10270000582E81111FC0F3E0EF16FAE1FF0699F58C
:10271000512C852DC95BDF4F0FB6F894DEBF0FBE7D
:10272000CDBFDF91CF911F910F91FF90EF90DF9080
:10273000CF90BF90AF909F908F907F906F905F9061
:102740004F900895442091F021E0A401B701C60103
:102750000E94D835982E83E0E8168AE1F80679F0D1
:10276000C7010E94933391100FC0D2CF93E0E916B6
:102770009AE1F90671F2C7010E949333CACF9920FA
:1027800039F2FE0131967F019E2D8F2D7601C92EE3
:10279000D82E81CF2F923F924F925F926F927F926D
:1027A0008F929F92AF92BF92CF92DF92EF92FF9261
:1027B0000F931F93CF93DF93CDB7DEB7C555D140AD
:1027C0000FB6F894DEBF0FBECDBF6C01CA5BDE4F03
:1027D0006883C654D140142F052FDC01ED91FC9184
:1027E0000280F381E02D19955C018E36910508F485
:1027F0002EC6D601ED91FC910190F081E02D28E2EA
:1028000030E0AE0141535F4F70E060E0C6011995C2
:10281000882309F41CC6C153DF4F8881CF5CD040A8
:10282000803539F4C053DF4F8881C05DD040823499
:1028300091F08FE393E29F938F931F9280E38F93A6
:102840000F931F930E94BBC50F900F900F900F9096
:102850000F900F9019C0CF52DF4F8881C15DD040DB
:10286000823071F11F928F9384E293E29F938F9352
:102870001F9280E38F930F931F930E94BBC50FB6E7
:10288000F894DEBF0FBECDBFF12C8F2DCB5ADE4F9B
:102890000FB6F894DEBF0FBECDBFDF91CF911F9171
:1028A0000F91FF90EF90DF90CF90BF90AF909F90EF
:1028B0008F907F906F905F904F903F902F900895F2
:1028C000CE52DF4FE880C25DD040CD52DF4F8881CD
:1028D0009981C35DD040CB52DF4F48805980C55DA0
:1028E000D040C05CDE4F59824882C054D140C952AA
:1028F000DF4F68807980C75DD040CB5CDE4F798246
:102900006882C553D140C752DF4F48815981C95DA4
:10291000D040C552DF4F28813981CB5DD040C352B2
:10292000DF4F88809980CD5DD040CD5CDE4F9982AD
:102930008882C353D1408114910451F12A0148186F
:102940005908C55CDE4F59824882CB53D140C152F1
:10295000DF4F68807980CF5DD040C35CDE4F7982E5
:102960006882CD53D14060E6762E7E14C0F41F926B
:1029700080E68F931F92EF9288E093E29F938F936C
:102980001F9280E38F930F931F930E94BBC577CF55
:10299000C55CDE4F19821882CB53D140D8CFA81620
:1029A000B90608F472C06091F50B662309F46AC099
:1029B00060E070E26817790708F467C0C35CDE4F17
:1029C00048805980CD53D1404201B12CA12CCB5C21
:1029D000DE4F68807980C553D140860C971CA11CBE
:1029E000B11C61E0861662E09606A104B10408F00D
:1029F0004FC0A5E1EA9EB001112462597F4FC05C2F
:102A0000DE4F48805980C054D14046165706B8F171
:102A1000B0E0A0E0840C951CA11CB11C88159905A0
:102A2000AA05BB0560F14901B12CA12C840E951EAD
:102A3000A11CB11C88159905AA05BB0500F1CD5C48
:102A4000DE4F68807980C353D1406114710431F145
:102A5000C201CB5CDE4F88809980C553D140880D80
:102A6000991DC35CDE4FA880B980CD53D1408A0D3B
:102A70009B1D6816790618F04615570578F482EB09
:102A800092E2D9CE60E07CE095CF80EF92E2D3CEA7
:102A900082E08F931F9287EC92E2E8CED601ED910F
:102AA000FC910190F081E02D26E430E0AE014F5919
:102AB0005F4F68E270E0C6011995F82E80EA92E255
:102AC000FF2009F4AAC4FE01EF59FF4F5F01712CEA
:102AD0004E01F8ED8F1AFEEF9F0AD5018D915D0131
:102AE000863018F08CE892E2A6CEB401872D0E94C1
:102AF000BBAAF501319760806620A9F0872D0E945E
:102B00005C6D81110BC0B4E06B120DC0F5E3F715DD
:102B100050F09F928F9281E692E2A8CE9F928F9280
:102B200085E792E2A3CE739436E47312D6CFAE015A
:102B30004F5F5F4FC75CDE4F59834883C953D14015
:102B40005A015EE6852E912C8A2DC75CDE4F588196
:102B5000C953D140851B8E1508F483C06EE57EE015
:102B6000C95CDE4F79836883C753D1408EE690E01D
:102B7000CC5BDE4F99838883C454D140312C212C07
:102B8000C95BDE4F1882C754D140C15CDE4F18824A
:102B9000CF53D140DE01A950BF4FCF5CDE4FB98388
:102BA000A883C153D140C55CDE4F68807980CB5388
:102BB000D1402301712C612CC85BDE4F48825982C1
:102BC0006A827B82C854D140C35CDE4FA880B98042
:102BD000CD53D1404501B12CA12CC45BDE4F88827E
:102BE0009982AA82BB82CC54D140CB5CDE4F6880F4
:102BF0007980C553D1402301712C612CC05BDE4F1D
:102C0000488259826A827B82C055D1409D012F5FE4
:102C10003F4FCC5ADE4F39832883C455D140822C94
:102C20002E1408F07FC3CE5BDE4F39822882C25457
:102C3000D140D601ED91FC910190F081E02D25E18C
:102C400030E0AE0149505F4FCC5BDE4F6881798147
:102C5000C454D140C601199581111AC08DE392E286
:102C6000EACDD601ED91FC910190F081E02D21E0BB
:102C700030E0A501B401C6011995B5E18B0E911C98
:102C8000EFEFAE1ABE0A81115FCF8FE492E2D3CD8F
:102C9000BE01635D7E4FC950DF4F8881C75FD04062
:102CA0000E944070982E81110FC0C950DF4F88815B
:102CB000C75FD0401F928F93BFEF2B1A3B0A3F9202
:102CC0002F9289E092E25ACEC450DF4F88819981D9
:102CD000AA81BB81CC5FD040C45FDE4F88839983DB
:102CE000AA83BB83CC50D140C050DF4F88819981EB
:102CF000AA81BB81C050D140C05FDE4F88839983D9
:102D0000AA83BB83C051D140CC5FDE4F88819981BB
:102D1000AA81BB81C450D140CC5EDE4F88839983A9
:102D2000AA83BB83C451D140C85FDE4F888199819B
:102D3000AA81BB81C850D140C85EDE4F8883998389
:102D4000AA83BB83C851D14047EFA42EB12CAC0E4F
:102D5000BD1EFFEFAF1ABF0A612CC501CF5CDE4F6D
:102D600048805980C153D14084199509D5012D91CE
:102D70005D012F3FC1F1C25DDE4F3881CE52D1409F
:102D8000631650F09F938F93BFEF2B1A3B0A3F922D
:102D90002F9286EE91E2F2CD822F90E09595879565
:102DA0002170722E8E15B8F444244394512C4C0E8D
:102DB0005D1E840D951DBE0169557F4FDC018C9110
:102DC0000E944070882339F0C755DF4F8881C95A67
:102DD000D040781640F0BFEF2B1A3B0A3F922F925B
:102DE0008BEC91E243CD6394F4E06F12B6CFC45FF5
:102DF000DE4F488059806A807B80CC50D140C35DD3
:102E0000DE4F8881CD52D1408A3209F4A0C108F04A
:102E100062C091012F5F3F4F59018E3109F40FC1FC
:102E2000D0F59FEF980F943008F49EC0863408F4D4
:102E300030C1BE01645E7E4F0E94B548C05EDE4F69
:102E4000E881F981C052D140309709F422C120E3D2
:102E5000412F502FBE016F597F4FCE01845F9E4F8F
:102E60001995811116C17E0127EAE20EF11C47E295
:102E700050E0612F702FC7010E947DCED701979639
:102E80001C92FF92EF92BFEF2B1A3B0A3F922F92B8
:102E900087E690E273CD8F3109F4E2C0883230F2D8
:102EA000C05FDE4F488159816A817B81C051D1402A
:102EB000C05BDE4F488059806A807B80C055D1401E
:102EC00044155505660577050CF4DBC0BF922F93BA
:102ED0008DEF90E2CBCC843320F591012F5F3F4FF3
:102EE000823308F0EFC18B3209F0A0CFF3E04F1628
:102EF00051046104710480F4C05FDE4F88819981C0
:102F0000AA81BB81C051D1400197A109B109409765
:102F1000A105B10508F4BDC03F932F9385E590E26C
:102F2000A5CC8E3308F482CF803408F484C1803479
:102F300009F07CCF882009F495C2C75CDE4FE88198
:102F4000F981C953D140319780818F3309F4A1C0F1
:102F5000CE5BDE4F88819981C254D14001969F9308
:102F60008F9380EB90E282CC36E4431651046104E7
:102F7000710428F0BF92AF9281EB91E277CC4E01C1
:102F800058ED851A5EEF950AB401842D0E94BBAA04
:102F9000C35DDE4F8881CD52D1409A2D2B2D8130DB
:102FA00091F4E1E6F0E0EC0FFD1FE40DF11D8081EE
:102FB0008150823008F46DC09F928F92BF92AF9281
:102FC00080E991E2DBCC833089F4E1E6F0E0EC0FBC
:102FD000FD1FE40DF11D8081843009F45AC09F92D9
:102FE0008F92BF92AF9281E791E2C8CC823019F004
:102FF000843009F04EC0E1E6F0E0EC0FFD1FE40D77
:10300000F11D3081333039F09F928F922F939F932F
:1030100082E591E2B3CC8430E1F58EEF840D8C3003
:10302000C0F184ED840D8330A0F19F928F92BFEFA9
:103030002B1A3B0A3F922F9289E391E29FCCCC5E00
:10304000DE4F88819981AA81BB81C451D140079705
:10305000A105B105F0F0BF922F9383E291E206CC77
:10306000CC5EDE4F88819981AA81BB81C451D14059
:103070000697A105B10568F0BF922F938EE091E20B
:10308000F5CB883209F048C1C15CDE4F9882CF533E
:10309000D140CA5BDE4F4880C654D140442051F134
:1030A000C950DF4F8881C75FD040C95CDE4FA8811F
:1030B000B981C753D1408C9311961C92119784E02B
:1030C000CC5ADE4FE881F981C455D1401296019067
:1030D0000D928A95E1F780E1FE01E45FFE4FC95C45
:1030E000DE4FA881B981C753D140169601900D9249
:1030F0008A95E1F7BFEF2B1A3B0AC95CDE4FE881E6
:10310000F981C753D1407696C95CDE4FF983E883D5
:10311000C753D140C75CDE4F28813981C953D140A4
:103120002F5F3F4FC75CDE4F39832883C953D1409F
:10313000CC5BDE4F48815981C454D1404B5E5F4F18
:10314000CC5BDE4F59834883C454D14068CDC85E00
:10315000DE4F68817981C851D1405B0134E0A30E14
:10316000B11CC55CDE4F48805980CB53D1404A1416
:103170005B0408F46FC1CD5CDE4F68807980C35377
:10318000D140660D771DD601ED91FC910190F08143
:10319000E02D24E030E0AE0149555F4FC60119959E
:1031A000C15CDE4F8883CF53D140882309F452C1DC
:1031B000C955DF4FA881C75AD0408FEF8A0F87FDCE
:1031C00032C0C855DF4F4881C85AD0408FEF840FB6
:1031D000803448F5842F877031F5C755DF4F28813B
:1031E000C95AD0402223F9F030E0B0E00E9498CCD8
:1031F000469546954695A42FB0E09B01AC010E94F0
:1032000085CC6A0D7B1D811D911DC85BDE4F4880FA
:1032100059806A807B80C854D1404616570668069C
:10322000790608F036CF5FEF251A350A3F922F92C4
:1032300085ED90E21BCBC101019677FC1AC1C05FFE
:10324000DE4F488159816A817B81C051D14014167B
:103250001506160617060CF00CC1440D551D661D0B
:10326000771DC45BDE4F688079808A809B80CC5458
:10327000D14064167506860697060CF4FAC0CC5E3B
:10328000DE4F488159816A817B81C451D14077FDED
:1032900014C0C85EDE4F88809980AA80BB80C85168
:1032A000D140B7FC0AC0480D591D6A1D7B1D413233
:1032B0005105610571050CF4ECCE9F938F9385E762
:1032C00090E2D4CACC5EDE4F4881C451D140CB5E7F
:1032D000DE4F9881C551D140923008F0CFC099237C
:1032E000C9F090E2491708F0C9C0833309F0D1CE84
:1032F000C85EDE4F88819981AA81BB81C851D140C7
:103300000497A105B10508F4C4CE3F932F938FE233
:1033100090E2ACCA90E8E6CFC95BDE4F9882C75412
:10332000D140B7CECA5BDE4F4880C654D14044205E
:1033300009F4ABCAE0925D0E86E4FE01EF59FF4F3F
:10334000A7E1BEE001900D928A95E1F786E1FE01CA
:10335000EF51FF4FAEEFBDE001900D928A95E1F77E
:103360001092140ECB5CDE4F68807980C553D1403B
:103370007092FD0D6092FC0DC35CDE4F2881398197
:10338000CD53D140260D371D2115310589F5CB5C74
:10339000DE4F88809980C553D140892809F04DC0FF
:1033A000C15CDE4F4880CF53D1404092FB0BC95BDC
:1033B000DE4F5880C754D1405092FA0BCD5CDE4F9F
:1033C00068807980C353D1407092F90B6092F80BFA
:1033D000C55CDE4F88809980CB53D1409092F70B2B
:1033E0008092F60BCA5BDE4FF880C654D1404DCABE
:1033F000D601ED91FC910190F081E02D4CEF5BE066
:10340000C05CDE4F68817981C054D140C6011995F6
:10341000F82E8111BCCF8DE190E29F938F931F9284
:1034200080E38F930F931F930E94BBC50F900F9063
:103430000F900F900F900F9028CACB5CDE4FE88161
:10344000F981C553D140E550F44F1082A9CF8FE4E4
:1034500093E2F1C92FEF221A320A3F922F9289EE9E
:1034600090E204CACE5BDE4F19821882C254D1406A
:103470006FCD9F938F938EE990E2F8C93F932F937E
:1034800082E490E2F3C90F931F93CF93DF93CDB7FC
:10349000DEB762970FB6F894DEBF0FBECDBF8A01CC
:1034A00020E1AE014F5F5F4F0E9471288823B9F081
:1034B0008981882399F04AE050E0BE016F5E7F4F1A
:1034C000CE0101960E9492C2F801608371838283CB
:1034D0009383E989FA8981E09081911180E0629675
:1034E0000FB6F894DEBF0FBECDBFDF91CF911F9115
:1034F0000F910895CF92DF92EF92FF920F931F9357
:10350000CF93DF93CDB7DEB7C756D1090FB6F89486
:10351000DEBF0FBECDBF8C017B01DB015996CD9084
:10352000DC90F6018581823008F49AC0828593850B
:10353000A485B5858F719927AA27BB27892B8A2B4C
:103540008B2B09F08DC040E250E0BE016F5F7F4FD2
:10355000C6010E947431803209F082C089818823BB
:1035600009F47EC0853E79F38E3269F38C8583FD44
:10357000EACF22961FAE1EAE22978FE793E09FAF51
:103580008EAF24961FAE2497BE016F5F7F4FE0E0A1
:1035900080E02EE2DB019D91BD019032A1F08830E8
:1035A00049F44BE550E04C0F5D1F4E0F511DDA0101
:1035B0002C93EF5F4BE550E04C0F5D1F4E0F511DFC
:1035C000DA019C93EF5F8F5F8B3021F78BE590E002
:1035D0008C0F9D1F8E0F911DFC011082D7015996F3
:1035E0006D917C9121E0AE01455A5F4FCE01CE96A0
:1035F0000E94D835882309F1BE01625C7F4FCE015D
:1036000081960E94B921AE01455A5F4FBE016F5DA0
:103610007F4FC8010E941522C801C959DF4F0FB65C
:10362000F894DEBF0FBECDBFDF91CF911F910F91F8
:10363000FF90EF90DF90CF900895F80113821282EF
:1036400088EE93E0A0E0B0E084839583A683B783FF
:103650008BE593E091838083128E118E1486DCCFEC
:10366000D80113961C921E92129788EE93E0A0E068
:10367000B0E0F801E9CF0F931F93CF93DF93CDB75D
:10368000DEB76B970FB6F894DEBF0FBECDBF8C01CF
:10369000DC0113961C921E92129788EE93E0A0E034
:1036A000B0E0F80184839583A683B7838BE593E02C
:1036B00091838083128E118E14868091F50B88235E
:1036C00069F041E068EF73E0CE0101960E941B9221
:1036D000BE016F5F7F4FC8010E949129C8010E94FF
:1036E0000922882361F0D8015996ED91FC91309719
:1036F00019F08581823018F4C8010E94A0336B96BE
:103700000FB6F894DEBF0FBECDBFDF91CF911F91F2
:103710000F9108958F929F92AF92BF92CF92DF92B6
:10372000EF92FF920F931F93CF93DF93CDB7DEB746
:1037300060970FB6F894DEBF0FBECDBF7C019091AD
:10374000F40B992351F108E0933309F404E06B0181
:1037500080E591E00E94CF2A9E012F5F3F4F5901E3
:10376000490110E0812F0E94BC23F40181934F0195
:103770008823D9F01F5F0113F5CF00E0F501819197
:103780005F018D3161F0883151F08A51823038F01B
:103790000F5F1013F3CF0E949E2A18E08AC060E1E9
:1037A00070E0802F0E943D25102FA12EB12CF50135
:1037B000EE0FFF1FEC51F44F1182108283EE93E065
:1037C0000197F1F742E870E060E0812F0E942E251A
:1037D0004FEF62E070E0812F0E942E25B601C114E8
:1037E000D10491F4809136029091370201968115AF
:1037F000F0EC9F0708F471C0909337028093360273
:103800006091360270913702812F0E94E72386E093
:10381000E1E3F3E0DE01199601900D928A95E1F75C
:10382000F70183818F778C8784818D8785818E874F
:10383000A7014E5F5F4F24E030E06CE070E0812F25
:103840000E94C023B601812F0E94D12326E030E0E0
:10385000AE01475F5F4F66E070E0812F0E94C0239A
:1038600061E070E0812F0E943D2527E02A9DC00184
:103870002B9D900D11249C012455344F7901F901A1
:103880001182108222E030E0AE01415F5F4F68E2BA
:1038900070E0812F0E94FD238F85988998278927C2
:1038A0009827F701938382831682158214820E94DF
:1038B0009E2A812F60960FB6F894DEBF0FBECDBF53
:1038C000DF91CF911F910F91FF90EF90DF90CF90FC
:1038D000BF90AF909F908F90089580E090EC8CCF38
:1038E000CF93DF93282F30E0F901E75CF04E84910D
:1038F000F901ED50F14ED491F901E355F14EC49127
:10390000CC23A1F081110E946C8EEC2FF0E0EE0F21
:10391000FF1FED56F14EA591B491EC91ED2381E09E
:1039200090E009F480E0DF91CF91089580E090E08D
:10393000FACF1F93CF93DF93282F30E0F901E75C94
:10394000F04E8491F901ED50F14ED491F901E35517
:10395000F14EC491CC23A9F0162F81110E946C8ED8
:10396000EC2FF0E0EE0FFF1FE758F14EA591B49158
:103970008FB7F894EC91111108C0D095DE23DC9339
:103980008FBFDF91CF911F910895DE2BF8CFCF939A
:10399000DF9390E0FC01ED50F14E24918355914E60
:1039A000FC0184918823C9F090E0880F991FFC01E5
:1039B000E15AF14EA591B491FC01E758F14EC59141
:1039C000D49161110DC09FB7F8948C9120958223FA
:1039D0008C938881282328839FBFDF91CF910895FE
:1039E000623051F49FB7F8943C91822F80958323E5
:1039F0008C93E8812E2BEFCF8FB7F894EC912E2B80
:103A00002C938FBFEACF863308F0865320917B003A
:103A1000982F9870277F922B90937B0087708064FB
:103A200080937C0080917A00806480937A008091FA
:103A30007A0086FDFCCF80917800909179000895FE
:103A40003FB7F8948091F81A9091F91AA091FA1A58
:103A5000B091FB1A26B5A89B05C02F3F19F001961F
:103A6000A11DB11D3FBFBA2FA92F982F8827BC01D8
:103A7000CD01620F711D811D911D42E0660F771F00
:103A8000881F991F4A95D1F70895CF92DF92EF9240
:103A9000FF920F931F93CF93DF93D091EC1881E0A7
:103AA000D13208F09CC0C091FC1A0E94209D6B018D
:103AB0007C018091C41881116CC082E08093C4188D
:103AC00081E08093C3188FEF8093C2181092C118C1
:103AD000D093C018ACECB8E1E0EAF8E180E0D8138C
:103AE0008DC010929F1880919F18CC0FC82BC09347
:103AF0009F1880919E18813009F084C010929E1802
:103B00000E94209D6B017C0180919F188093BB00D7
:103B10008091C6189091C718A091C818B091C91883
:103B2000892B8A2B8B2BA1F00E94209D0091C61817
:103B30001091C7182091C8183091C9186C197D09C7
:103B40008E099F09061717072807390708F442C08E
:103B50008091BC0083FDD8CF85EC8093BC000E948F
:103B6000209D6B017C018091C418823009F44CC007
:103B70008091C2188F3F09F469C08091C2188032C9
:103B800009F466C08091C218803309F463C084E0F0
:103B900026C08091C6189091C718A091C818B091FE
:103BA000C918892B8A2B8B2B09F483CF0E94209D67
:103BB0000091C6181091C7182091C8183091C918E3
:103BC0006C197D098E099F09061717072807390701
:103BD00008F06FCF8091C5180E946B2585E0109288
:103BE000CB181092EC181092CA18DF91CF911F9148
:103BF0000F91FF90EF90DF90CF9008959D9191935A
:103C00008F5F6DCF85EEA9CF8091C6189091C718B0
:103C1000A091C818B091C918892B8A2B8B2B09F455
:103C2000A2CF0E94209D0091C6181091C718209124
:103C3000C8183091C9186C197D098E099F0906179B
:103C400017072807390708F08ECFC4CF80E0C7CF09
:103C500082E0C5CF83E0C3CFEF92FF920F931F9313
:103C6000CF93DF93C82F80913A1A8130E1F480E13D
:103C7000C89FE00111246860C62B80913B1A0E9406
:103C800011918C2F846090E00E940C916C2F88E23F
:103C90009AE10E945C14DF91CF911F910F91FF90E8
:103CA000EF900C94459D823059F580913E1A0E9408
:103CB000999C80E4E82E8AE1F82E10E000E0D0E044
:103CC000BE01002E02C0759567950A94E2F76170F7
:103CD000F70181917F010E94999C0F5F1F4F043073
:103CE000110571F761E080913F1A0E94999C60E094
:103CF00080913F1A0E94999C83EC90E00197F1F724
:103D0000DF91CF911F910F91FF90EF900895CF9386
:103D1000DF93C82FD62F82958F700E942C9E6D2F17
:103D20008C2F8F70DF91CF910C942C9EEF92FF928D
:103D30000F931F93CF93DF93182FE92E062F8091B7
:103D400039020E94119190E080E00E940C91F12EC6
:103D5000C12FDE2D699188E29AE10E945C148C2FBC
:103D60008F198017B8F3DF91CF911F910F91FF90BA
:103D7000EF900C94459DCF93DF9300D0CDB7DEB785
:103D8000806B8983862F8F708A8362956F706061E4
:103D90006B8363E0CE0101960E94969E0F900F9078
:103DA0000F90DF91CF910895EF92FF920F931F93A1
:103DB000CF93DF937B0160913A020E94BB9EC0E0EB
:103DC000C7FD1CC0809139020E94119180E490E0EF
:103DD0000E940C9187010C0F111DDFE1DC0FC7FD64
:103DE0000AC0F80161918F0188E29AE10E945C1497
:103DF000CF5FCD13F4CF0E94459DE2CFDF91CF91ED
:103E00001F910F91FF90EF9008958F929F92AF9224
:103E1000BF92CF92DF92EF92FF924B015C010E9422
:103E2000209D6B017C010E94209D6C197D098E09EB
:103E30009F09683E734081059105A8F321E0821A2D
:103E40009108A108B10888EEC80E83E0D81EE11CD5
:103E5000F11C81149104A104B10429F7FF90EF90A3
:103E6000DF90CF90BF90AF909F908F900895CF93A9
:103E7000DF9362E370E080E090E00E94059F60E0E5
:103E800083E00E942C9ECBE4D6E4CE010197F1F7AB
:103E900060E083E00E942C9E2197F1F760E083E0D0
:103EA0000E942C9E83E592E00197F1F760E082E0AA
:103EB0000E942C9E60E088E20E94879E60E08CE079
:103EC0000E94879E60E086E00E94879E80913A1A59
:103ED000882341F060E081E00E94879E8BE39FE1B0
:103EE0000197F1F7DF91CF9108952FB7F894609182
:103EF000F41A7091F51A8091F61A9091F71A2FBF63
:103F000008950F931F93CF93DF93EC010E94759F49
:103F10008B010E94B6218F3F69F00E94759F601B44
:103F2000710B6C177D07A8F380E0DF91CF911F9193
:103F30000F91089581E0F9CF3F924F925F926F9277
:103F40007F928F929F92AF92BF92CF92DF92EF9229
:103F5000FF920F931F93CF93DF93CDB7DEB7C0547B
:103F6000D1090FB6F894DEBF0FBECDBF5C014B0187
:103F700069017A010E94759F2B013C01332433941F
:103F80008114910409F4312C1C141D041E041F0417
:103F90000CF05EC00E94759F641975098609970927
:103FA000683873418105910508F059C0C5010E9428
:103FB000A13C181619064CF0C5010E945A418823ED
:103FC00009F44DC00E942E61DFCFFC2DED2D3E2D5A
:103FD0002F2D41E4C416D104E104F10424F0F0E4EF
:103FE000E0E030E020E0092E000CAA0BBB0B4F2FC5
:103FF0005E2F632F722F84179507A607B7070CF45F
:10400000AC01BE016F5F7F4FC5010E94D73F8C019D
:10401000181619060CF0B8CF0E94759F2B013C01B1
:10402000332069F0D401ED91FC910190F081E02DF5
:10403000A801BE016F5F7F4FC4011995382E012E74
:10404000000C220B330BC01AD10AE20AF30ABACFD2
:10405000332029F081E0CD28CE28CF2809F080E058
:10406000C05CDF4F0FB6F894DEBF0FBECDBFDF914F
:10407000CF911F910F91FF90EF90DF90CF90BF9065
:10408000AF909F908F907F906F905F904F903F90F8
:1040900008958F929F92AF92BF92EF92FF920F93EB
:1040A0001F93CF93DF937C018B0149015A01C0E03C
:1040B0000E94759FA5019401261B370B480B590BD5
:1040C000DA01C901181619061A061B0654F4C701AD
:1040D0000E94BD3F97FF08C0C7010E945A4181114D
:1040E000E7CF8FEF9FEF09C08A30910589F4D0E0C8
:1040F000F801EC0FFD1F1082CE01DF91CF911F91CF
:104100000F91FF90EF90BF90AF909F908F90089588
:104110008D30910569F2CF3758F6F801EC0FF11D9B
:104120008083CF5FC5CF4F925F926F927F928F92C5
:104130009F92AF92BF92CF92DF92EF92FF920F9336
:104140001F93CF93DF93CDB7DEB763970FB6F89485
:10415000DEBF0FBECDBF7C016B013A01FB0120E049
:1041600090E080E06AE03191332309F461C040EDD2
:10417000430F4A3008F04DC0689FA001699F500D61
:104180001124CA01C097830F911D37FD9A958F3F67
:10419000910549F340F3F7014281538164817581B0
:1041A0008091291B90912A1BA0912B1BB0912C1B55
:1041B000481759076A077B0709F40DC28701085F92
:1041C0001F4F0E94759F6F7077277C5FC8010E9408
:1041D0000D43813009F004C287ED93E09A8389830F
:1041E000F70182819381A481B5818B839C83AD8308
:1041F000BE8345E350E0BE016F5F7F4FC8010E9460
:104200009643892BA9F5D12CC12CC8010E943940B5
:1042100017C03E3209F0BFCF233009F4BCCFD30121
:10422000A20FB11D12968C932F5F90E080E09BCF80
:10423000233009F0B0CFF3018583CC24C394D12C73
:10424000C60163960FB6F894DEBF0FBECDBFDF91F7
:10425000CF911F910F91FF90EF90DF90CF90BF9083
:10426000AF909F908F907F906F905F904F90089548
:104270000E94759FF7017783668342E050E0B701A3
:104280006A5F7F4FC8010E942B4381E090E09A83D0
:10429000898342E050E0BE016F5F7F4FC8010E94FA
:1042A0002B4380E091E09A83898342E050E0BE0195
:1042B0006F5F7F4FC8010E942B431A82198242E030
:1042C00050E0BE016F5F7F4FC8010E942B4342E068
:1042D00050E0BE016F5F7F4FC8010E942B4342E058
:1042E00050E0BE016F5F7F4FC8010E942B43560113
:1042F000F6018081882301F16501F60181912F018A
:10430000882311F08E32B1F446018A189B081814E4
:10431000190474F48D8641E050E0BE01635F7F4F65
:10432000C8010E942B43A401B501C8010E942B4380
:104330005201DECF6201E1CF1D8641E050E0BE01B7
:10434000635F7F4FC8010E942B43C12CDD24D394AF
:10435000DA82C98242E050E0BE016F5F7F4FC80140
:104360000E942B43DA82C98242E050E0BE016F5FB7
:104370007F4FC8010E942B43C8010E946543892BCF
:1043800009F441CFF3E0AF2EB12C230122E0420E1D
:10439000511CD4C0F7014281538164817581808DA5
:1043A000918DA28DB38D481759076A077B0709F0D5
:1043B00008C1848D958DC59709F003C181A192A193
:1043C0005DEFC52EDD24DA940C970CF4ADC04CE003
:1043D00050E0BE016F5F7F4FC8010E94793D8B8125
:1043E0009C819827892798279A8B898BF70146818A
:1043F000578129813A814217530709F0E7C097FF97
:10440000E5C08F7092703BEFC32EDD24DA94892BC8
:1044100009F08AC06F8078847624672476242AEF96
:10442000C22EDD24DA946114710409F47DC0D12C0C
:10443000C12C8D819E81982789279827C816D90677
:10444000F8F441E050E0BE01635F7F4FC8010E9475
:10445000793D4D85442331F050E070E060E0C801C3
:104460000E94793D8D858111ECCF44E050E070E0F1
:1044700060E0C8010E94793DFFEFCF1ADF0AD9CF73
:10448000912C812C41E050E0BE016D5E7F4FC80150
:104490000E94793D4B89842F807C09F06CC04423B5
:1044A00031F050E070E060E0C8010E94793D8B89F6
:1044B0008111E8CF42E050E0BE01615F7F4FC8014B
:1044C0000E94793D42E050E0BE01635F7F4FC8012A
:1044D0000E94793D44E050E070E060E0C8010E9435
:1044E000793D42E050E0BE016F5E7F4FC8010E94FF
:1044F000793D8F85988949895A898115914009F0BC
:1045000043C0CD84DE84DC24CD24DC2481E0C816C5
:10451000D104D1F54115544009F04AC044E050E0BF
:10452000B201C8010E94793D21E0A21AB10809F444
:104530006CCEFFEFCF16DF0609F067CE0E94759FA5
:104540003B014C01C8010E94C23D181619060CF42B
:1045500021CF0E94759F66197709880999096938E2
:1045600073418105910548F562E370E080E090E0D9
:104570000E94059FE7CF41E050E070E060E0C80195
:104580000E94793D1B8A93CF54274527542770E01A
:1045900060E0C8010E94793DFFEF8F1A9F0A6814FE
:1045A000790409F06FCF96EFC92EDD24DA94BCCFE1
:1045B000E7EFCE2EDD24DA94B7CFCC24CA94DC2CDE
:1045C000B3CF6EEFC62EDD24DA94AECF4CEFC42EFF
:1045D000DD24DA94A9CF8EEFC82EDD24DA9430CE14
:1045E000D12CC12C2DCE1F920F920FB60F921124F9
:1045F0002F933F938F939F93AF93BF938091F41A20
:104600009091F51AA091F61AB091F71A3091F31A19
:1046100023E0230F2D3758F50196A11DB11D2093DE
:10462000F31A8093F41A9093F51AA093F61AB093A4
:10463000F71A8091F81A9091F91AA091FA1AB0918C
:10464000FB1A0196A11DB11D8093F81A9093F91AD7
:10465000A093FA1AB093FB1ABF91AF919F918F91DB
:104660003F912F910F900FBE0F901F90189526E845
:10467000230F0296A11DB11DD2CF1F920F920FB62C
:104680000F9211240BB60F922F933F934F935F938A
:104690006F937F938F939F93AF93BF93EF93FF930A
:1046A000E0912902F0912A021995FF91EF91BF91B3
:1046B000AF919F918F917F916F915F914F913F91BA
:1046C0002F910F900BBE0F900FBE0F901F9018955B
:1046D0001F920F920FB60F9211240BB60F922F93C9
:1046E0003F934F935F936F937F938F939F93AF937A
:1046F000BF93EF93FF93E0912702F0912802199561
:10470000FF91EF91BF91AF919F918F917F916F91A9
:104710005F914F913F912F910F900BBE0F900FBE65
:104720000F901F9018951F920F920FB60F921124A1
:104730000BB60F922F933F934F935F936F937F939B
:104740008F939F93AF93BF93EF93FF93E0911D02DD
:10475000F0911E021995FF91EF91BF91AF919F913A
:104760008F917F916F915F914F913F912F910F901A
:104770000BBE0F900FBE0F901F9018951F920F92B7
:104780000FB60F9211240BB60F922F933F934F93B6
:104790005F936F937F938F939F93AF93BF93EF93A9
:1047A000FF93E0911B02F0911C021995FF91EF918C
:1047B000BF91AF919F918F917F916F915F914F9139
:1047C0003F912F910F900BBE0F900FBE0F901F9037
:1047D00018951F920F920FB60F9211240BB60F92DD
:1047E0002F933F934F935F936F937F938F939F93F9
:1047F000AF93BF93EF93FF93E0912502F0912602D0
:104800001995FF91EF91BF91AF919F918F917F91FA
:104810006F915F914F913F912F910F900BBE0F9031
:104820000FBE0F901F9018951F920F920FB60F9208
:1048300011240BB60F922F933F934F935F936F9377
:104840007F938F939F93AF93BF93EF93FF93E091E9
:104850002302F09124021995FF91EF91BF91AF913E
:104860009F918F917F916F915F914F913F912F9188
:104870000F900BBE0F900FBE0F901F9018951F92B8
:104880000F920FB60F9211240BB60F922F933F93F6
:104890004F935F936F937F938F939F93AF93BF9348
:1048A000EF93FF93E0912102F09122021995FF917D
:1048B000EF91BF91AF919F918F917F916F915F9198
:1048C0004F913F912F910F900BBE0F900FBE0F9005
:1048D0001F9018951F920F920FB60F9211240BB6CE
:1048E0000F922F933F934F935F936F937F938F9389
:1048F0009F93AF93BF93EF93FF93E0911F02F091CB
:1049000020021995FF91EF91BF91AF919F918F91E7
:104910007F916F915F914F913F912F910F900BBEBF
:104920000F900FBE0F901F90189590911A02891347
:104930000DC0E4E3F5E1E4919FEF90931A02E230B9
:10494000E1F038F4EE2381F0E13089F060E00C947E
:10495000999CE43049F110F1E530C1F79091730072
:104960009D7F90937300F2CF10926E00EFCF9091E5
:104970006F009D7F90936F00E9CF909170009D7FB5
:104980009093700091E09093B0009091B100987F67
:1049900094609093B1001092B300D8CF90917100C1
:1049A0009D7F90937100D2CF909172009D7F9093E4
:1049B0007200CCCF1F920F920FB60F9211240BB63C
:1049C0000F922F933F934F935F936F937F938F93A8
:1049D0009F93AF93BF93EF93FF938091860B90913A
:1049E000870BA091880BB091890B892B8A2B8B2B7D
:1049F000E1F19091850BE091830BF091840B808124
:104A0000892780838091860B9091870BA091880BDA
:104A1000B091890B181619061A061B069CF4809192
:104A2000860B9091870BA091880BB091890B019711
:104A3000A109B1098093860B9093870BA093880BF3
:104A4000B093890BFF91EF91BF91AF919F918F919F
:104A50007F916F915F914F913F912F910F900BBE7E
:104A60000F900FBE0F901F90189580911A020E9410
:104A700095A4E8CFFB0101900020E9F73197AF0141
:104A8000461B570BDC01ED91FC910280F381E02D78
:104A900019948F929F92AF92BF92EF92FF920F93D1
:104AA0001F93CF93DF93CDB7DEB7A1970FB6F894DE
:104AB000DEBF0FBECDBF7C01FA01CB0119A22230AF
:104AC00008F42AE08E010F5D1F4F822E912CB12C2D
:104AD000A12CBF01A50194010E9444CCF901CA0197
:104AE0006A300CF5605DD8016E938D01232B242B69
:104AF000252B79F790E080E0109721F0BD01C701E8
:104B00000E943AA5A1960FB6F894DEBF0FBECDBFA6
:104B1000DF91CF911F910F91FF90EF90BF90AF90D9
:104B20009F908F900895695CDECFAB0170E060E0EC
:104B30002AE00C9449A56BEB74E00C943AA5242F61
:104B4000462F50E070E060E00C9449A5DC01ED9147
:104B5000FC910190F081E02D1994CF92DF92EF92B9
:104B6000FF920F931F93CF93DF9377FF1DC06A01CE
:104B70007B01EC016DE20E94A6A58C01442755271C
:104B8000BA014C195D096E097F092AE0CE010E9425
:104B900049A5800F911FDF91CF911F910F91FF9039
:104BA000EF90DF90CF9008952AE0DF91CF911F9191
:104BB0000F91FF90EF90DF90CF900C9449A5AB013F
:104BC000770F660B770B0C94ADA5EF92FF920F93C6
:104BD0001F93CF93DF93EC018B0162E20E94D71405
:104BE0007801F70111917F011123A1F0123211F028
:104BF0001C3549F46CE5CE010E94D714612FCE011B
:104C00000E94D714EECF1032C8F760E2CE010E94A6
:104C1000A6A5E7CF62E2CE01DF91CF911F910F9160
:104C2000FF90EF900C94D7146115710511F00C945E
:104C30003AA590E080E00895EF92FF920F931F93C2
:104C4000CF93DF938C017B01D0E0C0E0F701EC0F44
:104C5000FD1F6491662361F0D801ED91FC910190F4
:104C6000F081E02DC8011995892B11F02196EECF26
:104C7000CE01DF91CF911F910F91FF90EF9008959A
:104C80000F931F93CF93DF93EC010E941CA68C011E
:104C9000CE010E949BA5800F911FDF91CF911F91A4
:104CA0000F9108958F929F92AF92BF92CF92DF9211
:104CB000EF92FF920F931F93CF93DF93EC017B0151
:104CC0006A014801590163E170E20E941CA6B70124
:104CD000CE010E9495A562E070E280E9E81681E0CD
:104CE000F806C1F048F46FE070E288ECE816F104D1
:104CF00089F065EE7FE10EC067EF7FE183E9E8169A
:104D000081E0F80639F06CEE7FE184E9E81681E095
:104D1000F80679F7CE010E9440A666ED7FE1CE014C
:104D20000E941CA6B601CE010E9440A68FEF8816F5
:104D30009806A806B80669F065EC7FE1CE010E94EE
:104D40001CA6B501A401CE010E94ADA5CE010E9412
:104D50009BA568E97FE1CE01DF91CF911F910F9173
:104D6000FF90EF90DF90CF90BF90AF909F908F908B
:104D70000C9440A68F929F92AF92BF92CF92DF92F7
:104D8000EF92FF920F931F93CF93DF93CDB7DEB7D0
:104D9000C054D1090FB6F894DEBF0FBECDBF4C0191
:104DA0006B01DB01ED91FC910280F381E02DCB01E1
:104DB00019955C018C0130E020E04FE75FE168EC81
:104DC00070E0C4010E9452A610E000E00A151B0525
:104DD00018F57501E01AF10AB1E4EB16F10418F0C8
:104DE00080E4E82EF12CD601ED91FC910190F08148
:104DF000E02D9701AE014F5F5F4FB801C6011995D5
:104E0000882351F0A701BE016F5F7F4FC4010E944C
:104E1000B214005C1F4FDACFC05CDF4F0FB6F894BE
:104E2000DEBF0FBECDBFDF91CF911F910F91FF90DD
:104E3000EF90DF90CF90BF90AF909F908F900895AC
:104E40004F925F926F927F92AF92BF92CF92DF921A
:104E5000EF92FF920F931F93CF93DF93CDB7DEB7FF
:104E600064970FB6F894DEBF0FBECDBF8A017901FB
:104E70001C8A1B8AFE0133962AE0DF011D922A95C7
:104E8000E9F77627672776277A83698342305105C9
:104E900009F457C06CF44130510509F45BC080E05F
:104EA00091E098878F838B81806884608B8308C0B2
:104EB000CA010497029798F780E091E09E838D8362
:104EC000C0905F1AD090601AD601ED91FC91A48831
:104ED000B5886BE372E0CE010D960E944A2149EE3F
:104EE00054E1BE01635F7F4FC601F50119958091C2
:104EF0005F1A9091601ADC01ED91FC910280F381C0
:104F0000E02D4CE050E0BE016F5F7F4F19958B891B
:104F10009C890C969C8B8B8B0330110509F4D1C1B5
:104F20003CF50130110509F4FAC10230110509F40C
:104F30006CC0BE016F5F7F4FCE0143960E94348DDF
:104F4000CCC180E094E098878F8380E091E09C87DB
:104F50008B87A9CF80E091E09E838D839C878B8790
:104F60008C81807F83608C838B81846080689ECFFE
:104F700006301105F4F68091891A90918A1A05304D
:104F8000110521F08091871A9091881A21E030E074
:104F9000AE014F5F5F4FBE016D5E7F4F0E94978CE9
:104FA0001B82198281E00530110509F48CE08A83A7
:104FB00081E08C8380915F1A9091601ADC01ED9101
:104FC000FC910280F381E02D4CE050E0BE016F5F68
:104FD0007F4F19958B899C890C969C8B8B8B0E949B
:104FE000759F21E030E00530110511F030E020E040
:104FF000F9013B96EE0FFF1FEE0FFF1FE15AF54E32
:10500000608371838283938368C130E020E0AE01C6
:105010004F5F5F4FBE016D5E7F4FC7010E94AF8D36
:10502000198281E28A8300E80B8311E01C83412C02
:10503000512C612C48E7742E4D825E826F827886F7
:10504000E091711AF091721ADF010D900020E9F7DA
:10505000CD018E1B9F0B07969827892798279A8743
:10506000898780915F1A9091601ADC01ED91FC9123
:105070000280F381E02D4AE050E0BE016F5F7F4F78
:1050800019958B899C890A969C8B8B8B1C821B8221
:105090001A8219826701BAE0CB0ED11CC601880FB3
:1050A000991FFC01E15AF54E5F010190F081E02D5E
:1050B000808191819827892798279E838D8380916D
:1050C0005F1A9091601ADC01ED91FC910280F381EE
:1050D000E02D46E050E0BE016F5F7F4F19958B8950
:1050E0009C8906969C8B8B8B21E030E0AE014F5F54
:1050F0005F4FBE016D5E7F4F8091711A9091721A61
:105100000E94978C30E020E0AE014F5F5F4FBE0100
:105110006D5E7F4FC7010E94AF8D198280E18A8347
:105120000B831C834D825E826F82788680915F1A2A
:105130009091601ADC01ED91FC910280F381E02DE9
:1051400048E050E0BE016F5F7F4F19958B899C89C5
:1051500008969C8B8B8BD501ED91FC910084F18599
:10516000E02D80915F1A9091601A309709F074C019
:1051700019821A831B82DC01ED91FC910280F3817C
:10518000E02D43E050E0BE016F5F7F4F19958B89A2
:105190009C8903969C8B8B8B21E030E0AE014F5FA6
:1051A0005F4FBE016D5E7F4F8EEB94E00E94978C47
:1051B00019828CE08A831B8281E08C8380E090E0FE
:1051C000A0E0B8E78D839E83AF83B887F601EE0F2A
:1051D000FF1FE15AF54E0190F081E02D0680F78126
:1051E000E02DDF010D900020E9F7CD018E1B9F0B14
:1051F00001969827892798279A87898780915F1A2F
:105200009091601ADC01ED91FC910280F381E02D18
:105210004AE050E0BE016F5F7F4F19958B899C89F2
:105220000A969C8B8B8B21E030E0AE014F5F5F4F85
:10523000BE016D5E7F4FC7010E94AF8D08E710E091
:1052400020E030E0AE014F5F5F4FBE016D5E7F4FEB
:10525000C7010E94018F6DCEDF010D900020E9F79C
:1052600011978D010E1B1F0B302F212F3A8329839D
:10527000DC01ED91FC910280F381E02D42E050E0F1
:10528000BE016F5F7F4F19958B899C8902969C8B1D
:105290008B8B80915F1A9091601AD501ED91FC91F2
:1052A00060857185DC01ED91FC910280F381E02D38
:1052B000A80119958B899C89080F191F1C8B0B8BD2
:1052C0006BCF00E010E09801AE014F5F5F4FBE0171
:1052D0006D5E7F4FC7010E94018F80915F1A909190
:1052E000601ADC01ED91FC91008CF18DE02D199597
:1052F00081E090E064960FB6F894DEBF0FBECDBF9C
:10530000DF91CF911F910F91FF90EF90DF90CF90A1
:10531000BF90AF907F906F905F904F90089521E085
:1053200030E0AE014F5F5F4FBE016D5E7F4F8091F9
:10533000711A9091721A0E94978C1B8219828CE1CB
:105340008A8381E08C8380915F1A9091601ADC01DE
:10535000ED91FC910280F381E02D44E050E0BE012C
:105360006F5F7F4F19958B899C8904969C8B8B8BE3
:10537000E0CDEF92FF920F931F93CF93DF9300D076
:1053800000D0CDB7DEB78C010E94759F683B7B4093
:105390008105910538F464E670E080E090E00E94B9
:1053A000059FF2CFF80182819381A481B58180931A
:1053B000631A9093641AA093651AB093661A0E94B8
:1053C0007F8F0097C1F000915F1A1091601AD80189
:1053D000ED91FC91E088F1886BE372E0CE010196DB
:1053E0000E944A2149EE54E1BE016F5F7F4FC80120
:1053F000F701199590E026960FB6F894DEBF0FBE20
:10540000CDBFDF91CF911F910F91FF90EF90089545
:10541000EF92FF920F931F93CF93DF9300D000D0B2
:10542000CDB7DEB78C0180919D1A90919E1A892B81
:1054300009F10115110569F0F80101900020E9F763
:1054400031970E171F0720F4319781818E32C9F7EB
:105450001182E0909D1AF0909E1A6115710509F174
:10546000CE0101960E944A21BE016F5F7F4FC801A5
:10547000F70119958091871A9091881A0E9465C149
:105480001092881A1092871A26960FB6F894DEBFEB
:105490000FBECDBFDF91CF911F910F91FF90EF9085
:1054A000089587ED93E09A8389838091FF1A909104
:1054B000001BA091011BB091021B8B839C83AD83C9
:1054C000BE83D2CFCF92DF92EF92FF920F931F93C2
:1054D000E82FF92F05C0015011092109310961F1A7
:1054E000908196239417B9F305C001501109210941
:1054F000310911F1908196239413F7CFC12CD12C4F
:10550000E12CF12C0AC08FEFC81AD80AE80AF80A71
:105510000C151D052E053F0579F080818623841723
:1055200091F36C2D7D2D8E2D9F2D1F910F91FF904E
:10553000EF90DF90CF90089560E070E080E090E021
:105540001F910F91FF90EF90DF90CF9008956BBF68
:10555000FA01DC0102C007900D9221503040D8F7CB
:10556000089560E080E094E00E941D2960E081E001
:1055700094E00C941D29282F30E08633C0F0265388
:1055800031093F932F938EE899E09F938F931F9259
:1055900085E08F937F936F930E94BBC58DB79EB7B5
:1055A00008960FB6F8949EBF0FBE8DBF08951F9248
:1055B0008F9382E999E09F938F931F9285E08F9359
:1055C0007F936F930E94BBC58DB79EB708960FB6A9
:1055D000F8949EBF0FBE8DBF089580915F1A909181
:1055E000601ADC01ED91FC910288F389E02D199499
:1055F000CF92DF92FF920F931F93CF93DF93EAE353
:10560000F9E11382128248EE53E060E070E04483D7
:105610005583668377838DE693E09183808385EC61
:1056200090E09587848784EC90E09787868780EC6C
:1056300090E0918B808B81EC90E0938B828B82EC5D
:1056400090E0958B848B86EC90E0978B868B118E07
:10565000128E138E148EE7EDF9E180E580831182BE
:10566000E9EDF9E1158216821186138682E090E059
:10567000A0E0B0E084879587A687B78713A215A618
:1056800014A68FE793E093A782A717A6EDEFFAE1A0
:1056900087ED93E0918380831282138214821582B6
:1056A000E3E0FBE1918380831282138214821582EE
:1056B000E9E0FBE1918380831282138214821582D8
:1056C000EFE0FBE1918380831282138214821582C2
:1056D000E5E1FBE1918380831282138214821582BB
:1056E000EBE1FBE1918380831282138214821582A5
:1056F000E1E2FBE19183808312821382148215829E
:10570000E2E2FAE19183808312821382148215828D
:10571000E7E2FBE191838083128213821482158277
:10572000EDE2FBE191838083128213821482158261
:10573000E8E2FAE113821282448355836683778319
:105740002BE833E031832083E3E3FBE19183808323
:105750001282138214821582E4E3FAE11382128228
:105760002DE933E03183208320E530E03583248345
:10577000E9E3FBE191838083128213821482158214
:10578000EAE3FAE11082118230E1328322E02383DE
:10579000EAE5FBE1918380831282138214821582F1
:1057A000AFE3BBE113961C921E92129714964D9391
:1057B0005D936D937C9317972DEAC22E23E0D22E32
:1057C0001196DC92CE921F969C938E931E975096C4
:1057D0001D921D921D921C92539728E058962C936F
:1057E0005897EFE5FAE1938382831482158216823B
:1057F000178207E61AE1E801F22E1992FA94E9F706
:1058000003E71AE1E80119923A95E9F7B183A08319
:10581000118A108A138A128A11A610A613A612A63C
:1058200014A215A216A217A2E4E4FAE113821282CE
:105830004483558366837783D182C0829787868726
:10584000108A118A128A138A208FDF91CF911F91BB
:105850000F91FF90DF90CF900895CF93DF93CDB756
:10586000DEB7CF53D1400FB6F894DEBF0FBECDBF29
:10587000789484B5826084BD84B5816084BD85B52B
:10588000826085BD85B5816085BD80916E00816037
:1058900080936E00109281008091810082608093DD
:1058A00081008091810081608093810080918000DF
:1058B0008160809380008091B10084608093B1000A
:1058C0008091B00081608093B000809191008260EF
:1058D00080939100809191008160809391008091EC
:1058E00090008160809390008091A10082608093FD
:1058F000A1008091A10081608093A1008091A0000F
:1059000081608093A00080912101826080932101B9
:10591000809121018160809321018091200181602B
:105920008093200180917A00846080937A00809136
:105930007A00826080937A0080917A0081608093FF
:105940007A0080917A00806880937A001092C1007A
:10595000E0914A19F0914B1982E08083E091461959
:10596000F09147191082E0914819F091491980E1AE
:10597000808310925219E0914E19F0914F1986E0F0
:105980008083E0914C19F0914D1980818061808372
:10599000E0914C19F0914D19808188608083E091ED
:1059A0004C19F0914D19808180688083E0914C19E9
:1059B000F0914D1980818F7D808361E085E30E94A5
:1059C000C79C61E084E00E94C79C61E084E00E9483
:1059D000999C61E08AE00E94C79C61E08AE00E9495
:1059E000999C10928F0B10928E0B1092CB181092E4
:1059F000EC180E944D2584E094E190938D0B8093E8
:105A00008C0B85E094E190938B0B80938A0B109222
:105A1000900B88E893E1A0E0B0E08093C6189093E3
:105A2000C718A093C818B093C91881E08093C5180F
:105A300090E080E00E946F29873C39F481E090E09B
:105A40000E946F29813009F4FCC10E94209D10E161
:105A5000AFE1B0E09B01AC010E9485CC6B017C0101
:105A600085E40E94039D5C0184E40E94039D9C01E7
:105A7000B501BB0C880B990B032E000C440B550B86
:105A8000620F731F841F951F6C0D7D1D8E1D9F1D42
:105A90001150F1F6611571058105910511F00E9413
:105AA00089C21092ED1888E08093EE188CED8093F7
:105AB000EF1800EF18E183EFE82E88E1F82E812C33
:105AC000912C540193940E943AC2A50194010E9422
:105AD00066CCD8016D938D01EA16FB06A1F768E448
:105AE00075E183EF98E10E9423C58091F2181F921F
:105AF0008F938091F1181F928F9385E395E19F9387
:105B00008F931F9210E11F938CEF98E19F938F93D7
:105B10000E94BBC58CE380930C1910921B1987E27D
:105B200080930E1910930F1982E08093101986E06C
:105B3000E7E3F3E0DE01119601900D928A95E1F71B
:105B400086E0FE013196A1E1B9E101900D928A95BE
:105B5000E1F781E080930D198093171910921C19B9
:105B60001092181910921A191092191960E080E019
:105B700094E00E941D290E94752A0FB6F894DEBF9A
:105B80000FBECDBF40E150E06CEF78E18AE299E1D1
:105B90000E9463C58AE080932B0287ED93E09A838D
:105BA00089831B821C821D821E82CE0101960E9467
:105BB0008E9080E591E00E94CF2A87E0898380ED76
:105BC0008A8342E050E0BE016F5F7F4F87E190E043
:105BD0000E940E230E949E2A80E591E00E94CF2A17
:105BE00063E089E190E00E9418250E949E2AE091DE
:105BF000F40BE353E53030F4F0E0EB5BFC4F8081D5
:105C0000811108C0109230026DE479E18AE399E1D4
:105C10000E9440A615E08091F50B81110EC00E94F4
:105C200086488091F50B811106C068EC70E080E039
:105C300090E00E94059F115071F70E94DE700E9453
:105C40008C700E94EE758091A50B882391F1BDE4C4
:105C5000EB2EB5E1FB2E10E040E850E0B701CE019D
:105C600001960E9411C580913802882331F0BE014F
:105C70006F5F7F4F812F0E94D49E1F5FB0E8EB0EB5
:105C8000F11C183049F740E150E06FEF70E085E912
:105C90009BE00E9442CE0E94759F6C53764F8F4FBF
:105CA0009F4F6093910B7093920B8093930B909303
:105CB000940B0E94CC348C010E94C16F0115110518
:105CC00041F0D801ED91FC910680F781E02DC801EB
:105CD000199584E39AE10E945F468091F50B882331
:105CE00071F06BEF76E38AE493E00E941A938823C5
:105CF00031F081E090E09093A70B8093A60B0E9477
:105D00001D89E9EFF0E0EC0FFD1F3296C45CDE4F19
:105D1000F983E883CC53D1402DEF30E02C0F3D1FA9
:105D20002E5F3F4FC25CDE4F39832883CE53D14074
:105D30000E942E6180913002882311F40C94A6BA3F
:105D40009DEF980F923010F00C9475BA833009F0E3
:105D5000BFC0C090A11AD090A21AE090A31AF090F0
:105D6000A41AC114D104E104F10409F09DC00E94F9
:105D7000759F6093A11A7093A21A8093A31A9093AF
:105D8000A41A07ED13E0CF57DF4F19830883C158DA
:105D9000D040CD57DF4F188219821A821B82C35818
:105DA000D04080E591E00E94CF2A61E870E06C0F5E
:105DB0007D1F6E5F7F4F44E050E081E090E00E94E5
:105DC0004A220E949E2A1B821C821D821E82CD575F
:105DD000DF4F88819981AA81BB81C358D0404B8114
:105DE0005C816D817E8184179507A607B70709F44A
:105DF0006FC01A8309838B839C83AD83BE8349E084
:105E000050E0BE016F5F7F4F84E49AE10E949643A9
:105E100060E084E49AE10E94701384E49AE10E94B5
:105E20006543892B09F495C080E29EE4A0E0B0E0D0
:105E300080932C0290932D02A0932E02B0932F02F8
:105E400047C01DEEE12E18E1F12E02E010E0C8017E
:105E50000E941ECCD7018D937D010F5F1F4F0E3323
:105E60001105A9F71092FB1810920B1980910F19C8
:105E70008B7F803119F080E180930F198091101988
:105E80008150843018F082E08093101980911B19A2
:105E9000823010F010921B1980911C19813009F486
:105EA00071CE10921C196ECE0E94759F6C197D09DF
:105EB0008E099F0900912C0210912D0220912E0233
:105EC00030912F02601771078207930708F04FCFB8
:105ED0000E94759FC55DDE4F688379838A839B83AB
:105EE000CB52D140FE01E352FF4F8AE0DF011D9209
:105EF0008A95E9F7C55FDE4F19821882CB50D140F1
:105F000080915F1A9091601ADC01ED91FC91028CF6
:105F1000F38DE02D19958C01009789F00E94C9C07E
:105F20003C0180915F1A9091601ADC01ED91FC9127
:105F30006114710499F40680F781E02D1995512CB4
:105F4000CB5DDE4F188219821A821B82C552D14066
:105F500053C080EE93E9A4E0B0E06ACF048CF58DE5
:105F6000E02DA801B30119954E01B1ED8B0E911CE6
:105F70008CE0F301D40101900D928A95E1F7F401D0
:105F8000808191819827892798279C0150E040E0E3
:105F9000CB5DDE4F288339834A835B83C552D14072
:105FA00084819581B82EA92EC15DDE4FB982A88269
:105FB000CF52D140A680B780C084D184028513859A
:105FC0008281887F79F480915F1A9091601ADC0158
:105FD000ED91FC9102A0F3A1E02D1995893E944129
:105FE00009F441C0F4018281887F803809F4FCC142
:105FF000512CC3010E9465C14E012DED820E911CF2
:10600000AFE5CA2EAAE1DA2E5601F12CE12C84016B
:1060100077247394D4018D914D01882311F40C944D
:10602000A7B8E114F10411F00C9499B860915F1ACB
:106030007091601ADB01ED91FC9100A0F1A1E02DBF
:10604000CE010196199530E020E050E040E0CB5DB4
:10605000DE4F688179818A819B81C552D1400E943F
:1060600020A70C94A7B80CE010E0512C312C212C67
:10607000C15DDE4FA880B980CF52D1402A143B04C5
:1060800009F4B7CFA091711AB091721ACF57DF4FB0
:10609000B983A883C158D040CF55DF4F1882C15A69
:1060A000D040FD0101900020E9F73197EA1BFB0B7E
:1060B000FA83E98381E0CB56DF4F8883C559D0400E
:1060C0002EEB34E0CD57DF4F39832883C358D040BF
:1060D000CE55DF4F1882C25AD0402CE130E03C83CD
:1060E0002B83CA56DF4F8883C659D04063E77AE1D5
:1060F000AE014F575F4FC35EDE4F59834883CD518A
:10610000D140A3E8EA2EAAE1FA2EDE01AF55BF4F37
:10611000CE018B569F4F9E012F5F3F4F44244394E7
:10612000FB01C190D190BF01C114D10409F4AAC0F0
:10613000F601C680D780C114D10409F4A3C0FA01C6
:10614000D582C482F60101900020E9F731975F0102
:10615000AC18BD08F901B582A482FC0142821296F6
:106160001C9212974E5F5F4F2E5F3F4F0196119624
:10617000E616F706A9F6F301E00FF11F4080D401FF
:106180004C92C8010196E42CF12CB1E8EB16F10415
:106190000CF481C0860D971DFC012081D4012C9345
:1061A0000E5F1F4FFE01EF55FF4F90E080E03191F1
:1061B000332349F0231739F0A5E9B0E0AC0FBD1F38
:1061C000A80FB91F1C9201968A30910581F7442DC2
:1061D0004150550B4038510570F2F301E00FF11FAB
:1061E00084E0D40101900D928A95E1F70C5F1F4F76
:1061F000D4014C9113965C91139712963C9112978F
:106200003F7711962C91FE01E352FF4F90E080E022
:10621000FF24F39461916111CBC0C35EDE4FA8816E
:10622000B981CD51D1406D917C91672B09F4C0C0EB
:10623000A5E9B0E0AC0FBD1FA80FB91F6C91662394
:1062400009F4B6C0DC01AA0FBB1FAA24A394B12C89
:10625000AC0EBD1EAA0DBB1D6D917C91672B09F084
:10626000A7C04111A5C0513009F0A2C03111A0C092
:10627000009709F094C0213009F0B1C0DF011197F7
:10628000FC9296C0FA0115821482F90115821482DB
:10629000FC01128264CF8C01E114F10409F497CF60
:1062A0006701BDE0EB16F1041CF0FCE0CF2ED12C11
:1062B000B301600F711FA601C4010E9439CE0C0DFD
:1062C0001D1DEC18FD08FE01E352FF4FC55EDE4FB9
:1062D000F983E883CB51D1409E012B563F4FC95ED5
:1062E000DE4F39832883C751D140B12CA12CC55E24
:1062F000DE4FA881B981CB51D1408D91C55EDE4F73
:10630000B983A883CB51D14081112EC0C95EDE4F25
:10631000E881F981C751D140F081C75EDE4FF88333
:10632000C951D140FF2301F1C501880F991F61E0D8
:1063300070E06C0F7D1F680F791F9601A401A1E822
:10634000B0E0AC0FBD1F8A0F9B1F0E94108EC75E6E
:10635000DE4FB881C951D1408B23C95EDE4FE88141
:10636000F981C751D1408083FFEFAF1ABF0AC95EE0
:10637000DE4F28813981C751D1402F5F3F4FC95E21
:10638000DE4F39832883C751D1403AE0A316B104C8
:1063900009F0ADCF1E141F040CF482CF18CF2C309F
:1063A00009F46CCF203109F469CF213209F466CFAA
:1063B0000196C35EDE4F68817981CD51D1406E5F19
:1063C0007F4FC35EDE4F79836883CD51D1408A30E1
:1063D000910509F01FCF7FEF271A370A49CE2C31DC
:1063E00039F755245394E4CF80915F1A9091601A45
:1063F000DC01ED91FC9102A0F3A1E02D1995893EFD
:10640000944109F0F5CD8091871A9091881A892BD3
:1064100039F48091891A90918A1A892B09F4E8CD70
:106420008EE1FE013196DF011D928A95E9F7E05673
:10643000FF4F8CE0DF01282F1D922A95E9F7B496D3
:10644000DF011D928A95E9F7C65FDE4F1882CA50B8
:10645000D140C75FDE4F1882C950D140BA24AB2467
:10646000BA24C15DDE4FE881F981CF52D140EA0DF7
:10647000FB1DCF5CDE4FF983E883C153D140DC24A0
:10648000CD24DC24EC0DFD1DCB5CDE4FF983E883CD
:10649000C553D140102701271027E00FF11FC75C1B
:1064A000DE4FF983E883C953D140C75DDE4F1882C0
:1064B000C952D1408CE090E0912C812CC75CDE4F1A
:1064C000A880B980C953D1408A149B0408F088C5BC
:1064D000A091871AB091881A109709F00BC1C35088
:1064E000DF4F19821882CD5FD040C95FDE4F18821E
:1064F000C750D140C750DF4F19821882C95FD040C2
:10650000A091891AB0918A1A109709F40DC1C1504F
:10651000DF4FB983A883CF5FD040FD0101900020F9
:10652000E9F73197EA1BFB0BC550DF4FF983E8838E
:10653000CB5FD04021E0C85FDE4F2883C850D140F8
:106540009E012B533F4FC35EDE4F39832883CD51CD
:10655000D140AE014F575F4FC95EDE4F598348832C
:10656000C751D1401E015DEE250E311C79016CE052
:10657000E60EF11CA101C95EDE4F68817981C75129
:10658000D1408E010B561F4FDD24D394F901A19108
:10659000B1919F01109779F0F801B183A083FD01BB
:1065A00001900020E9F73197EA1BFB0BDB01ED932B
:1065B000FC93FA01D0820E5F1F4F6E5F7F4F4F5FDB
:1065C0005F4FE216F30611F7FE01EB5FFE4F1182FB
:1065D0001082CC5FDE4F1882C450D140CD5FDE4FB9
:1065E0001882C350D140CE5FDE4F1882C250D140D6
:1065F000CF5FDE4F1882C150D14010E050E040E044
:10660000F301E80FF91FA080CF5DDE4FA882C152D1
:10661000D140CF52DF4FA882C15DD0407C012FEF27
:10662000E21AF20AB12CBA016F5F7F4FC75EDE4FEC
:1066300079836883C951D14071E8A716B1040CF47D
:106640009EC0F301EE0DFF1D2081CF52DF4F288346
:10665000C15DD0400296C75FDE4F3881C950D1403E
:1066600031117BC031E0CF5FDE4F3883C150D14064
:1066700031E0CD5FDE4F3883C350D140C65FDE4F7F
:106680003881CA50D140311171C031E0CE5FDE4F48
:106690003883C250D14031E0CC5FDE4F3883C450E4
:1066A000D140DA011296C75EDE4FB983A883C95183
:1066B000D140112309F4A4C1CF5DDE4FA881C1529E
:1066C000D140A150BB0BA038B10508F43FC0C15D5B
:1066D000DE4FA880B980CF52D1408A149B0408F0C5
:1066E00091C15C0124E0A20EB11C2FEF821A920A24
:1066F000C501E4CEC350DF4FB983A883CD5FD0403E
:10670000FD0101900020E9F73197EA1BFB0BC75010
:10671000DF4FF983E883C95FD04021E0C95FDE4FD6
:106720002883C750D140ECCEC150DF4F1982188268
:10673000CF5FD040C85FDE4F1882C850D140C550EF
:10674000DF4F19821882CB5FD040FACEC75EDE4F92
:1067500048815981C951D14053CF231709F482CFC1
:10676000C95FDE4F1882C750D14082CF231709F48A
:106770008CCFC85FDE4F1882C850D1408CCFA11497
:10678000B10409F43BC1C15DDE4FE881F981CF520C
:10679000D140C7018A0D9B1D8E169F0608F48CCF31
:1067A000111102C01FEF1E0D25016201FDE04F1601
:1067B00051041CF04CE0C42ED12CB3016E0D7F1D92
:1067C000A601CE018F529F4F0E9439CEEC0CFD1CCA
:1067D0004C185D08C55FDE4F8881CB50D1408111D8
:1067E00021C0C95FDE4F0881C750D1400023D1F0DE
:1067F000C350DF4F88819981CD5FD040892B91F0C4
:106800009601AE014F525F4FBE0167507F4FCE01E0
:1068100083509F4F0E94108E8023C95FDE4F888374
:10682000C750D140CB5FDE4F8881C550D140811128
:106830000AC0C95FDE4F8881C750D140CB5FDE4FB1
:106840008883C550D140CD5FDE4F1882C350D14000
:10685000C45FDE4F8881CC50D140811127C0C85F12
:10686000DE4F0881C850D140002301F1C150DF4FF5
:1068700088819981CF5FD040892BC1F09601AE010C
:106880004F525F4FC45CDE4F68817981CC53D14059
:10689000C25CDE4F88819981CE53D1400E94108E18
:1068A0008023C85FDE4F8883C850D140CA5FDE4F67
:1068B0008881C650D14081110AC0C85FDE4F8881EF
:1068C000C850D140CA5FDE4F8883C650D140CC5FEC
:1068D000DE4F1882C450D140C55EDE4F3982288217
:1068E000CB51D140C35EDE4F28813981CD51D1409B
:1068F000CD5DDE4F39832883C352D140C15EDE4F68
:1069000019821882CF51D140CD5DDE4FA881B98167
:10691000C352D1408D919D91CD5DDE4FB983A88347
:10692000C352D140892BC1F1C55EDE4FE881F981A8
:10693000CB51D1400081002379F1C15EDE4F8881C7
:106940009981CF51D140880F991FE1E8F0E0EC0F19
:10695000FD1FE80FF91F208131812C153D05E4F062
:10696000C95EDE4F68817981C751D140680F791FB8
:106970009601AE014F525F4FA5E9B0E0AC0FBD1FCD
:106980008A0F9B1F0E94108E8023C55EDE4FE88118
:10699000F981CB51D1408083C15EDE4F288139819E
:1069A000CF51D1402F5F3F4FC15EDE4F39832883E7
:1069B000CF51D140C55EDE4F48815981CB51D14086
:1069C0004F5F5F4FC55EDE4F59834883CB51D14047
:1069D0002630310509F098CF141415040CF4E5CED7
:1069E000C75EDE4F68817981C951D1406A0D7B1D38
:1069F000C75EDE4F79836883C951D140C7015CCE41
:106A0000122F5ACECF5CDE4FA880B980C153D1403F
:106A10008A149B0440F0C75DDE4FB880C952D14054
:106A2000BB2009F4DDC22E0121ED420E511C24E0F1
:106A3000F301E80FF91FD20101900D922A95E1F7B9
:106A40005C0134E0A30EB11CCF5CDE4F488159815C
:106A5000C153D1408416950608F01FC1BE01675F7F
:106A60007E4FCF5DDE4F79836883C152D140CE0126
:106A700083509F4FC95CDE4F99838883C753D140B1
:106A8000DE01AF5FBE4FCD5CDE4FB983A883C35339
:106A9000D140FE01E55FFE4FC55EDE4FF983E8831E
:106AA000CB51D1409E012D5F3E4FCD5DDE4F3983EE
:106AB0002883C352D140AE0147505F4FC95EDE4FBD
:106AC00059834883C751D14061E070E0C15EDE4F19
:106AD00079836883CF51D140312C212C20E08CEF79
:106AE000C75EDE4F7881C951D140871BC55CDE4F40
:106AF0008883CB53D140CF5DDE4FA881B981C1528D
:106B0000D1408D91CF5DDE4FB983A883C152D14072
:106B1000811109C0FD013197C55CDE4F8881CB53DF
:106B2000D1408A0D8083C95CDE4FE881F981C7536B
:106B3000D14081919191C95CDE4FF983E883C753BD
:106B4000D140892B09F47FC0E7E0F1E0EC0FFD1F95
:106B5000E20DF31D8081882351F0C95EDE4FA881CC
:106B6000B981C751D1404D915C91452BF9F0E5E0D9
:106B7000F1E0EC0FFD1FE20DF31D9081992349F028
:106B8000CD5DDE4FE881F981C352D14090819111F2
:106B90000DC0CD5CDE4FA881B981C353D1409C911B
:106BA000992309F450C0882309F44DC0F201808173
:106BB000811149C0818190E02114310411F40C94B9
:106BC0007DC00C9709F03FC0D20112968C911297AC
:106BD0008F77C9F513968C9113978130A1F5C55E17
:106BE000DE4FE881F981CB51D1408083F301EA0D7A
:106BF000FB1D86E001900D928A95E1F7D201149673
:106C0000CD90DC90DC24CD24DC2485010A5F1F4F6D
:106C10002114310429F5B4E0CB16D10481F484E0C9
:106C2000F301E00FF11FD20101900D928A95E1F777
:106C3000B2018091871A9091881A0E9408AA58017F
:106C4000AC0CBD1C21E0C15EDE4FE881F981CF5163
:106C5000D140329711F00C9481C0211146CDCEC0A5
:106C6000C35EDE4FE881F981CD51D140F12CE12C9A
:106C700081919191892B11F40C9412C02FEFE21A9B
:106C8000F20A36E0E316F10499F7D9CFF501EC0DDD
:106C9000FD1D339710820C944BC0CB5CDE4F2881D6
:106CA0003981C553D1408216930608F4A7C0D2019A
:106CB00011962C91213209F0B7C0FE01E754FF4F25
:106CC00030E020E0412F50E0C35EDE4FA881B98163
:106CD000CD51D1406D917D91C35EDE4FB983A883C4
:106CE000CD51D140672B09F471C0112329F0608187
:106CF00071814617570781F0C95EDE4FA881B981BF
:106D0000C751D1406D917C91672B09F05FC0D101D3
:106D10006C91662309F45AC0F301EA0DFB1D46E0AD
:106D2000DE01AF52BF4F01900D924A95E1F78C0101
:106D3000065F1F4FCB52DF4FA880B980C55DD040A2
:106D4000BA24AB24BA24B8E0AB16B10498F188E0B9
:106D5000F301E00FF11FDE01AF52BF4F01900D9222
:106D60008A95E1F7F901EE0FFF1F4DEA50E04C0F55
:106D70005D1FE40FF51FCB52DF4F88819981C55D00
:106D8000D04098278927982791838083C952DF4F65
:106D90008881C75DD040813880F063EF70E06C0F70
:106DA0007D1F260F371FC852DF4F8881C85DD04036
:106DB000D9018C93A00EB11E98CCE3EFF0E0EC0F5C
:106DC000FD1F2E0F3F1F86E0800FF2CF2F5F3F4F3A
:106DD000C95EDE4F68817981C751D1406E5F7F4FB8
:106DE000C95EDE4F79836883C751D1407FEF271A90
:106DF000370A32962630310509F066CFF4E0AF0E3F
:106E0000B11CF301EA0DFB1D20813181CF52DF4F10
:106E100039832883C15DD0403227232732272E5F54
:106E20003F4FA20EB31E61CC203109F08AC0FE0193
:106E3000E754FF4FD12CC12C212F30E0C35EDE4F31
:106E4000A881B981CD51D1404D915D91C35EDE4F96
:106E5000B983A883CD51D140452B09F457C01123E4
:106E600029F0408151812417350781F0C95EDE4F3A
:106E7000A881B981C751D1404D915C91452B09F052
:106E800045C0D1014C91442309F440C0F301EA0DFF
:106E9000FB1D26E0DE01AF52BF4F01900D922A95F7
:106EA000E1F7CB52DF4F08811981C55DD040102733
:106EB000012710275C01BAE0AB0EB11C02301105AE
:106EC00008F478CFCC0CDD1CE1EAF0E0EC0FFD1FFC
:106ED000CE0EDF1ED6018D919C91892B09F06ACFD1
:106EE000C80101960E94C9C07C01F601918380838C
:106EF000009709F45FCFA801B3016A0D7B1D0E94C2
:106F000039CEF701E00FF11F108254CF4FEFC41AB2
:106F1000D40AC95EDE4F68817981C751D1406E5F66
:106F20007F4FC95EDE4F79836883C751D1407FEFC1
:106F3000271A370A3296A6E0CA16D10409F07ECF86
:106F40005DCF213009F05ACFFE01319650E040E08C
:106F5000208121113DC0111101C01FEF65E0649F28
:106F60009001659F300D1124E1E0F0E0EC0FFD1F72
:106F7000E20FF31F1083F301EA0DFB1D46E0DE0173
:106F8000AF52BF4F01900D924A95E1F7CB52DF4FC0
:106F9000A880B980C55DD040BA24AB24BA248C0146
:106FA000065F1F4FB4E0AB16B10409F003CFD9015F
:106FB0001196E1E0F0E0EC0FFD1FAE0FBF1F84E083
:106FC000F301E00FF11F01900D928A95E1F7F2CEE7
:106FD0004F5F5F4F35964630510509F0B9CF0ECF60
:106FE000A090891AB0908A1AA114B10409F46DC056
:106FF000F5012F018191882311F08E32D1F7D20152
:107000001C921E01B5EC2B0E311CD12CC12CF101B0
:10701000819191911F01892B09F44CC0E3EFF0E0BD
:10702000EC0FFD1FEC0DFD1D3081FE01319670E06F
:1070300060E090E080E0AF012081231719F02F3F3E
:1070400009F065C0F5E0F89FB001F99F700D1124BB
:107050006F5F7F4F640F751F80909F1A9090A01AEA
:107060008114910439F1C601880F991FE1EAF0E01B
:10707000EC0FFD1FE80FF91FE080F1802DEA30E0F2
:107080002C0F3D1F820F931FDC010D911C91CE012F
:1070900089519F4F0E944A21F101329740815181CD
:1070A00060919B1A70919C1A9E0129513F4FC50116
:1070B000F4011995FFEFCF1ADF0A26E0C216D104BA
:1070C00009F0A5CF8EE2D2018C938E010B531F4F96
:1070D0007E01B1EAEB0EF11C6801ECE0CE0ED11C92
:1070E000D8018D919D918D01009749F00E9465C155
:1070F000F70180819181009711F00E9465C1F2E053
:10710000EF0EF11CC016D10659F70C94F8AF6115BB
:10711000710529F4222319F0BF016F5F7F4F01969B
:1071200035968630910509F087CF6115710511F20A
:1071300093CFB1E0EB16F10409F077C1F801728248
:107140007382748275827682778270867186BFEFD1
:10715000EB1AFB0AE2E0AE0EB11CFAE0EF16F10406
:1071600011F00C940AB05520D9F060915F1A70911B
:10717000601ADB01ED91FC9100A0F1A1E02DCE01A0
:107180000196199530E020E041E050E0CB5DDE4F04
:10719000688179818A819B81C552D1400E9420A754
:1071A000EFE5AE2EEAE1BE2E712CF7ED8F2EF3E067
:1071B0009F2EF60180A591A5892B09F449C0F50100
:1071C00084A595A5A6A5B7A5C55DDE4F2881398103
:1071D0004A815B81CB52D140281B390B4A0B5B0B98
:1071E000DA01C901772009F471C745E050E0813127
:1071F0009742A105B10508F071C7F50184A995A9C9
:10720000A6A9B7A90097A105B10511F1C55DDE4F8B
:10721000288139814A815B81CB52D1408217930703
:10722000A407B507A8F471101EC170E060E080915A
:10723000871A9091881A0E9408AAD60198968D9173
:107240009C91009729F00E9465C1F60111A610A635
:10725000F2E0CF0ED11C24E0A20EB11C31E073127B
:10726000FFC08091831A9091841AA091851AB091E1
:10727000861AC55DDE4F488159816A817B81CB5278
:10728000D140481B590B6A0B7B0BDB01CA018139CA
:107290009F45A140B10548F173E7E72E7AE1F72E4B
:1072A00010E000E0D7018D919D917D01892B41F087
:1072B000980142E050E060E070E0CB010E9420A71E
:1072C0000F5F1F4F0830110569F7C55DDE4F28813C
:1072D00039814A815B81CB52D1402093831A30930C
:1072E000841A4093851A5093861A84E49AE10E9486
:1072F000C23D181619060CF0F8C08E010F5F1F4F23
:1073000088E0D8011D928A95E9F747E050E0B8017E
:1073100084E49AE10E94431644E050E060EC79E195
:10732000C8010E9442C5892B09F0DFC060EB79E1FA
:107330008AE399E10E941CA607ED13E0CF57DF4FC7
:1073400019830883C158D0408091541A9091551ADE
:10735000A091561AB091571ACD57DF4F8883998361
:10736000AA83BB83C358D040BE016F577F4F8AE3C7
:1073700099E10E94B78F8AE399E10E949BA5409111
:10738000581A5091591ACF57DF4F19830883C158A3
:10739000D0408091541A9091551AA091561AB091EC
:1073A000571ACD57DF4F88839983AA83BB83C3586D
:1073B000D040BE016F577F4F84E49AE10E9496430C
:1073C00066EA79E184E49AE10E941CA66AE279E126
:1073D00084E49AE10E9414A66DE979E184E49AE1DB
:1073E0000E941CA6CE018F579F4F0E949C47BE0152
:1073F0006F577F4F84E49AE10E94B78F62E979E189
:1074000084E49AE10E941CA60EEF1DE0F801619150
:107410008F01662309F453C06232C1F36C35B1F3B6
:1074200084E49AE10E947013F1CFD50150968D91BA
:107430009C91892B09F48BCE60915F1A7091601A30
:10744000DB01ED91FC9100A0F1A1E02DCE010196B0
:10745000199597012250310942E050E00C9427B071
:1074600077247394A6CE80919F1A9091A01A892BAD
:1074700009F4E3CE8091891A90918A1AFC01DF0108
:107480002191222311F02E32D1F71C92E0919F1A04
:10749000F091A01A9A8289821B821C821D821E8210
:1074A00060919B1A70919C1AF12CE12C10E000E085
:1074B0009E012F5F3F4F50E040E01995BECE69E836
:1074C00079E184E49AE10E941CA66091AA0B70E025
:1074D00084E49AE10E94DFA56DE784E49AE10E94CA
:1074E000A6A584E49AE10E9465430E94759F0091DD
:1074F000A51A1091A61A2091A71A3091A81A601BFC
:10750000710B820B930B643F714081059105F0F084
:107510000E94759F6093A51A7093A61A8093A71A6C
:107520009093A81A0E94ED4720913002019709F428
:1075300088C0213059F081E08093300261E779E121
:107540008AE399E10E9440A60E94EE750E94FD75B3
:107550000E9450718091EE1A8823F9F00E94759F65
:107560000091EA1A1091EB1A2091EC1A3091ED1A61
:10757000601B710B820B930B683E73408105910574
:1075800060F00E94759F6093EA1A7093EB1A8093E3
:10759000EC1A9093ED1A0E94FA879E01255F3F4FE7
:1075A000C35FDE4F39832883CD50D140AE01475FA2
:1075B0005F4FC15FDE4F59834883CF50D140BE013A
:1075C000695F7F4FCF5EDE4F79836883C151D140C1
:1075D000CE010596CD5EDE4F99838883C351D1409D
:1075E000DE011396CB5EDE4FB983A883C551D1402F
:1075F000FE0131965F013E01FDE06F0E711C92E0CD
:10760000292E312C412C512C8AE399E10E9416122B
:10761000892B09F4A7C48AE399E10E94F4118D3003
:1076200099F3E091E91A8A3009F419C1EF3360F750
:1076300091E09E0F9093E91AF0E0E755F54E8083B4
:10764000E3CF213019F40E94F88A80CF233009F06B
:107650007DCF80911C19813009F478CF0091A80B5F
:107660001091A90BE12C0115110509F4D2C00E945B
:10767000759F4B015C0178012EE3E20EF11CF701CE
:1076800080819181A281B381A5019401281B390BCE
:107690004A0B5B0BCA01B901683E33E073078105F1
:1076A0009105A0F128EE33E040E050E00E9444CC88
:1076B000861A970AA80AB90AD7018D929D92AD92AF
:1076C000BC921397F80186A597A5A0A9B1A9690155
:1076D0007A01CC0CDD1CEE1CFF1C8C159D05AE0543
:1076E000BF0508F0A7C016A617A610AA11AAF80190
:1076F00082A993A9A4A9B5A98C159D05AE05BF05BE
:1077000008F0A1C012AA13AA14AA15AAF80186A506
:1077100097A5A0A9B1A9892B8A2B8B2B09F09CC016
:10772000EE5BFF4F8081833009F096C084E0808358
:10773000C8010E94DB4401967C01F80182A993A94B
:10774000A4A9B5A9892B8A2B8B2BA1F4EE5BFF4F43
:107750008081833011F081110DC01082F8013E96B6
:1077600084E1DF011D928A95E9F7C8010E94DB449C
:1077700003967C01B2E0EB16F10429F0E4E0EE168A
:10778000F10409F046C080E591E00E94CF2A6091A3
:10779000A80B7091A90B625F7F4FCE0101960E94EA
:1077A0004A21CE0103960E9403256091A80B709197
:1077B000A90B6A5E7F4FCE0101960E944A21CE013D
:1077C00003960E9411256091A80B7091A90B6E5E23
:1077D0007F4FCE0101960E944A21CE0103960E945E
:1077E0000A250E949E2A6091A80B7091A90B625EE7
:1077F0007F4FCE0101960E944A218B819C81AD81F1
:10780000BE818093241A9093251AA093261AB093D0
:10781000271A8E2D823019F0843009F097CECE01D0
:1078200001960E949C47CE0101960E94B9A90E9430
:107830001D898CCE821B930BA40BB50B86A797A733
:10784000A0ABB1AB54CF821B930BA40BB50B82AB97
:1078500093ABA4ABB5AB5ACFF12CE12C6ECFF0E0DB
:10786000E755F54E10821092E91A69E47EE189EA43
:107870009AE10E941AC5892B19F40E941D89C4CE71
:1078800064E47EE189EA9AE10E941AC5892B09F431
:1078900066C362E47EE189EA9AE10E941AC5892BF7
:1078A00009F45DC36EE37EE189EA9AE10E941AC59C
:1078B000892BF9F481E09091A91A923709F080E0C0
:1078C000809317190E94752A81E0909117199111E0
:1078D00001C080E00E94076F0E94EE758091AB0BA3
:1078E00081111AC06CE17EE18AE399E10E9440A611
:1078F0008BCE69E37EE189EA9AE10E941AC5892B61
:10790000C9F266E37EE189EA9AE10E941AC5892BF1
:1079100061F40E94FA8778CE8091AA0B64E07EE140
:107920008111E2CF6BEE7DE1DFCF65EE7DE189EA8B
:107930009AE10E941AC5892B61F481E08093EE1AC6
:107940001092EA1A1092EB1A1092EC1A1092ED1A99
:107950005BCE6EED7DE189EA9AE10E941AC5892B22
:1079600029F41092EE1A63ED7DE1BECF6BEC7DE160
:1079700089EA9AE10E941AC5892B69F410921C19B0
:107980000E94752A6DEB7DE18AE399E10E9440A691
:107990000E94878C39CE43E050E069EB7DE189EAB3
:1079A0009AE10E9442C5892B09F063C08CEA9AE1F2
:1079B000CF55DF4F99838883C15AD040BE016B56A3
:1079C0007F4FCE018F559F4F0E949187811103C039
:1079D00063E77DE189CFBE016F577F4FCE018F55A1
:1079E0009F4F0E949187882399F3B501CE018F554F
:1079F0009F4F0E949187882359F3CB56DF4F888190
:107A0000C559D04081508F3D18F7CB56DF4F888144
:107A10009981AA81BB81C559D04080931D1990934B
:107A20001E19A0931F19B0932019CF57DF4F8881DB
:107A30009981AA81BB81C158D0408093211990932C
:107A40002219A0932319B093241989819A81AB81BB
:107A5000BC818093251990932619A0932719B09380
:107A6000281981E080931C190E94752A62E67DE145
:107A70008BCF68E57DE189EA9AE10E941AC5892BDE
:107A800059F463E57DE183EF98E10E9423C50E94EC
:107A9000752A64E37DE128CF42E050E061E37DE1B7
:107AA00089EA9AE10E9442C5892B41F48091AB1A80
:107AB000882309F49AC0803209F484C044E050E07D
:107AC0006CE27DE189EA9AE10E9442C5892B09F0C6
:107AD00031C2C25FDE4FB881CE50D140BF93C35F89
:107AE000DE4FE881CD50D140EF93C05FDE4FF8818B
:107AF000C051D140FF93C15FDE4F2881CF50D140AC
:107B00002F93CE5EDE4F3881C251D1403F93CF5E7E
:107B1000DE4F4881C151D1404F93CC5EDE4F58813A
:107B2000C451D1405F93CD5EDE4F6881C351D140D7
:107B30006F93CA5EDE4F7881C651D1407F93CB5E92
:107B4000DE4F8881C551D1408F93BF92AF928AE0BA
:107B50009DE19F938F938DEA9AE19F938F930E946B
:107B6000F8C50FB6F894DEBF0FBECDBF069739F546
:107B700089819A8180FD23C08F3F910509F0F8F437
:107B80008B819C818F3F910509F0C8F48D819E8186
:107B90008F3F910509F098F48F8198858F3F91056B
:107BA00009F068F489859A858F3F910509F038F4CA
:107BB0008B859C858F3F910509F008F4A3C16BEE7E
:107BC0007CE192CE8CEA9AE10E94C3C4182F8A30DD
:107BD00049F0863438F4812F0E945C6D882339F097
:107BE000143029F06CE17DE17FCE14E0F4CF61E048
:107BF000812F0E94C79C61E0812F0E94999CC656EC
:107C0000DF4F1882CA59D040C556DF4F1882CB5972
:107C1000D040C256DF4F1882CE59D040C056DF4FF9
:107C20001882C05AD04029823A824B825C82188ED8
:107C300061E08AE00E94999C1430D9F40E941448B3
:107C4000F82E61EF7AE18AE399E10E941CA640E1F7
:107C500050E0609131028AE399E10E949FA56EEDA8
:107C60007AE1F11002C06CEC7AE18AE399E10E94BA
:107C700040A66BEB7AE18AE399E10E941CA64AE0F8
:107C800050E0612F8AE399E10E949FA567EB7AE1BA
:107C90008AE399E10E941CA6412F62E0CE018B5637
:107CA0009F4F0E94153A811114C065E97AE18AE379
:107CB00099E10E941CA640E150E0C656DF4F688162
:107CC000CA59D0408AE399E10E949FA562E77AE110
:107CD0000BCE88E0EDE3F3E0DE01AF55BF4F01903E
:107CE0000D928A95E1F762E67AE18AE399E10E94D2
:107CF0001CA6C056DF4FE881C05AD040E370F0E0C8
:107D0000EE0FFF1F21EA30E02C0F3D1FE20FF31FA3
:107D1000608171818AE399E10E9414A66FE57AE19E
:107D20008AE399E10E941CA620E030E0A90169E005
:107D3000CE018B569F4F0E94E82A882379F08EE06F
:107D4000C656DF4F8883CA59D040CE018B569F4F0D
:107D50000E949F2A40E050E0BA0153C0CE018B56EA
:107D60009F4F0E94AA2A882381F36E0131E8C30E37
:107D7000D11C460140E1840E911C76010E94B6217F
:107D8000D6018D936D018A169B06C1F70E94B6211C
:107D90000E94B621CE018B569F4F0E949F2AF70169
:107DA0008081807C09F07CC04681437050E0542F74
:107DB0004427550F550F8781B4E08B9FC0011124D4
:107DC000482B592B80858295869586958370482B04
:107DD0004F5F5F4F70E060E081858370880F928510
:107DE00097FB992790F9892B95819F70890F992787
:107DF000991F079704C0440F551F661F771F8A9568
:107E0000D2F73BE076956795579547953A95D1F728
:107E10002AE08AE399E10E9449A56BE57AE18AE3C9
:107E200099E10E9440A6BE016B567F4FC5010E949A
:107E30006C4867E07AE1882309F456CD61E07AE185
:107E40008AE399E10E941CA64AE050E0688D8AE32B
:107E500099E10E949FA563EF79E18AE399E10E948D
:107E60001CA66D81669570E08AE399E10E94DFA50A
:107E70006BEE79E18AE399E10E9440A68091F50BCF
:107E80008111C2CB143009F0BFCB0E94864880918B
:107E9000F50B6DED79E1811127CD65EC79E124CD0C
:107EA000803449F5D70147814695469550E070E00A
:107EB00060E0BA015527442719968C911997482BF1
:107EC00018968C9190E0982F8827092E000CAA0B09
:107ED000BB0B842B952BA62BB72BAC01BD014F5FA1
:107EE0005F4F6F4F7F4FAAE0440F551F661F771FEC
:107EF000AA95D1F786CF89E0C656DF4F8883CA5945
:107F0000D04028CFF501ADEEB8E1808132968D9357
:107F10006E167F06D1F70E94752A66ED7CE18AE332
:107F200099E10E9440A68AE399E10E949B120C9479
:107F300000006ACB8091A91A882309F465CB60EC14
:107F40007CE18AE399E10E941CA669EA7AE18AE36E
:107F500099E10E943AA58AE399E10E949BA56BE012
:107F60007BE1C2CC8091F50B811152C00E94759FBC
:107F70000091EF1A1091F01A2091F11A3091F21A33
:107F8000601B710B820B930B009132021091330234
:107F900020913402309135026017710782079307F0
:107FA000B8F10E94759F6093EF1A7093F01A809356
:107FB000F11A9093F21A61E08AE00E94999C0E9463
:107FC0001448882329F10E9486488091F50B81117D
:107FD0008DC08091320290913302A0913402B09111
:107FE0003502880F991FAA1FBB1F813EE3E99E0738
:107FF000E4E0AE07B10520F080EE93E9A4E0B0E044
:108000008093320290933302A0933402B0933502EE
:108010008BEB92E1892B11F40C9498AE0E94BB1269
:108020000C9498AEC60102970E94C9C05C01892BCE
:1080300011F40C941FB6B301600F711FDB01ED91B9
:10804000BD01C75EDE4FE883C951D140D201EC9338
:10805000960123503109C75DDE4F39832883C95209
:10806000D140A901C5010E9439CEC75EDE4F3881DB
:10807000C951D140832F90E0C75DDE4F48815981BF
:10808000C952D1408417950714F00C9446B68A0D56
:108090009B1DDC011C92EE0CFF1CE5ECF0E0EC0FEC
:1080A000FD1FEE0DFF1DB182A082E9EBF0E0EC0FA9
:1080B000FD1FEE0EFF1ED7010D931C93B1E0C75DAF
:1080C000DE4FB883C952D1400C941FB644E050E053
:1080D000893E9340A105B10508F48FC830E020E047
:1080E00060E070E0CB010E9420A787C86EE47EE1CB
:1080F0008AE399E10E9440A68BCF019711F40C947A
:10810000E4B58FEF281A380AC15EDE4FA881B98125
:10811000CF51D1401196C15EDE4FB983A883CF51B4
:10812000D140CD5CDE4FE881F981C353D140319617
:10813000CD5CDE4FF983E883C353D140C55EDE4F8B
:1081400048815981CB51D1404F5F5F4FC55EDE4FB3
:1081500059834883CB51D140CD5DDE4F6881798111
:10816000C352D1406F5F7F4FCD5DDE4F798368830F
:10817000C352D140C95EDE4F88819981C751D14039
:108180000296C95EDE4F99838883C751D1400C9413
:108190007BB50F931F93CF93DF938230910510F43B
:1081A00082E090E0E091641BF091651B30E020E0FC
:1081B000B0E0A0E0309799F42115310509F44AC0E8
:1081C000281B390B24303105D8F58A819B81611534
:1081D000710589F1FB0193838283FE0111C0408107
:1081E00051810281138148175907E0F04817590758
:1081F00099F4109761F012960C93129713961C93B2
:108200003296CF01DF91CF911F910F910895009386
:10821000641B1093651BF4CF2115310551F04217F3
:10822000530738F0A901DB019A01BD01DF01F80114
:10823000C1CFEF01F9CF9093651B8093641BCDCF25
:10824000FE01E20FF31F819391932250310939838C
:108250002883D7CF2091621B3091631B232B41F4DD
:1082600020914102309142023093631B2093621BA4
:1082700020913F02309140022115310541F42DB784
:108280003EB74091430250914402241B350BE091CC
:10829000621BF091631BE217F307A0F42E1B3F0B48
:1082A0002817390778F0AC014E5F5F4F2417350768
:1082B00048F04E0F5F1F5093631B4093621B8193E6
:1082C00091939FCFF0E0E0E09CCFCF93DF930097B6
:1082D000E9F0FC01329713821282A091641BB091E5
:1082E000651BED0130E020E01097A1F42081318181
:1082F000820F931F2091621B3091631B281739074F
:1083000009F061C0F093631BE093621BDF91CF9192
:108310000895EA01CE17DF07E8F54A815B819E01E7
:1083200041155105B1F7E901FB83EA834991599160
:10833000C40FD51FEC17FD0761F48081918102966F
:10834000840F951FE90199838883828193819B83A0
:108350008A83F0E0E0E012968D919C91139700974C
:10836000B9F52D913C911197CD010296820F931F83
:108370002091621B3091631B2817390739F630971B
:1083800051F51092651B1092641BB093631BA09370
:10839000621BBCCFD383C28340815181840F951F60
:1083A000C817D90761F44E5F5F4F88819981480FE4
:1083B000591F518340838A819B8193838283211536
:1083C000310509F0B0CFF093651BE093641B9ECF9D
:1083D000FD01DC01C0CF13821282D7CF8F929F9212
:1083E000AF92BF92CF92DF92EF92FF92CF93DF9343
:1083F000EC01688179818A819B8161157105810514
:10840000910521F464E279ED8BE597E02DE133EFFE
:1084100041E050E00E9466CC49015A019B01AC0149
:10842000A7EAB1E40E9485CC6B017C01ACEEB4EF0D
:10843000A50194010E9493CCC60ED71EE81EF91E1A
:10844000F7FE06C081E0C81AD108E10880E8F80A02
:10845000C882D982EA82FB82C701B6019F77DF9189
:10846000CF91FF90EF90DF90CF90BF90AF909F9013
:108470008F9008958F929F92AF92BF92CF92DF928A
:10848000EF92FF92609145027091460280914702FF
:1084900090914802611571058105910521F464E20E
:1084A00079ED8BE597E02DE133EF41E050E00E945C
:1084B00066CC49015A019B01AC01A7EAB1E40E94D4
:1084C00085CC6B017C01ACEEB4EFA50194010E9458
:1084D00093CCC60ED71EE81EF91EF7FE06C081E03B
:1084E000C81AD108E10880E8F80AC0924502D09283
:1084F0004602E0924702F0924802C701B6019F7718
:10850000FF90EF90DF90CF90BF90AF909F908F90B3
:1085100008956093450270934602809347029093BA
:10852000480208953F924F925F926F927F928F928E
:108530009F92AF92BF92CF92DF92EF92FF920F93F2
:108540001F93CF93DF935C016B017A016115710575
:1085500019F0FB0191838083E114F10451F0C7010C
:108560000297839730F040E030E020E090E06BC06D
:108570005E01E5012196F5011081812F90E00E94B6
:1085800008C5892BA9F71D3201F52196F501118146
:1085900001E0E114F10409F4E6C0F0E1EF16F104A2
:1085A00009F088C0103359F488818F7D883509F02F
:1085B0007CC0198122960260F0E1EF2EF12C812C13
:1085C000912CA12C88E0B82E92C01B3221F4E50139
:1085D0002296F501118100E0DCCFEAE0EE16F1040D
:1085E00009F4C7C0F0E1EF16F10409F073C0E7CF5A
:1085F00078E0E72EF12C812C912CA12C60E1B62E95
:1086000076C021E0ADC0302F3170C114D10431F0FB
:10861000222371F12197F601D183C08327FF2EC059
:1086200060E070E080E090E8311104C06FEF7FEF10
:108630008FEF9FE722E230E03093671B2093661BA9
:10864000462F372F282F642F732F822FDF91CF9142
:108650001F910F91FF90EF90DF90CF90BF90AF9060
:108660009F908F907F906F905F904F903F90089574
:1086700001FF04C02297F601D183C083332341F068
:1086800090958095709561957F4F8F4F9F4FD8CF74
:1086900097FFD6CF82E290E09093671B8093661B92
:1086A0006FEF7FEF8FEF9FE7CBCF10E3E114F10483
:1086B00009F49ECF28E0E216F10409F49CCF0CF0F7
:1086C0008CCF812C912CA12CE0E4BE2E82E0E81608
:1086D000F10469F060E070E080E090E897010F2C11
:1086E000000C440B550B0E9444CC49015A0120E078
:1086F00060E070E0CB0127010F2C000C66087708C2
:10870000FE0150ED352E310E39E0331570F43FEB9C
:10871000310F49EC342E3A3138F03FE9310F3A311C
:1087200008F071CF39EA332E310E3E141F040CF0DD
:108730006ACF27FD15C086169706A806B90678F0F9
:10874000A30192010E9434CC630D711D811D911D06
:1087500061307105810520E8920708F452CF2FEFB0
:1087600021961081CDCF103309F41ECF2AE0E22EDE
:10877000F12C9CEC892E982CA82C9CE0B92EB7CF1C
:108780003F924F925F926F927F928F929F92AF92A1
:10879000BF92CF92DF92EF92FF920F931F93CF93EE
:1087A000DF935C016B017A016115710519F0FB0122
:1087B00091838083E114F10449F0C7010297839704
:1087C00028F060E070E0CB019BC05E01E5012196DE
:1087D000F5011081812F90E00E9408C5892BA9F72F
:1087E0001D3209F05CC02196F501118101E0E11410
:1087F000F10409F4BBC0F0E1EF16F10409F09BC0ED
:10880000103341F488818F7D883509F08FC019813C
:1088100022960260E0E1EE2EF12C88248A94982CB6
:10882000A82CFFE0BF2E20E060E070E0CB01270124
:108830000F2C000C66087708FE0150ED352E310E26
:1088400039E0331568F43FEB310F49EC342E3A31FF
:1088500030F03FE9310F3A31B0F539EA332E310EBD
:108860003E141F0484F52F3FB9F086169706A8061C
:10887000B90638F1A30192010E9434CC232D30E0D7
:1088800050E040E0620F731F841F951F621773074B
:1088900084079507B0F021E021961081CDCF1B32DF
:1088A00021F4E5012296F501118100E0A0CF78E0E6
:1088B000E72EF12C88248A94982CA82C6FE1B62EF0
:1088C000B2CF2FEFE9CFC114D10431F0222351F1FF
:1088D0002197F601D183C08300FF07C09095809552
:1088E000709561957F4F8F4F9F4F2F3F49F482E2E4
:1088F00090E09093671B8093661B6FEF7FEFCB0137
:10890000DF91CF911F910F91FF90EF90DF90CF906B
:10891000BF90AF909F908F907F906F905F904F909F
:108920003F90089501FFD8CF2297D3CF10E3E114F1
:10893000F10409F4BCCF3AE0E316F104E9F080E178
:10894000E816F10409F466CFE8E0EE16F10409F444
:10895000B1CF6FEF7FEFCB0197010F2C000C440BD1
:10896000550B0E9444CC49015A015DCF103309F4E4
:1089700049CF9AE0E92EF12C89E9882E982CA82C71
:1089800089E1B82E50CFFC0188279927E8942191DE
:108990002032E9F3293010F02E30C8F32B3241F0A9
:1089A0002D3239F4689404C00E94B3C5820F911D22
:1089B000219120532A30C0F31EF4909581959F4F4A
:1089C00008951F93FC0199278827BC01E894119111
:1089D0001032E9F3193010F01E30C8F31B3251F099
:1089E0001D3249F4689406C00E949EC5610F711D36
:1089F000811D911D119110531A30B0F33EF49095E2
:108A00008095709561957F4F8F4F9F4F1F9108956F
:108A100091110C9418CB803219F089508550C8F709
:108A20000895FB01DC0102C005900D9241505040B9
:108A3000D8F70895FB01DC018D9105908019011094
:108A4000D9F3990B0895FB01DC0105900D920020EC
:108A5000E1F70895FB01DC014150504088F08D9111
:108A600081341CF08B350CF4805E659161341CF010
:108A70006B350CF4605E861B611171F3990B0895E0
:108A8000881BFCCFFB01DC014150504030F08D9140
:108A90000590801919F40020B9F7881B990B0895E7
:108AA000FB01DC014150504048F005900D92002040
:108AB000C9F701C01D9241505040E0F7089540E6CB
:108AC0005BE10C9477C5DC01FB014150504058F04C
:108AD00049F001900D920020C1F7E61BF70B31978A
:108AE000CF0108951C9201900020E9F7F6CFFA011A
:108AF000A191B081009719F41097E1F0CD01DC014C
:108B0000CD010D90002011F4C00113C0FB01219193
:108B1000222319F02015D9F7F3CFFB01219120155D
:108B200019F41E92119606C02223C1F70D90002061
:108B3000A1F7D001FA01A193B0830895592F482FCE
:108B4000372F262F660F771F881F991F660F771FF5
:108B5000881F991F620F731F841F951F660F771F51
:108B6000881F991F08957AE0979F902D879F802DE9
:108B7000910D112408950F931F93CF93DF93CDB7D9
:108B8000DEB72E970FB6F894DEBF0FBECDBF0E89AD
:108B90001F89888D998D2EE02C831A83098397FF76
:108BA00002C080E090E801979E838D83AE01445E11
:108BB0005F4F6A8D7B8DCE0101960E9453C64D8119
:108BC0005E8157FD0AC02F813885421753070CF488
:108BD0009A01020F131FF80110822E960FB6F89417
:108BE000DEBF0FBECDBFDF91CF911F910F910895D2
:108BF000CF93DF93CDB7DEB72E970FB6F894DEBFD5
:108C00000FBECDBF8DE08C838C899D899A8389832B
:108C1000AE01485E5F4F6E897F89CE0101960E944A
:108C2000FFC92E960FB6F894DEBF0FBECDBFDF9101
:108C3000CF9108950F931F93CF93DF93CDB7DEB7F6
:108C40002E970FB6F894DEBF0FBECDBF8C01FA0190
:108C50008EE08C831A83098377FF02C060E070E89E
:108C6000615071097E836D83A901BF01CE01019618
:108C70000E9453C64D815E8157FD0AC02F81388501
:108C8000421753070CF49A01020F131FF8011082C8
:108C90002E960FB6F894DEBF0FBECDBFDF91CF91F9
:108CA0001F910F9108952F923F924F925F926F9272
:108CB0007F928F929F92AF92BF92CF92DF92EF926C
:108CC000FF920F931F93CF93DF9300D000D000D07B
:108CD0001F921F92CDB7DEB77C013B018A01FC01D8
:108CE00017821682838181FFDDC1CE0101965C016E
:108CF000F7019381F30193FD859193FF81913F01EA
:108D0000882309F453C1853239F493FD859193FF8B
:108D100081913F01853229F4B70190E00E9478CB20
:108D2000E7CF912C212C312CFFE1F31538F08B3259
:108D300011F190F4803209F1833229F137FC3CC003
:108D400020ED280F2A3050F536FE20C08AE0989E8C
:108D5000200D1124922E06C08D3291F0803371F7D0
:108D6000689430F8F30193FD859193FF81913F0161
:108D70008111DACF21C0689431F8689432F8F2CFCB
:108D8000689433F8EFCF689434F8ECCFEAE02E9E85
:108D9000200D1124222E689435F8E4CF8E3229F468
:108DA00036FC04C1689436F8DDCF8C3619F468942B
:108DB00037F8D8CF8836B1F2982F9F7D95549330ED
:108DC000E0F08336A1F18337C1F1833509F063C048
:108DD0002801F2E04F0E511CF801C080D180692DAE
:108DE00070E036FC02C06FEF7FEFC6010E9426CB19
:108DF0004C01689437F882010AC00C5F1F4FFFE3F3
:108E0000F98388248394912C6501E89437F833FE24
:108E10002DC0522C8114910471F5552009F468CFAE
:108E2000B70180E290E00E9478CB5A94F6CFF80127
:108E3000808189830E5F1F4FE4CF2801F2E04F0E3F
:108E4000511CF801C080D180692D70E036FC02C051
:108E50006FEF7FEFC6010E9431CB4C018201D5CF6D
:108E6000B70180E290E00E9478CB2A94281419047C
:108E700009F0B0F7CECFF60137FC859137FE81912E
:108E80006F01B70190E00E9478CB51105A94F1E045
:108E90008F1A9108BFCF843619F0893609F077C050
:108EA000F80137FE6BC060817181828193810C5F14
:108EB0001F4FF32DFF763F2E97FF09C090958095A9
:108EC000709561957F4F8F4F9F4F689437F82AE0D8
:108ED00030E0A5010E94C0CBC82ECA188C2C432CB0
:108EE00036FE0CC0E89440F8C91440F434FE05C0C6
:108EF00032FC03C0F32DFE7E4F2E892C44FEAAC007
:108F0000FE01EC0DF11D8081803309F09CC0242D01
:108F1000297E422E842D8870582E43FCAAC040FE24
:108F2000A4C09C2C821418F42C0C922C981844FE8B
:108F3000A6C0B70180E390E00E9478CB42FE09C052
:108F400088E790E041FE02C088E590E0B7010E940A
:108F500078CBC91408F49FC0CA94D12C9FEFC91ACA
:108F6000D90ACA0CDB1CF60182916F01B70190E0AF
:108F70000E9478CBAC14BD04B1F74FCF60817181F2
:108F8000072E000C880B990B0E5F1F4F92CFD32C2E
:108F9000E894D4F82AE030E08537E1F1232D297FE9
:108FA000D22E8F36A9F1F0F4883551F1F701868180
:108FB00097812B960FB6F894DEBF0FBECDBFDF9121
:108FC000CF911F910F91FF90EF90DF90CF90BF90C6
:108FD000AF909F908F907F906F905F904F903F9059
:108FE0002F900895803749F0883701F7D4FE02C0EA
:108FF0006894D2F820E130E00DC06894D4F8F6CF40
:1090000034FE03C0822F8660D82E20E132E002C0F9
:1090100028E030E0F801D7FE0FC0608171818281C5
:1090200093810C5F1F4FA5010E94C0CBC82ECA18A8
:109030003D2CE89437F852CF6081718190E080E058
:109040000E5F1F4FF0CF42FC02C0839463CF839426
:10905000839460CF842D867809F45CCFF6CFB70176
:1090600080E290E00E9478CB83948214C0F3512C6C
:109070005ECF522C5818821408F459CFF8CF842DA3
:10908000867809F466CF8BE241FE80E247FC8DE2F0
:10909000B70190E05CCFB70180E390E00E9478CB0D
:1090A0009A9457CF8FEF9FEF84CF20FD09C0FC012A
:1090B00023FD05C022FF02C0738362835183408376
:1090C000089544FD17C046FD1DC0DB01FC01AA0F39
:1090D000BB1FEE1FFF1F1094D1F76A0F7B1F8E1F5F
:1090E0009F1F660F771F881F991F620F711D811DBB
:1090F000911D089533E0660F771F881F991F315027
:10910000D1F7F3CF34E0F7CF0F931F93CF93DF93D3
:109110008C01C8010E943CCBEC0197FD08C00E9465
:1091200008C5892BB1F7B801CE010E94A8CBCE01AA
:10913000DF91CF911F910F9108958F929F92AF92DF
:10914000BF92EF92FF920F931F93CF93DF938C0107
:10915000D62F7A01B22E0E943CCB9C0133272B32B2
:10916000310529F02D323105A9F46894B7F8D150B2
:1091700061F480E0DF91CF911F910F91FF90EF900C
:10918000BF90AF909F908F900895C8010E943CCBF4
:1091900097FDEFCFCB2DCD7F2B2D2073F9F48033AE
:1091A000E9F4AA24AA94AD0E89F0C8010E943CCB30
:1091B00097FD0CC0282F2F7D283561F4C264D25052
:1091C00029F0C8010E943CCB97FF08C0812C912C4C
:1091D00054011BC0B6FE2BC0C260DA2D812C912C2D
:1091E000540120ED280F283028F1C4FD09C02A3091
:1091F00008F1C6FF05C02F7D3FEE320F3630C8F0B4
:10920000B8010E94A8CBC1FFB4CFC7FF08C0B0947B
:10921000A09490948094811C911CA11CB11C2C2FB3
:10922000B501A401C7010E9455C881E0A3CFC26166
:10923000D4CF27504C2FC501B4010E9461C84B0107
:109240005C01C260D15009F3C8010E943CCB97FF7A
:10925000C8CFD9CF7F928F929F92AF92BF92CF9279
:10926000DF92EF92FF920F931F93CF93DF93CDB7CF
:10927000DEB7A0970FB6F894DEBF0FBECDBF5C017E
:10928000962E7A01CE0101966C0180E2F6011192D0
:109290008A95E9F7F501B381890130E020E0712C6E
:1092A000812CA0E041E050E0F801B3FD8591B3FFCF
:1092B0008191982F8F01811117C010E000E0C80143
:1092C000A0960FB6F894DEBF0FBECDBFDF91CF9151
:1092D0001F910F91FF90EF90DF90CF90BF90AF90D4
:1092E0009F908F907F9008958E3519F42115310548
:1092F00041F1A21713064CF48D3549F18D3229F452
:10930000811006C0882483941DC0882009F464C09D
:10931000E92FE695E695E695EC0DFD2DF11D892FDB
:109320008770BA0101C0660F8A95EAF78081682BC1
:109330006083791651F0971510F49F5FE9CF915033
:10934000E7CFA1E02F5F3F4FAFCF812CFBCF88202D
:1093500019F08E8180628E83AA2359F0F6019E0156
:109360002F5D3F4F8081809580833196E217F30710
:10937000C9F788248394C5010E943CCB97FD16C091
:10938000E82FE695E695E695EC0DFD2DF11D208183
:1093900030E0AC014770552702C0359527954A95B6
:1093A000E2F720FD06C0B5010E94A8CB882069F035
:1093B00084CFE114F10429F0F7018083C7010196FD
:1093C0007C019A94812C9110D6CFE114F10409F418
:1093D00076CFF701108273CFE82FE695E695E695F4
:1093E000EC0DFD2DF11D982F9770BA0101C0660F8D
:1093F0009A95EAF79081692B6083782EA3CF5F92CC
:109400006F927F928F929F92AF92BF92CF92DF9294
:10941000EF92FF920F931F93CF93DF936C01EB01B9
:109420005A01FC0117821682512CF601E380FE01DD
:10943000E3FC8591E3FE8191182FEF018823E9F089
:1094400090E00E9408C5892B21F0C6010E9484C8C3
:10945000ECCF153241F4FE01E3FC1591E3FE1191CE
:10946000EF01153269F4C6010E943CCB97FD8EC016
:109470001817D9F2B6010E94A8CB852D90E08AC0BA
:1094800000E01A3231F4E3FC1591E3FE1191EF0193
:1094900001E0F12C20ED210F2A3048F101FF37C007
:1094A000FF2059F31836B1F11C3609F43DC01123E1
:1094B00021F3612F70E080E095E00E941BCB892BA7
:1094C000E1F2912C812C00FD06C0F5018080918095
:1094D000C50102965C011E3679F5F6014681578179
:1094E00070E060E0202FC4010E9455C89ECF02604A
:1094F0006F2D70E090E080E040E20E9461C8F62E9F
:10950000FE01E3FC1591E3FE1191EF01C3CFFF24AF
:10951000FA94C8CFFE01E3FC1591E3FE1191EF012F
:10952000183609F0C4CF08600460FE01E3FC159111
:10953000E3FE1191EF01BBCF1336C1F401FD02C070
:10954000FF24F394C6010E943CCB97FD1FC08114F9
:10955000910429F0F4018083C40101964C01FA942E
:10956000F110F0CF00FD61CF53945FCF1B3511F5A3
:109570009E01A4016F2DC6010E942AC9EC01892B0E
:1095800089F7F6018381807309F477CF8FEF9FEF1E
:10959000511073CFDF91CF911F910F91FF90EF90FA
:1095A000DF90CF90BF90AF909F908F907F906F9003
:1095B0005F900895C6010E9484C897FDE7CF1F36CB
:1095C000A9F130F4143641F0193639F0006405C0C1
:1095D0001337B9F01537D1F70062202FA4016F2D92
:1095E000C6010E949DC88111BDCFCBCF81149104CB
:1095F00029F0F4016082C40101964C01FA94FF2025
:1096000071F0C6010E943CCB3C0197FD08C00E944E
:1096100008C5892B59F3B601C3010E94A8CB811458
:10962000910409F49FCFF40110829CCF0061D5CF43
:10963000992788270895FC010590061621F000203F
:10964000D9F7C00108953197CF010895FC01059025
:10965000615070400110D8F7809590958E0F9F1F34
:109660000895FC016150704001900110D8F7809579
:1096700090958E0F9F1F0895CF93DF93EC012B8160
:1096800020FF1AC026FF0CC02F7B2B838E819F8169
:1096900001969F838E838A8190E0DF91CF91089518
:1096A00022FF18C0E881F9818081082E000C990BF7
:1096B000009729F420622B838FEF9FEFEECF319636
:1096C000F983E8832E813F812F5F3F4F3F832E83B5
:1096D0009927E3CFEA85FB85199597FFF3CF2B8177
:1096E000019621F080E2822B8B83E6CF80E1FBCFD5
:1096F0000F931F93CF93DF93182F092FEB018B81CB
:1097000081FD09C01FEF0FEF812F902FDF91CF91C7
:109710001F910F91089582FF14C02E813F818C818B
:109720009D81281739073CF4E881F981CF01019622
:109730009983888310838E819F8101969F838E8376
:10974000E3CFE885F985812F1995892BA1F3DACF2D
:10975000FB01238120FF11C026FD0FC08F3F98071A
:1097600071F082832F7D20642383268137812150ED
:10977000310937832683992708958FEF9FEF089546
:10978000FA01AA27283051F1203181F1E8946F9332
:109790006E7F6E5F7F4F8F4F9F4FAF4FB1E03ED0D8
:1097A000B4E03CD0670F781F891F9A1FA11D680F76
:1097B000791F8A1F911DA11D6A0F711D811D911DA9
:1097C000A11D20D009F468943F912AE0269F11241E
:1097D0003019305D3193DEF6CF010895462F477082
:1097E000405D4193B3E00FD0C9F7F6CF462F4F70DD
:1097F000405D4A3318F0495D31FD4052419302D03B
:10980000A9F7EACFB4E0A6959795879577956795E0
:10981000BA95C9F700976105710508959B01AC01E0
:109820000A2E06945795479537952795BA95C9F707
:10983000620F731F841F951FA01D0895F999FECF15
:1098400092BD81BDF89A992780B50895262FF99980
:10985000FECF1FBA92BD81BD20BD0FB6F894FA9A13
:10986000F99A0FBE01960895DB018F939F930E9492
:1098700085CCBF91AF91A29F800D911DA39F900DAC
:10988000B29F900D11240895A1E21A2EAA1BBB1BB2
:10989000FD010DC0AA1FBB1FEE1FFF1FA217B307BC
:1098A000E407F50720F0A21BB30BE40BF50B661FD2
:1098B000771F881F991F1A9469F760957095809596
:1098C00090959B01AC01BD01CF010895052E97FB3A
:1098D0001EF400940E947DCC57FD07D00E9444CC1A
:1098E00007FC03D04EF40C947DCC509540953095F8
:1098F00021953F4F4F4F5F4F0895909580957095FC
:1099000061957F4F8F4F9F4F08950E9498CCA59FE0
:10991000900DB49F900DA49F800D911D112408956A
:10992000B7FF0C9485CC0E9485CC821B930B0895C5
:10993000A29FB001B39FC001A39F700D811D112490
:10994000911DB29F700D811D1124911D0895991BC9
:1099500079E004C0991F961708F0961B881F7A9526
:10996000C9F780950895AA1BBB1B51E107C0AA1F28
:10997000BB1FA617B70710F0A61BB70B881F991FB0
:109980005A95A9F780959095BC01CD01089597FB54
:10999000072E16F4009407D077FD09D00E94B3CCAF
:1099A00007FC05D03EF4909581959F4F08957095E2
:1099B00061957F4F0895EE0FFF1F881F8BBF0790A3
:1099C000F691E02D1994692796276927782787272C
:1099D000782708950E9498CCB7FF0895821B930BB7
:1099E000089597FB57FF0C9401CD9F938F930E948E
:1099F00001CD6E1B7F0BAF91BF918A0B9B0B08951E
:109A0000E894DF93CF93FC01DB010E9498CC7F9315
:109A10006F93E9019A01AC01BF93AF933F932F93EA
:109A2000DF010E9498CC26F46C1B7D0B820B930BFC
:109A30009E01EB01FC010E9402CEAF91BF912F91DC
:109A40003F910E9402CEBE01CF01F9012F913F91BB
:109A5000CF91DF910895689401C0E894F92FF12B1C
:109A600012F00C945FCDA0E0B0E0E9E3FDEC0C94C3
:109A7000D1CD092E059422F40E94BBCD112392F47E
:109A8000F0E80F26FFEFE094F09400951095B09465
:109A9000C094D094A194BF0ACF0ADF0AEF0AFF0A4C
:109AA0000F0B1F0B0E946ACD07FC0E94BBCDCDB7E8
:109AB000DEB7ECE00C94EDCD689401C0E8948F9291
:109AC0009F92CF93DF930E946ACDDF91CF919F90B9
:109AD0008F90089588249924F401E401B0E49F93C1
:109AE000AA279A158B049C04ED05FE05CF05D00727
:109AF000A10798F4AD2FDC2FCF2FFE2FE92D982C46
:109B0000892E982F872F762F652F542F432F322F92
:109B10002227B85031F7BF9127C01B2EBF91BB271A
:109B2000220F331F441F551F661F771F881F991F61
:109B3000881C991CEE1FFF1FCC1FDD1FAA1FBB1F17
:109B40008A149B04EC05FD05CE05DF05A007B107CF
:109B500048F08A189B08EC09FD09CE09DF09A00B23
:109B6000B10B21601A94E1F62EF49401AF01BE010D
:109B7000CD01000C08956095709580959095309575
:109B80004095509521953F4F4F4F5F4F6F4F7F4FFF
:109B90008F4F9F4F08952F923F924F925F926F92F7
:109BA0007F928F929F92AF92BF92CF92DF92EF926D
:109BB000FF920F931F93CF93DF93CDB7DEB7CA1BEE
:109BC000DB0B0FB6F894DEBF0FBECDBF19942A8809
:109BD000398848885F846E847D848C849B84AA84C1
:109BE000B984C884DF80EE80FD800C811B81AA814E
:109BF000B981CE0FD11D0FB6F894DEBF0FBECDBF19
:109C0000ED0108950E9498CC460F571FC81FD91F19
:109C100008F43196089591110C9418CB80538A5012
:109C200018F0865C0C9418CE089585FD0C9418CB22
:109C3000806291110C9418CB81568A51D8F70895FF
:109C400091110C9418CB80538A5028F0865C806266
:109C500081568650B0F70895FB01DC0104C08D9158
:109C60000190801921F441505040C8F7881B990B8E
:109C70000895FB01DC0102C001900D92415050405B
:109C8000D8F70895DC0101C06D9341505040E0F7D2
:109C90000895FB01DC010D900020E9F71197019078
:109CA0000D920020E1F70895FC018191861721F0C3
:109CB0008823D9F7992708953197CF010895FB019B
:109CC000DC018D91019080190110D9F3990B089551
:109CD000FB01DC0101900D920020E1F70895FB01EA
:109CE000DC014150504030F08D910190801919F401
:109CF0000020B9F7881B990B0895FB01DC01415046
:109D0000504048F001900D920020C9F701C01D920B
:109D100041505040E0F70895726EEE56F083B0ACBB
:109D20000F5DE3A533090FF66321814665EEF2E886
:109D3000F1937D82A8F7E2FC186EA468C6E7E152B1
:109D40008A48526349CC849DACBB467AE22DA61169
:109D50003EDA932C09CA5BFB30EE21732A3C9998BA
:109D6000E4712C433DC6DB0D7A2FCCF2EE4F3BAFB6
:109D70001FBFDB7BEE2DA040A0EED677B09810C4BD
:109D8000805879171432C982038D451952D983BD81
:109D900064B256CFAC3280F3CAC1247CD1ED7D478A
:109DA0003881E2270AC3A4F0BE7B505994CA630EDF
:109DB000FF473603B38F4340B7DB14A8D073812C21
:109DC00044BCB55E72346B0D6BD087219A9BCA5E22
:109DD000A75B3945859CFB3D6C2139BCC993354C4B
:109DE000E5C22F36D7EA3DC30CEE1CBDC02A75A3D1
:109DF000273967316E58B918B8BCC795D813BF91C9
:109E0000BB1B0AD55E4CDEE1FEF068BFFF216F7C14
:109E1000180B81C0DF6ACCFC2444C7B04C2CC37142
:109E2000050E216C8BF4375607D0CE81E306939A4A
:109E3000D22158EB95859DD7331381BC5424ADE7CF
:109E4000115CFDD224D2329E1B402DB845A39561F2
:109E5000081B4D68FA5B89ECC26B075CE1B4AA9001
:109E60003B05897699E813F4D73DD8F3D3EE4EDB62
:109E700016DB63FB7F037104939A6F2B64CE5782CA
:109E800080740E8DF828170C22CA40220F1127BBB0
:109E90007C86B706CB1959ABC45C055F35753203B8
:109EA000B21C046C69141AA75563B66C83566E50C5
:109EB00000AC14B503529A9DA70F88BCEEDCCDFB15
:109EC000C6922350659194D5E1162BBD7E18DD50C6
:109ED000D2297260223F59C8F88CCB6119CA0E088A
:109EE000EA3A35FEE717E5F2F2A6260FEDD6FFFEB9
:109EF0005CCC1A5E59732C62A353D740E26F8BBAC5
:109F0000664D5D18EA6CC2B85BDF73E85519D6CBB5
:109F1000188FE059BCE5E5990B480BD9EECEEB7DE7
:109F20007C15973DE163A9CA1AE16DB9633E428E83
:109F3000DEBBC2B85EF31E1649A66110A9880B4CA1
:109F40001FC7BF1653211B728A1D17CCE13CCD9948
:109F5000792EFF426F40440C90D6E09EAF239B0DBC
:109F600091A30F3D077059D719BABC8B86DDDAF77C
:109F7000770EF5C62E7F871973E0565466A7B08812
:109F8000BC8333F833F2D48F3D589679E3E18B5F8D
:109F90001FEB0DCBEAE0B8EB5363AD1F95B58E3BDD
:109FA000C3E9EE64283944B940BC499FF0835D00A1
:109FB0007ECA291C468E3AF9830012A6F2C8982759
:109FC000479EBF33C74C25FE2E03551B0A0B386135
:109FD000AFC7240FB68EE2E9A91771A97061C194C9
:109FE0000AC608F798CF0499579B62B71EA685C387
:109FF00033D146C901C7A6AD3C3F5F4F6E9C1D746F
:10A000006DD7A1A10C8AD314BB790AD43E26A33BF9
:10A010001B4E19AC36137B21BC204723E53D92979C
:10A02000AE782513A88D12C24A8A336A2758F818C9
:10A03000056E63E3EEDB5E868C6542196FE5C60450
:10A040008393068DE91B1A8BB46422AC18647D15CA
:10A05000251C10CF246C880511C84FCCA6ECADD8B8
:10A0600098F1896223ED471B69B1870E3BB67BE30C
:10A07000439FF3B3AEB0EEB7F6ABA728F6F0175B8D
:10A080003452C3EEC113C90B60CB96EC71085E94D9
:10A09000E1EF4437E1A16CC274D7C9B0C673DA727C
:10A0A00001E221E3C258BF513160993F151A6A8914
:10A0B0008D986D27CA956C37E98BCB89B4D2732103
:10A0C000D9FA27E1D62F94DAB79F31BDF6E55EC6FF
:10A0D000CD99403912326A9BB2ECDA0DB725632D67
:10A0E000566DC9097CFDC83F7B0CB6AA9CBBFAD350
:10A0F000006D071BB4C2D0296FF63DF37B91B41FEE
:10A10000ADD70DB81F351E4DDF373CA3E1D837BFA3
:10A1100097D59F14C08286B427BB4E0C0F4A7A1D78
:10A1200040294F7D6D2EB1665EBEA1348050088EF1
:10A13000A4B2FE989F53643DB5D12B33F349C0CCF4
:10A140009954748DA268891F3756229974A5249456
:10A150002659E13D84BD851C7D56AA61661CFD26FD
:10A16000CE418A426944429C06EC9D0B22E2EDE31B
:10A17000DB30F189B289896313535DAA23C7C4CF49
:10A18000AEDC9E392EB3D249C791E158A2E2BE811E
:10A190001045FEEF462C945BDD1C4B85A5EB743817
:10A1A00012F1B287D5DB980507A924CEF2AB7B75F7
:10A1B000F20D933AF64FA4C93A3D7453E1CF8E4C59
:10A1C0000FDA14CF3156E7C951705C58A93A2FCC39
:10A1D00092F97D79C1F4E94C6193D48999151333CF
:10A1E000D68919DFC8BFC7CABF758DCD642642A105
:10A1F000C6657D60EE21199C49E2D871E5421E3B9F
:10A20000265C5DDDE7AAEAC20D7F5CB1E18F4B1BE6
:10A210007E9412CFC5A8E54EF5C460354932521A76
:10A2200041C393A8DBA0D51D268045B24BD4292A73
:10A23000839DA6AEA3C93DCD8150A01C037A3504F1
:10A240005C03DB35A29B62575FE8D320A722D419B9
:10A25000B9474567818D389400760107F250014572
:10A260003CBE04BC6AC4B8E6250A8085188E4BA79C
:10A27000A09320EA7EAD2EB34D6DC16C188543BB13
:10A28000606A1FFD0E68B3018F5A30E2F53D1A6215
:10A29000EE90344C641815B1DFC4410BC2BF813A53
:10A2A0008026312C98ED679B55E9A9D1CA25EFF09E
:10A2B0000069268CDE456BBF64818E63574D85E255
:10A2C000EC594F09975EA00F1094DC9229D60C9E92
:10A2D00021BD1699A1085E2F85C3BB52F4DDF1386C
:10A2E00090056CC23F9C0FD714985D3321A0257553
:10A2F0009723A10856BE06CDA166DD581460EDC2B5
:10A30000AB8721A694CCAE4457178917EA2AD818F0
:10A3100010040780D80998E7D3B37ED1E0CC801F22
:10A32000C8DCA8B5E70651CC11CC7E0E8C62722D2C
:10A3300022840216D04CC99935DC3B8974D777CE7C
:10A3400000900D43C1EF438A8042CF45A26BAF021C
:10A35000FC44DDECF56D259E6339E5AD98DBDA5FF5
:10A36000FE3271098C0D25F79B111FD66A8FBE0135
:10A37000F1C166DF45DBCBC887F1F8B6B02BAA99EF
:10A380004421FB5B80C91BC2688DDB0C8F4787E4CF
:10A39000F351CEE5B1B9488168404A2E8A3F9517FE
:10A3A00056FE15AC7472F1671FC64F41041849463A
:10A3B0001BAF04F580CD73B8A271AEA38AE59F7977
:10A3C000E04E644A22D0025A5C0DC591AA63C8943B
:10A3D00087711853B82844DBB8122CD85792320E24
:10A3E0005E3339C1CF64C9EE17686661C3E6004FBA
:10A3F000E94E370956C0CD59FB84599E4A4C883BDB
:10A400004E8C34A9568408E0A01B2DC91F551F632C
:10A41000DA712671863F30CD4447F1C9D047B42860
:10A420007647D0EE10F5AD8CF5212DE66C5F0BA7CD
:10A43000250E10252410A3B012B62BF9CCCDC81DC3
:10A4400041B64361608B523BCA628FF041D205F83E
:10A45000666BB5178B513E6E97D9D2752806E92ADF
:10A460007788ED0D33D4F9F687ADACE595D060BFB4
:10A470002B59DFB53D1B844C7F6EAC1DB55F259914
:10A48000CF52768300F15AB7291590EBBF8E4D6CF1
:10A49000F8FECD3800E7E6273FD08DC1E72133D263
:10A4A0003BE9D39A88943AB5BFD7EE0548DEAACEE9
:10A4B000A91B08463DF1B0DCE20B6258265B0B722B
:10A4C0005C9B7D52DF08C035FA26ECD847E2A4D762
:10A4D000E58CD86BDFAB5CF1C884A362E4C8CE64C2
:10A4E000E506A84F718FE0B193C3AB2805EBA243FB
:10A4F000956821E07F07575CBAC2421AC2BEF2F4E7
:10A500006631251810598AE280433272365B4187E2
:10A5100086480131174ED5E2BB6552982813F02EBC
:10A520003043B5B413244003270265BA65054515C9
:10A53000A19D785E7BDE17B26D5075AA97E255B685
:10A5400018733D71D5B48B6A1ED5F6A18AC128D087
:10A55000B7AED610782CF90DA4D8715FB1E1DB3518
:10A5600073CF0367F0C23409A8FE3387A245B8E76A
:10A57000D9590095322EBE99198E9529B323569834
:10A580005761BB2B30FCAF6DE342BF8E91050B9939
:10A590004614EB16A52277C1AA2FBA0A8A5CD7AA5D
:10A5A000690D3F9DC8FA31415E0439AA9EF19D3D77
:10A5B000AF861E0429B7E0BF90E9399B5879674AF6
:10A5C000A714A73D75056CC6251F426D3B55F46069
:10A5D00080FBD2A232569993A934FD503D95C5C94E
:10A5E000657A66AB45EAA14BB2B9AA71A94A7FEB7D
:10A5F00001F5425BFC3DBA17C9AE9A4E48A556D943
:10A6000040D45C9F714FD63C2FA2F56A5D433E6BF0
:10A610003E1FD033970D285361475E7415A5B2A431
:10A620002D8100EE437038D63EAFF9B441BB968E13
:10A6300000890686AE862699B6B5C5A71B9AE9BEDF
:10A64000B5BFE6D30ABD72498582A62F4C668098B5
:10A65000537847D0B3C2E58FC171629AC79D5368E2
:10A66000F7B08F92AAC81215059F099222F42B9277
:10A6700022B88FAD15198D2CB5CACD8912A8CCF989
:10A68000966409F2E5F3B1E6C9B5A5F2B245920BBD
:10A69000F320081F66CBFD0E5C644508932268FD1D
:10A6A000F3796FACE26B3229D598A5058212F2AE30
:10A6B000CC7101DF7C8D7060DC86B5DA6BA8DC1EA6
:10A6C00026DA889BF6AF5026B75DECB5DBC5CA0825
:10A6D000AA1818AE6EBF51E0683074DEB4B7DE9FC2
:10A6E0006B8FAB4E85C2240B2CEEC4497419477591
:10A6F000127CB3A832D8C8C63CE688785800F50664
:10A700003B9B3B20EF0F6D65E9C9C20EB72B31E6CD
:10A710009668AB4D12F4307CB25945ED9D0E1D018B
:10A720008AC49C17F8E696D2A984969DB893A9147A
:10A730001785DE21356D73C0E1216EB86E6CDFFBCD
:10A740008DCDF1382585883B952500C2F360E4DE88
:10A7500015F87BE1C900AF42B81A0DCC3CA028D84F
:10A76000BFB68CBBB79AFB2276CB5BF24D8416D872
:10A77000EE00A1C05449AFC3E9E0DAF62067AA3F72
:10A78000E5941B6777925980C37C0BFCE52C3E4D0A
:10A790002F9024AFC7ABBB49DE23EB0CA6D529A174
:10A7A0008BA077F985CFD3813ACFCACA87D1FC91E4
:10A7B000D2CEA372A42CB464AF43C1AA3C5821A941
:10A7C000C6633487352D16CD5090AF1AA5F9E3C274
:10A7D000B583744B717F1EE5FA4664EB7A79C374D6
:10A7E000FA365B3A250142365276122A4E8C91F2A5
:10A7F000120DC292137E7961BD04BBEABF83BC090E
:10A800005148D3D8E1545A5BC1AB160C26DB01B8D2
:10A81000883C23EA7C6D1D0FD1759953EC13B687E4
:10A82000AD3FD96D69058D1A8F641E975E6614A8B9
:10A830004B4767E7A7BCA9042390F48A4C8FC265F5
:10A84000CC7A1CE00BB87A5E7E51996BA3CE94044F
:10A85000364E1B0523B7A75EB25A508CA428275347
:10A86000D478C7AD4679B7537B001750BCFDA053D1
:10A87000DBEE08DA8E73D72DC0ED6DB306C34099B9
:10A880005AFB4E53FBCBDD2D40BCC784255E5BFFDE
:10A89000FACF2F1FBF7BB283E092BDC7FBB0D9B404
:10A8A0009A69AB95B6DA696B236D6DE2ED76336D1F
:10A8B000B7D2761B979BCD74B3D50B511204BD490B
:10A8C000B0715FC3E81E3BF6383714CBEC0BE37175
:10A8D000073076D39F04F92DE9D2B0FA76B35784C6
:10A8E0001E378BD0E3BBE96CB59DA8434A67875EF2
:10A8F0008F025ED3B8D0BA327D75A57D9536E88AD1
:10A90000A809A4C54B485C8E08C7337426BF9ED8DF
:10A91000C9CC1766BE6CC925278C6376E60CEF960A
:10A920004330BA0B2213649115FC2ABD5070BFFA54
:10A930006FFFF93FD47E3A1F0EFA4150058E4175E4
:10A9400022ED6574D00ADD7EAE7A5B96C9DCBDFE71
:10A95000D2FBAB442F5D4C89A74198317840B102BE
:10A9600049492D10FF5146EA52C2605A3AC0D15EA1
:10A9700023BCBB193FAB1962467047437B8344D568
:10A9800012501B37EF31821E8E09E3ED5B271E93B9
:10A99000511E6AF57F2CA2BA8B978221A1D947EA72
:10A9A000147B0A04108D21D14D59759D7416A1BADE
:10A9B000AB5F383BA85AB2E3E34DEC0118104032CC
:10A9C00014C32AC26FB9B08FD01D4BB0B0AFD82915
:10A9D0009FA036227CCD442EB1BF41B20484FD6ECF
:10A9E0000D97974BC3B0AB2E4630D5A5801B30D00A
:10A9F000C43E6112B580233BF5AA50C088ACAFEECF
:10AA0000137E4E8376562D22B435F16D5564128F28
:10AA1000F9D127E6C7D80C5C89A21239AFB8641AFD
:10AA2000B5D559B0D84E75A5D3853013A730576A20
:10AA3000E65BC97545E325C17DAA9A7AE10B8CDDF9
:10AA40004AE628797F15C320AB5AB2E3C5ABF5CAF5
:10AA50007A2BE122EC4FE0E6B7A043AEC14B4BAE00
:10AA600045D737D75D749B59EB2AFA56E1B257FDAB
:10AA7000A995BA503B2139BC5BB4559654AE81D9E7
:10AA8000DC1A708DF64D25D15BB61F25DDC096789A
:10AA90007939047CC9731A0C2F2F2BFB021FCC931E
:10AAA000D386F04AF89AE3DB284A4B330CCDDDD548
:10AAB00076FE23AFFB5FBA5D5C1AC9FBCE06EE8E55
:10AAC00037F7B6A15E908A263F15D81BEC0D9BDFA9
:10AAD000DE6B5F8B2DD3597999B24067566A6BE173
:10AAE00075596A2A2CAD274CA098EBFAF308F3624B
:10AAF0006C358BAFB9A4C78F84F66701DDC74B34C3
:10AB000020FE19C191AE25289610BACDDE5A6DDF10
:10AB10009B59377376C6918873AEB5C3FAF7A9C34C
:10AB200024C9969A57BDB0AF8BBC578BCDD4388013
:10AB3000A66E6F6F8D1F3C7FF3ECDDCBBDE7FB5B3B
:10AB400063C42C11FF6738859B1BCEB439914B2E03
:10AB50002FE1B7F6F904E806C3E9CBCF27766732D1
:10AB60001E018560492F0A46A70FFBE78077EB742B
:10AB70005E3E5BDB79BEF3F4C54FF0607DF064EFC1
:10AB8000D5FEEB773B05B0908340411391D428C7A5
:10AB9000AB5B8DC8DDD6AA78FEE2F9E3CBCBB199E9
:10ABA0008039629938AA6212FC6727F86C509CB011
:10ABB000633ACFC86B50BDEA852C5D85A10F855FD8
:10ABC00091301A0B51CCCA738D92AF416570C35D41
:10ABD00069E890C0205FAFFD55FDE61C09CC8206F8
:10ABE00057CEBFCF0C6F85B60A8248A371F05429A7
:10ABF00030C0B39EF81C95EEC139C228BA7EA5F8C4
:10AC0000B9180A8440BF79FAD8D0824B2F74DDAED0
:10AC10003956270D6EFFA31C8AAC67CCF798BF840A
:10AC2000E4340145BAC901ABF5A30BCEFCBB5AA471
:10AC3000747195B63AE6EC28630D47D596E7DB5775
:10AC4000E3D8B15579FCC5121D8608BB25BCFEF2C0
:10AC5000124E2FB144787919CFF2C1CF3EDC543374
:10AC6000A283151DE89C1FA84FF0ACB7C813F8A02D
:10AC700092298DE798D2DC3782FA1AAEC295BAFAD9
:10AC8000C61EA4FA514828C47AF429C304C0DC1CA7
:10AC9000BBE61C8ACFC7E6133DC7E2C7C6E2C79E24
:10ACA000C58F2B58FCCC246263ED6365E110C69C14
:10ACB00007E6F272E860BCBC5C628E61AE31F81EE1
:10ACC000836BFFD365490FAD16C9875EEA85B17204
:10ACD000E232073A97DAE8A38788C33ADC11291BE6
:10ACE000D24DFD905A7264DF0904E747E7C455D39B
:10ACF000C47466317635DDAEEDE54F0CCE4FEB22F8
:10AD0000C316402F4E8C837E8B0C986E2B5327627C
:10AD10008D08A83756049887903E006481B971ABBE
:10AD2000C3B28214F830AE287F1025F4BD43E44B43
:10AD3000B6CA5F713DDC77EA261765C628AC7AB0E3
:10AD4000258C166C38C3B1B64D04B744B39924654D
:10AD500071306E69C21676FAEEAD722B45ECCAFA06
:10AD6000A4ACF204D8D65F17E3F4A3DB0DFD405F7B
:10AD70009DE530AC4774B13B819A27AA71F7969351
:10AD80003939FD5AAECCB2E2F8EAA07BBE65F304D5
:10AD9000F7D3AA4B520F564578F14970FC13447C07
:10ADA00077FC2B365ED4BC3700BDCB484ADD5C7CDB
:10ADB000DEA7CC11CB56048265A7C403C2B6B98CFA
:10ADC000332EAAB0C85E303C28BAB73352C564E807
:10ADD000B0B57803CA3BFEA82CCE57E6B68F5821F3
:10ADE00050E0CCB362A1D52F9D3C9A69F725C826C7
:10ADF000541BFEAECF7C9DFFCCD7D2671EB113C3D0
:10AE0000F78CCD17D77F281E701214E3CE751F9CC8
:10AE100099A40989131B9CF36BC51757F1098DD1B0
:10AE200000D8339CCAD6BE12F0B600ADBB209E76C9
:10AE30001F98731D3D63333DCE46F34ADB545E8C51
:10AE4000D7507B48CDB7206523D55BD0A9A7C3AB2E
:10AE50005E407550507FEA4F43AD4389909CCC3B98
:10AE600026FF889BF073C83EA0AC3CD524455D23EB
:10AE700039F92AD4BBB3DC9217152410FA468D2772
:10AE800033718D0A56939B0CE2FE033E79E51186E1
:10AE9000636D8CF885048A3E218933A2DFC1CBF231
:10AEA0004B0258B7E80E70E9B85B009115F5D6AFC4
:10AEB000B6AAC04927D0BA299B4484691AAC5D3E22
:10AEC000A9DE90024EE0FD7784954EA221D98978C3
:10AED000C20C45B5EF8D122BF7944C9EBDE03B3B69
:10AEE00003714C10F527C39A8B45F96138239629D5
:10AEF0002752878A8105FBBFECBCA4028DF168D87C
:10AF0000FB0FA961E48568E00E11492077F52F9ABF
:10AF1000867F2141E02F1F336E12AAD0C907FE7B26
:10AF2000AA6FCCCEA9E49B0DE4DFF381DC44A02919
:10AF3000DF3E7F8F7FC1AFF02F612F53624ECBF387
:10AF4000E919AB9DCA35F8120B8F0EF12850D921A3
:10AF50004EA2A036E65700C65E81D89A03B1B50F5F
:10AF6000C4568896C3F12BEA258C2C119B82627201
:10AF700047C3FA6CD09036A1115C87B9AC9DA2A5ED
:10AF80008C158B382A38CFBBC40A074C279F8251B7
:10AF90005E1D88D3B8C6BEB96F5D5EBAABB533BAB5
:10AFA000DC16BF5ACBCBFEC761F4E8B025E7A100A1
:10AFB00082BD0804998A4F721107C2DF5B23DBB29E
:10AFC00085678FCD4B17EEA9157ABD48AC71212747
:10AFD000D3425533E9785250959212993BF2E0737F
:10AFE00089848F012A7974AD5669E248D4156804C2
:10AFF000D12C38082092A31BDEE18D957AAD66E056
:10B00000A67161ED5110FDD2C3D1B238F74AFADC16
:10B010008FD7B0E52841462E1DF03EEA53A89596FD
:10B0200097FDCFB1FCD4F4197C44010CC207C036A3
:10B03000934264C929B218602C624509D60E95570F
:10B0400050651F4D945A7861BF5D727456767A7D53
:10B0500065A75165A7AEB253ADEC542BABA03F2012
:10B06000B8EB91262D75AF34572EF4A7D0954C35FB
:10B0700004E841B7BBD6DD0E7850B0483CDCEF1F8A
:10B080001A07FF12A4C328DA9A824413A758902300
:10B09000D9106BCD2510C57BC8B93D163A7F8C12EF
:10B0A0007B925587A763A2AA4F1F4EBE283D5D9491
:10B0B000C622A6EED0113E171560B93B79A024CC6C
:10B0C0000B2561A0D1EC7B5A91D183233C4FB995DC
:10B0D00004E30BF49D56AF68DDB8AA75386424719B
:10B0E0007B3023E3E8F4C7F91F6BD0EAD8C0731BA9
:10B0F0002CC3CBABE4404EF0D78CF8E4B623AEDFE4
:10B1000095519F94477D22A7B0D102E1FE5A49177D
:10B1100015E1F9D7C6522B108F90DF60547AE5D72E
:10B120008A579AC92D2560BC61A71F49F642B147CD
:10B13000B44B116FABEF6AE6AB73D99A0BEEF6B76F
:10B140007FFCED6FFFB5F6DBDFFE13AE6A34BF4A5E
:10B150001059EDF94E54FF4B66E76B707B4BCAEF0D
:10B16000AECFBFBB5BF9EE61E95D58E2E4BD871A83
:10B17000DD56F18AEC98E50FDAFF619EC351BBEA18
:10B180002D09920BDEC26251BE6A8C82FE164330DC
:10B19000644F8D5EA017300A42512C89C2EAF2F248
:10B1A000D1E3672F2E2F973411E4648095E42FC3E9
:10B1B00034170CAA81BDA000B4E8051AF603495F54
:10B1C0007965F4DC97888EB946E7B260D25B4B7C38
:10B1D0002412087D514594F614D87C01A5FEF66F23
:10B1E000FF676D07462671C7AD241F05740EDFF893
:10B1F0001F35836F58F88EE009D4A3C6431529A2E2
:10B200003FB160D4F85CF926103090D6A8FA558387
:10B2100074A9FEE264A4EF05273A26AC1A19DD47AB
:10B2200037DF06E49F0707B0BCFEFFF512EE95A2DC
:10B230005F42B92DF1AAC828DD8D26A930AFD622EC
:10B24000CF40DF12D6E42E294A012E6031649A00E5
:10B25000287719802CBB53F12310EC52EF72240D88
:10B26000A210E9CEBB2E493A356B0715E253E663CF
:10B2700022D4B33512A78A2454D3593D1AE7D07D7E
:10B28000B45E98D424DB4DE52EA48F3A4BFA373CBC
:10B29000963A07C162EB46B0F38906EB556810F3A6
:10B2A000790DA2AB217273B42EA7AE3267EAC863E0
:10B2B00053071F77F2ABE894E1CE62CEB39A5CCA33
:10B2C0005C0D9F7B6C20EF3FB85F38F87997C057D3
:10B2D0003C458A53A077F57B847567CE7E855B5E9F
:10B2E0006D648E7985979DF993A9131CE3505A2EAE
:10B2F000DE5E5B53E5C366FE6B3855786637EB451B
:10B30000E6C46A0311D274E496A48324A85D649F02
:10B31000D807369A8DFC394C1E84D3E142C3F2C162
:10B320008EBAB0700FCF986C4124B203B1ADFDACB2
:10B33000F45FFF3972120C3C01A9DF7DA39E8913D3
:10B340000CE8D9473880A8DF094CCC677962B9414D
:10B35000446DEB570AC3BC0B5B325AAC3982D06CDC
:10B360005E48F03E640A3856ED33125FDB2020D68B
:10B3700092AB1BB75E16B710FAD691807D0EAEDE8B
:10B380008D1328CCD20B8E33644D7809C2918F2750
:10B39000EA3A73DB31A1C664847F4F8F106B9BA4A4
:10B3A00031791549516689C4A52FC8A79497B22948
:10B3B00051BAA95294B86889BE3B95680AAB38D592
:10B3C0004FDFDBDB163E2F1D663CA3C84505CF7C57
:10B3D0005450C04BAC3BAF0B8DBEF08527D4881DBD
:10B3E0003F1D8E3F362E24E5E0C54771DDA7A280C4
:10B3F0008953B89A8A3BF99C65CE022E433FA77ABF
:10B40000C91617EC76F3594C9535F8843F61E1AADB
:10B41000A4A656DCE501AA18D585DB80252922E7FC
:10B420002FD25B9518B9268CA9E0E4DFC0C2FDD904
:10B430001C73E2E6AC6430F3533493299A05533419
:10B44000F353E459318F947ED9CE24C950255FE659
:10B4500009ACA27057EE951248F1814001F021C16C
:10B460006B063D995746DE175A46EF04D788FD26EE
:10B47000CD65313186EA8F6EAF0047F737F35FCB8A
:10B480002AC3C554CA297619B8252B793F681734C1
:10B4900069A990FA692412D05F4DAA770140FD385E
:10B4A00004A6B2DAED5655B5101B7AE13A2C5C22AF
:10B4B000A1CBA2674CB8FD98CBE182CEDEA69392D9
:10B4C0001BACB29B92CB69613FE3B8A0C5BD0DEA4E
:10B4D0002FF5D7D51F77F8B77FF7DF6A81DB3235D5
:10B4E000C8A796906A622168BE129FA9AA4F9F2A98
:10B4F0000F4B777ADC5D2CA93C151DF81F2E8E10A2
:10B50000BF40F15D72AB5D8927657113B1298BC4B2
:10B5100098C0413297D8AB05A20C9670306EFFE709
:10B520007FFDFB223035F6C58CDF2F65EC0A7808ED
:10B53000AD560B398A0F01BC8EB564D7C86F71DE6A
:10B54000A76BC4B8DFD7FFD00BB790C0242594D821
:10B55000CD6972EED6DFAA9374AF9E352415C3A0D1
:10B56000E482723729B877FC6ED1001EDD99D6CA05
:10B570008F9F37C32962040D8DA5D5F2B8F0EE2E4A
:10B580002857EA5F9AAB3FDE7525B39F3AD784B25E
:10B59000E67EECF45DAAB473AB4A59F22A5A19A1BB
:10B5A00081D7BCC99515140ECDF5D2F8CCB7FF22C2
:10B5B000B6EF96729501B58A586EAA0D8F092F9035
:10B5C000C903B770F1836BD049F6A42CB907FED03C
:10B5D000566AA60A84F993E96D76DEDFB395726345
:10B5E000F4BCA75B49F858F3452102174B56A9D084
:10B5F00040778B0F653E8DEAD10EC45DA4495EFB9A
:10B60000B2BAFF70BDCDD437B060F1F2EA3607AC04
:10B610005213DD00FDC7FFB220AA3D58782E47F037
:10B6200082AF570E7CB1AC0FE791122C9664C1F239
:10B630009674C1BD30ED99C23AC3139C380D7FB0EA
:10B6400044BED39A814326B1D1B080139C4D8E8ED7
:10B65000E83B4E4348917612AF52004A34112DDC3C
:10B66000A1F909DEBD6D45C882D3C1CA442A61482B
:10B67000964C7D4B7DA309DC3AF62F99E6850FF4B5
:10B68000185D7A683759407DC8FCE37F2068CFCECB
:10B690001877D9A62704206BE84B7B52509234834D
:10B6A000D78D8FDC3BF678DFEEA24EA0BAC262F2F5
:10B6B0000109AB08B845DF192E4D8A3875CB7C7C63
:10B6C000F3D776E8C3EC86B99E4439B2E6724E07EA
:10B6D000E34A48BA62AEB0736A529F3EFC85398035
:10B6E000F51858D29E31AE26CAC6EC475BB380B17E
:10B6F00018CC809387B3715001EFC8A3B3BCFC880A
:10B7000077646E999F90A37D5D8261568162510D31
:10B710000DA30D24053A9BEA93CAF7B9A4701C94B3
:10B7200008056D2798DD1BC27755B493A6A43C7A13
:10B7300054B4F3E85C5FAAFC0A9F597B8ECEF2C535
:10B74000E5F84C5B01D61D8F883713EBE3F3D3D2BA
:10B75000E3C03C2D2568328D8BC04808DB6B2E4F33
:10B76000FF32999CEC8D4B93E9751BD34F470B53DC
:10B7700099F1CD9D5943B38BE15426A9AEC04C2419
:10B780005F187E6B3630DC50775424F8F981999E2F
:10B79000B147AC6DA46D64FD318A623D8054FC7F7D
:10B7A000D004FDFC3A5A52D18427C3B00966C0D5F3
:10B7B000C9C61162F7F86398E51C7C75F495B1551C
:10B7C0004AD0A75CA72592967BEE183585B94192A1
:10B7D0005BB26B6E739FCF645B95FCDC0ABBF49825
:10B7E000859D36B049FBC1F21F6236AECE822A97E4
:10B7F000F2AD9B56EBF17040405A787D2A11AA13A6
:10B80000C22F4466BE4D71B4F986B24B799142FEA7
:10B81000A6A245A53F7106AF295A9924F8DA1CE57E
:10B82000B7DA64E42D0C6303A227A723B3ACC309E2
:10B830000350BA8D9BECDC00417485AEDBD4211D36
:10B84000E8FD5D196C5F2CDCF76DD3D1996B78C77F
:10B85000847D88859281CDD8FCAA6C62E138F97C20
:10B8600065EC5A126F6D73B0D6D80BB0BA2E4A1F62
:10B87000734E10E7B3632CBDD9D9D70BD5B8157B60
:10B88000540A4FD063E298E24F3EE834F43916EFA1
:10B89000DF4DA9B35EEF9F0ED7F90C03B736F95809
:10B8A000AA5048F8C2260E7AC0E1608A7480A6D5F4
:10B8B000FB90631B7A3881BEF2A546FBE385F7FC5B
:10B8C000D929BF814A3F65627FC145FA6FF0E14CDB
:10B8D000721048136040F158B953EAF1C8591AC0C0
:10B8E00018F830FB530E987474ABEB3C5EA1971DB7
:10B8F000E24BB3DCB678C935275749FA11AE2EE3CF
:10B9000047671DF9CEE04CC314BCF97649FB0F37ED
:10B910004CE8C6269F191080117765830EED1FC372
:10B920006572F0889F8F3678719F100C4151329A62
:10B93000FAC6B9F021B202C0051FF7316739490EC6
:10B9400014FA424D904C3917BA68564B05C6DA4C7A
:10B950004B4FE646455423EE3BE19B3F81E4DD48F7
:10B96000C2DAE947B11808AC349985358EB3F76867
:10B97000EEF80222A73EEC8F25771DABC212FDE345
:10B98000843836384709D28481EC1FE73EC34EFF26
:10B99000530E343E0B1C07FABEC6986B90E5148517
:10B9A00006C47910B019502923FEFB345619288C8F
:10B9B000837261B17A2AFB886B142C5018226DAE09
:10B9C0009F487A16095623F987351464FC015AA654
:10B9D0005DE1F4F865E3857522A1857FAA078511ED
:10B9E000279764BEDBD78C5FD78F49A60D01FF5B1D
:10B9F0003C8B574A0B908F2DADFCBEF44833DA38A0
:10BA0000C42EAAAD150A4FF3FBE596693EAC0A2A8F
:10BA1000996F20888216CC6B697FEFD9BB579B1D2D
:10BA20001A38E154917FAEBD79F5743F47E4E5B132
:10BA300080104F1BF095928A90F891779335E4CA65
:10BA400085C96E13ADE0BBCFF77FEE681DDD56FBF9
:10BA50007EB68154A5C313388D51FE558C4C827728
:10BA6000E815BC99B396ACDE560A34B433FE6EA624
:10BA7000B236B5C080A9A261DBC82E4EDE67D218EF
:10BA80009CB3EE4B20518327FE93CF72178AFC8D17
:10BA9000B6DEDD6863303E95EF5AC312EAC7DF3683
:10BAA000D3264ECE387E4E89253A9DF15F32CFECBB
:10BAB00082FE4DA70CDBC5559F105A475291FF1EC1
:10BAC0009591A3C69D16BE316B668103DC7434C1AB
:10BAD0005B057BA99F8E0EDFAF0E6094599547F5ED
:10BAE000F44292DE0F67C1C65D595CC689398B414D
:10BAF0004FC743B817E733393A348A9E6B08155657
:10BB0000084F53A9A6E60557D9C5511E825133F1F6
:10BB1000C9CEFBD59FC859BF549E43AAE95656DCEF
:10BB2000AFACD8304ED124E6ACC0080AEBD2764296
:10BB30005CC040B468D8F46D2631F3A174AA93FBBD
:10BB40006621D723EA7CD5FF4CBF2129419A80F397
:10BB5000885C7366A09A089CF2F81599B6444B4C21
:10BB600067F3CF610500ADCCF01F3640251FC94AF1
:10BB7000CEF2A0A0CE3F3F0549D546B608A6F42D8B
:10BB80002A8379DFF35112BE7BC4F56EF61C12E2F4
:10BB900095359344D821E9196E62A99E5C033790CC
:10BBA00073D15525011AC842DC1487561564F6482E
:10BBB000C1C5C80B3D53C12E3FE1AD3F6040489E1B
:10BBC00048CC5B5AFC2EA071DD7474B5FABC509E53
:10BBD000FAEF778BAFC393AC953533D1C5065FECE5
:10BBE000C65FCFECDD976F9E3E7DF3926F804A84F7
:10BBF000620A1F5FF75DB15F40AE5CD2169F8F6334
:10BC0000C47B00E2FB75B72A456698F68E1F5AA0E2
:10BC1000FABA01739BB3449BF47D3F90D14A00B1C3
:10BC2000676FC7DBDB2D00AC2F0353F4C9C377CF9D
:10BC300076F6FF24918BDBF08C6F752588A7C7966D
:10BC40004E3A8E8A8822AA956B25AEE67C6EEEA7C8
:10BC5000703AF04D006AECDB512F3DEC18F5F2C75D
:10BC600080EE755B7AD886CB16A3BA34DD553C22BC
:10BC70006E86062494AD3352CD009136DDD66A9E91
:10BC8000E55B922EEA4A5EDCC8E4A1BCA4BCEB2DC5
:10BC9000DF59B5682DC45536B5F89614474A693F43
:10BCA000872C073737B4B999706EC2729B457BF405
:10BCB00040A5C590BE1923E0166F5149BEDD6ADF6D
:10BCC0002BEAD0A6DDC9ACDDCD5E5875AB99E9DFB6
:10BCD00096FD6DDBDF0DFB8B6FD3B53BE7E2EA34FE
:10BCE0007DA8DB0CD7B3079B5B33C4B80DD11A8694
:10BCF0009A36F29595746C3FFA78E0653E305209B9
:10BD0000B365A3083ABBDD94E6498B2ED084192293
:10BD1000DB813A8E8FB796FB886FCF5AABB8B58967
:10BD20003F932B78A3CD7A614F5AD6151B2BACA12C
:10BD3000A843778BC15A5AB281EADB654BFDD4E147
:10BD40007FB0C42AB6381A404EE652EE60CF4E732A
:10BD5000BD22976DF8EBD43FC746CE0FAFCCF0179E
:10BD600081562B4BB3A85DF7167CF970ED83767581
:10BD7000A5417758F968CE68BFACE57E2E71843254
:10BD800035C9A628DF5989E8AA757FBE6AEE4EAC90
:10BD90009AEA2B56DE5AE59F24D57EBABBCDAAEA95
:10BDA000DACDA23A1B16CABB522D96C0DA07A66698
:10BDB000175000BEDB2AE6B1BF8ADB5B8817E3E9D8
:10BDC0004B3EAA2391F30C259FD3DF33F3F5E1EB30
:10BDD000CD347C12D164BB754D3BC2FA9BD290B678
:10BDE0000FCB6C2F6BC7C346A62DDE2CC243E6DA01
:10BDF0006A2DC8A57CD3B5B8E55B1C36AC5D6E5822
:10BE00003A2BE674C238D9256D84B49815CEBAEDB4
:10BE10004BFCCD5637783B5D0202AF34281CCACBB1
:10BE20001B9AC94E7590573E6AEE7C436514AC0C64
:10BE3000C2521B3A444934B21B193DAD97DC9C5A9F
:10BE400069E9B92B676DC3D8A5DA42FD8C9BEDDC9F
:10BE50009AC6BBF055D8B681F08329EF24D952F4A5
:10BE6000BCED09CF2A8D5BB579EDDAC418F3620316
:10BE70002E3A5255572B726B046245269B928D2B9E
:10BE80009F82E12C21ED54BBB8B3BAAA14DF10662F
:10BE90009320354EB79DF17C262BB6E16B63D90715
:10BEA0009DA6B0926D8C6AD8CECD8D9BDAA99710E5
:10BEB0005286B21308571975106176F4D67F019F28
:10BEC000EF6D05ED6D8C3A8DD14A2BF96E98848D0E
:10BED000D6DBC3557B8009DDF40F0A6EBF416ECF00
:10BEE00042382D14B13F23B955D55FF8BC7437D90A
:10BEF000EFD6923607F322CDC3882244A059BADB8D
:10BF000092BB32DEA37024EE3633905141C824E157
:10BF1000D46F24C2CE759ADD3AD56131828BCB586D
:10BF2000BD7CD2754C4A486CDBA6DDF32CADAC056C
:10BF3000515786BE9AA494DDDF6D5570463499CC76
:10BF400051DB8DD7F56BDB4DA9A8D5734BDA578A3A
:10BF50005EB55D3F3896AB3A3536A4D29AED662190
:10BF600025E9BA301EE4093F58185CC51B7E51B55F
:10BF7000489399E317FE8D8DA85F4113C2F51DCD3F
:10BF8000451B879B57E763261583E46E56578E71D2
:10BF9000CA7F56488849FAD6C8D5FA6864AA1F8469
:10BFA000030A9043A69FD660EF938C7578BBCDB7FC
:10BFB000DB7C7B036F33F2BB11C9D4A4D868C0FD0E
:10BFC000DAA0F5E29A860C3B773745E856A9EC2DC6
:10BFD0002A42C0C3AC8BBFD92ABA5C3C19E2E8073D
:10BFE000E10C7FCE3B10EB0169936EF49C63125B16
:10BFF0000EFB10156938F2360EBB15250E59424E50
:10C0000004A91E504E3A28C71194E14F4F79758A02
:10C010002B64F5F0777B5B3A9AFDF43C3DB96958A7
:10C02000E8045135324A4327AE4E5CE173870CE990
:10C03000D6FB6DFD2EAE504D34999B5930A87782BA
:10C040000D1922DD323FEDE4CC766F7BFBFE32EE44
:10C05000C287EBE433E578FC7DFF36DFDEDEC0939C
:10C06000C6BDE53C596E45925E6BBE3270AFA0A670
:10C07000603313CE855C3AD756AE52CB46AF3B8485
:10C08000EC63420B7EF13435E4326DC777B0B7EA2A
:10C0900085D22058A7ABBDD3BC1C66C36EF10DB0D2
:10C0A00093070FE433C187973B7F6DB8DBD1A06D59
:10C0B00094E416E1CA2638E87AB97C9BAFF4D37CC5
:10C0C000B5AF884574F691B3029A10C46EE7EBD809
:10C0D000B820CF76F3EFFA59006E24253DEA117FA0
:10C0E000F5DE72D822F173A375432356D00BB461E9
:10C0F0001B8B3F7FC0FF7821611922DF5555D9CEB8
:10C10000FCA1C2ED1E2C94056D36B16855CE203FC2
:10C110003438DCAB2C93AC37F89ADE4F568472027D
:10C12000CADAD828B7760B0DE21B818488B6DA66A6
:10C13000E04480B0719B91B8AD0C25B30E875F329F
:10C14000B13C3AA118536839E2DF72B9837DA30488
:10C150009387227E977E10C2BA1143353C718DC9F8
:10C16000F98303D2750291DC68F14692DEBB23218C
:10C17000523357BA743C6ADD87F093DEBBAB8592CD
:10C1800068243612BF28DA3F82C863F145C57EEBCA
:10C19000B3481ABAEB8A0B68AEA2F60F9E70E4029F
:10C1A000565EF7A420A2561AC460FA62B630D65B77
:10C1B0004D6A8AE26DCE3EA46F68412DA7DDEF7710
:10C1C00057B485B4BE672B4B0DF7B2D579756FD3D5
:10C1D0000F89ADF14202F113C955C99DAE386FA662
:10C1E000C1F8098F8C760ED4CB281BD154425FA0A6
:10C1F00027C27ADD1F077934EC17C82788F5BDAF51
:10C20000A566C19911674810DF7D9E0DF3A22C0E23
:10C210008D89D73B98C28D97A65859618858740A62
:10C22000C72D8ED54C78077457F94A8706248300AA
:10C23000A286F0146193624B69A7F4EFBD529DC3CF
:10C2400005759C56D327517B3AE5463A1A6485CA50
:10C25000858341BD4806EA4991F4F64BD606BC1ADF
:10C26000D24B84DC9F5A51F93D384BCF4FC340DB52
:10C27000C6BC6A04139883DCA8436DFDF8234EC046
:10C28000F4FF818EEC90FFA23A3A105BD3A83D599F
:10C29000FB006878E8F1E0319B426146474BA7FB21
:10C2A000008FEC1521B2D775BA48A54AF55A5CC77C
:10C2B000E71E3568FEF7E951DACF029D85AAF354EF
:10C2C000C552D644992663A5DF0B1169BA39B674F5
:10C2D000FA24A9450B1AFCC1A88439073787737A59
:10C2E000EE4CB91B49D82295DAD87DEBC7B3D96992
:10C2F000B6BEFEA5CE9395D368AB9E9BE99ED0B10A
:10C30000D9B1A6C111BD4FA78DC5805D1F150056BF
:10C31000E714D5E78DBFDB7FF17C4D93EF0E3F7CBB
:10C32000A546F6622AA639D8A5E846045CE3EC42A5
:10C33000F081D182556279C196485BF250D5E8EB25
:10C34000B4A3D419BD37D26F6CCA37A68D8BC9C7B9
:10C350006CA92573041F278AB96A496EB53736C59B
:10C360004F0C1627C95626C625B60956AB13F8E852
:10C370007082A0827D0D78D009558169EB0E9D47B2
:10C380007E02F6ABAC5C9ECED43027E6195A2C9CCC
:10C39000B9095FFDF039ABB7D69AB078203905FC02
:10C3A000A7B98F31AF384CAD40F8CEEA4D88F8CD03
:10C3B000E0FF80111CC2231D6A9FB526FE879F08DF
:10C3C000E9CD36D2E9C054FBB7247BA345D0BC06E7
:10C3D00067673FDEE50F512467F75B3FB6F98B686F
:10C3E0003D995917DACDCDFB1974F1E918DA5A5392
:10C3F000CFA663102DCC0EF8FB99A607D0CD23E372
:10C40000FA2D42D74C3320E9EC07549C848B49D653
:10C41000C6453FBBAB7A648C3F947F5C29177CBDDB
:10C420009F6DFC8820E8D65D4443A3E6EC6DBB9D80
:10C43000B6E152B0094D58DABE9BB6EFF5EC1518CF
:10C44000BAB230F6F4D5E3FD77BFFCF1CFEAF0FEE7
:10C450005CF05F188DE5A7819CAD340DD224E578A2
:10C46000414131A496E60B9F3C6B44D59181CCCDE4
:10C470002AF9030C1D6139B1B344056D2070BB1B53
:10C48000D178713FC9468DFA73C5B402522D034E5F
:10C49000D2CDE66650EBD9EC50EB2C763C5445C639
:10C4A00004DAC6A0FB2CD265AEB115F569897320FC
:10C4B000083FB05E3C8132FFCF589BE8E72A1C5012
:10C4C0001B72F31996148CC89084839BFC0E868C87
:10C4D000C931EDCE1F27E76753DECA8A37113C0307
:10C4E000B081F8E6BEC06ACACD8314896A33572189
:10C4F0006CC42B7793EFEEADB434AF9C76D310E8D9
:10C500004B5DADE732911335B94CCF10D9D8354BCF
:10C510004B5658425C4FF37894F360700B847B1D4C
:10C52000DFE2C362D21994BE4BBF2E519BBB990C64
:10C530008CD325738B6D48E46A2E11E098174CACB0
:10C54000FA3E828AA0D8832B8602AB07E455304599
:10C55000F4FA2B7AA49DA4F9E831FC2572B2B8E96B
:10C5600040B2F04AF092AD757B2E40334654F2361D
:10C57000A4C0DCDDC8E5D733EC7C1BCD7BED70C4FB
:10C58000D59056A26BE1326A7D2B0571AAAA9D4F08
:10C59000E6C22FC7D90A3ACD012846E61BAC60890E
:10C5A0008E1A87C64AB9014AE275888FCF2F2F6944
:10C5B000D25BA310F865F46222A86C47F58BD58D89
:10C5C000230DEDA3A826EC09A8E7E58BFDB90DE046
:10C5D00013B12662525AB12FBC67FC74680DB213B6
:10C5E00073600FEA0606AD5C0C5AF70CE84C65392F
:10C5F00057D527C9054D5397FC81449E058F54E8B4
:10C60000B1457FA51D78A8E89EB47DA3F6217DE6FF
:10C6100082A507616061B34F0B46E2F69A40B0EB2A
:10C6200096519B1A6D87B0B769E07AC444FAE884E2
:10C630005C0094CD99C396BC150C0D855028AD8433
:10C640008F2C040F092B43AEBE46681FEB84C3102A
:10C65000F4537254D207C89ACBDAF69E2356E250AE
:10C6600072AA613FECEBFC6D043415B31D3AE4147F
:10C67000243C0B7C087C9DDE53C089A2B5D8AC5C01
:10C680003289CE9CC954D72A2C0FA9DBBFA1EF5405
:10C6900073F2B4CA629DBE87DB424399BBBCBC6BDC
:10C6A00064D970E29F2EF5241C83624E314DD6274B
:10C6B00026EBB489F32337352AF116C1B80F41F5BB
:10C6C000AAA60FB10F9C5D523005A2796996779C9E
:10C6D00032B7B9C5E2ED5CD7EDF9B14DAA87D07C90
:10C6E000040296150C5231F988669C468242BCDDE4
:10C6F0007C3EEE13ABD7F1517572A9FC1E5E4B1553
:10C70000AF25986B67545663BDBC5C98E68B9F9EC3
:10C7100030B052831B4E43B5F8EDEB8827684CEEE2
:10C720001B12CF2F3786A8014D47AA469B5503966B
:10C730001389291CB1A5A291B6B65DF38B072E2AE9
:10C74000801B10D7B80481AB1FCE50335764C5F699
:10C750002C91B15CAF96DCEA8811A72E9DC8E3C787
:10C760002F5FBD78E61942AEB2504812C11EB870B4
:10C77000A66E5C5979695995F6A08102017B4A56EB
:10C7800067E20504FD4F22D0E9E033D29595387376
:10C790002809879BB28EF24A205C8ACA7B6B6EBDE9
:10C7A000D125A22814D0D6E00C2AEF6F6D2FA4F368
:10C7B000131CA471C00D973B71D387022D3B845B82
:10C7C0006E2CC8CE7189DB89D073739DF856DBDF80
:10C7D00095D6F2DD3B7736EE40495234AF388F5C68
:10C7E00079964DB110E40790FF4F7DBFA75F6DA90B
:10C7F0008F1652139EACA96B9138638294CD814CF5
:10C800008E6E168287A08D7077013AA59C238523B2
:10C8100089EBE7D683754D82BAFD2F1EACBF9F0C06
:10C82000BEF2EFF1EC64B4FD7F0150F2B0C674C605
:10C8300005006E4069974783E00875EB16E5F4281C
:10C840003C2FDDBA6584AB88FE57EE1427C2ACDB03
:10C85000D6EBB0F360415454AAC32F01CEAC26E20C
:10C86000F8E4006B6B9A8C44DEA1C5C7209F0A9444
:10C870003401D6A9D6384B159D7176744627EA7ACD
:10C88000E1A057D0F10E0D8E83257DF0A5A8F16BA8
:10C890000E64A5AB5E4141398071BD507F317AC4D1
:10C8A00041CDCC778C8551E1DAACCF912536981EFD
:10C8B0007703B39C8A28E31649D3C9CDEE63ED35DF
:10C8C000DFDBBFCD872CFC68F8904D14C666534F54
:10C8D0005E68F2CF40981D593D247E3567450C4374
:10C8E000E0B1E5E96E181845A2150E928856AFDC46
:10C8F0009DD514D2D8B5715765FD1088B015A33FEA
:10C900006A5946E34F8F735AD5BCA9C17CDF6F0DBE
:10C9100023838BDEB15BF6191A79219A92786087AE
:10C92000484315E465D237FE769933B48CFA1FF785
:10C93000BC59615FD72575879413B66C89213C5724
:10C94000C4A040E616DBBE5765BF8F52B3D9763020
:10C95000A83E3AF61051BF96F3ADCAAA601F2F1A2F
:10C96000177CDE69B57D22FD02FB44B5FBB0CD38F6
:10C97000F77A5C1FAB55D4B05006E805098702650D
:10C98000A2C8AADE686D8908E6D0FBD6E1F3264985
:10C9900068815F68A186A2D56A62B6519FAD1F6D9E
:10C9A00055DAC669F853A832B4FE6A4603AF3F555C
:10C9B000C1AD3C02F8880BA38D4F454D1D55BDBD43
:10C9C0004F7FAAF9128B6A7E7DBF549255EDEB8B97
:10C9D00010451B8617ACDE2CB02604DFE67523A6B7
:10C9E000D50B0A92BFDFA7CF4CEFE200650A92F3A6
:10C9F0008FBC656E34BBD40F38C1F858207DC1960A
:10CA00008B585D5FD030E34215A249D6755F1B613C
:10CA1000A1E98ECBCD044552C392400910CE4EFB06
:10CA2000D7A89F85E30900FA216E54E80C642EF321
:10CA30002C77CC5183F8B0970B741A4C84C75E03E3
:10CA4000229A04238D1680CFAE5B8606DC2E05ABC2
:10CA5000B55FF4646656A46C4F3EC34AE36C145D44
:10CA6000C8DB8DCC17EE313907932EC9CC33FC3B94
:10CA7000D3EA7015F407BA479692D6201E815E0954
:10CA8000ADB1676A8D45FD5DDE12EE40460B0E29A5
:10CA9000678DCCACA3C9CAC1A4F4A6E5BC17547673
:10CAA000F079BD2FAB5C5AAE5C3A5F398248B14534
:10CAB0001CBAB537328D13EA8D9CA6C76A55D2C50C
:10CAC000755594F6FCDEC1E10A7354233723D96E01
:10CAD0004CC17AAFDF56F458605D9CE069FAD48AA5
:10CAE000A4AE23D3A023A1056D04A3A839FBB2B63D
:10CAF0009A96DB6A5AD956B9C4E9266A2DA87EC42B
:10CB000051CFFB8BFA39653FA724F9AF6836B78B55
:10CB10001620D7EE9B1FED3D0AB640EB332506608D
:10CB2000495A8D6B05440F5169415090818D5126B2
:10CB300008590AC07518605EEB511EDAB947AC9C03
:10CB40003455D07825E4B78FFC0200C9A37D582F57
:10CB500019C663C4F00DA4713121053E378BF5B4BD
:10CB6000EF7F5555E76A87EEA8AC9D45995B773610
:10CB700083768C695A1D60F1904D30442C610366B8
:10CB8000A2AE05D996CFD34617D1503493DF3E0DD0
:10CB900068CE48B63A67194A2EF7752573817CB37B
:10CBA000477D5A0877ECCAA0EF8C295AC4C622BF29
:10CBB000166A47A73B248072C036C1435956B1FA62
:10CBC000CB83487E04EBFC8366286B329E44AF081F
:10CBD000977F68966533CDE6B689B8E9D70C1BFE1A
:10CBE0003DB360A9240C99AE426A6EA43691C80E7A
:10CBF000A7CDA29571EAA668590251072281B22FEA
:10CC000096353C442115A92C56814CDE124613C49E
:10CC1000C240F311B0E913123520B1793EF5111875
:10CC2000D0C6B5D31D03C1BD471F6EDD6AB5125214
:10CC30003E4D1D18DE65E4D574A5EFCC9AE553E3AF
:10CC4000A155518A558205FED96F6A761BF67B98ED
:10CC50003D5A56EE27D1F4B306792EAD96066F24D1
:10CC60004B60C9629F3B8BFDE174809D70E5CF886E
:10CC7000DEC0CF1B9C70F184D73F36C7DF1C3AF370
:10CC8000C3DC0E20EBD1095E1D4727CDEE0737E749
:10CC9000C736E249E5CA4ED57965C42837F267EA56
:10CCA0001667C3991869E85913312A5F5558FD2F43
:10CCB0009A87128BA6A437E879E586BDFBACB4A8A9
:10CCC0003E179CBE85766D82E47A3E5C8A9B4C4121
:10CCD000C0945814928580291E8CD5599B8F9892A8
:10CCE0009A48282736720AD73C4BF9F101944A8AB0
:10CCF0003414DBA18AFA33C74289C61BF54D774647
:10CD0000873BC951E14EC03729F78796A23426A741
:10CD10001B08DE740B1C09484AE1014E514C55209A
:10CD20005817D33E9F78822AA4C64A44EBC221A159
:10CD30005BD20E037C836B931DE07ED323E94CAC66
:10CD4000D0E09CDE6CDF5B233CE410E42B93869503
:10CD50001249BC25ED3B979B6D6537923CE5A620BB
:10CD6000301FD31E6CBF47FF46A3C83E6DBAAB9DB4
:10CD7000F8C348B933F119D69868F3E094956FBABF
:10CD80000CADDC3369C2EA174D79B68923317C3B9F
:10CD9000D62DA830F0B1479599FA5E402B3D9DC441
:10CDA000A7C72ECEE525377374F8257609B037E28C
:10CDB000BFF3EE83B5E8A2BBBEA6FE53802D1F8253
:10CDC000A5F721D8C3A8E48F0F01E78558B11F410B
:10CDD000CD98F212905F4958C7E108FC31CFC0B23C
:10CDE0001DA0568F9E27705EC947965A6CE47DC879
:10CDF000E7103A5215F086EC37754D8D57CE217EEF
:10CE0000E0DFFE83B556E7C1DA1D5C1F9D33980C49
:10CE10002CAB17FDF5B5D67DBD77C17B4D92188F34
:10CE200030D49928B8BE982F48AA2E052D7805F938
:10CE300043C773727545D411B85F32B9725B7DF028
:10CE400079E7D7052B5F18783C9530E06298094365
:10CE50006C7B82D0B41C675C762709F6BA380C77F5
:10CE60005688E2AC9C70C95C9465621AF6E2201C9C
:10CE7000540EFA229E9010C838290575AE9902BF4B
:10CE8000355C87FB2D902E36DEAEBC1D3607AB55CC
:10CE9000854A465AAA86465E94E32FC8E8EDCAEE54
:10CEA000DB83EACA07F9CCD57E41AE4B92EFF2C0E4
:10CEB00047B5CE48AC177BE654662A9C9A85AF9757
:10CEC00071992C885CBDE2425767A13BD97CE8EAA6
:10CED0003D892919D525EEFD2FF22F63C4468829F7
:10CEE000C6A8F7FC4722B54626906B210CEE20F829
:10CEF0007217CFB510F375209577E1AF67DC0ABFE5
:10CF0000ACD1C3833DBFB2BE0762883BF59B7ACFED
:10CF10006ACA698CAC6EF34BD7E60D1F451B20E146
:10CF20008DCD7FFBD73BB75A574B6F57FFFACFFFDB
:10CF3000E35FFFF95F5C346D1436BF812D66264CCC
:10CF4000C94CD8AB1CD1733532688F2F6C14177F46
:10CF50003B9CC8CF28A6CB440E56DD607E072E1A18
:10CF600076248923F5121A809D7625BD752503F058
:10CF70006AF70F2B779ADF606CCB6C162BB0981C7E
:10CF8000044EF8A9B84863350DEB6116745D2EDDCB
:10CF90005E86352B0149FA5CFB053E7793D12188EB
:10CFA0006DF12387FE4E9458CFE3095DA830326BB4
:10CFB0003F3C6E4756AC6F8B8E9A3E797481023D32
:10CFC00047C83F1B7CB15BC6ECA2450878AC0B9709
:10CFD000B96444F0C405D7064B92732A4BE7A8BC4A
:10CFE0005221E6006FE3C8A65497729332B57C8A4B
:10CFF0007EB71A3B1AA6896575996A685561D72567
:10D0000081CA155D58B3862564A1DB2FC07DE01170
:10D01000C11BB38A057BE2B23C0CB234E15D7D3EBC
:10D02000E73EA3C3EA8C0E5D46C32023092C2B9553
:10D03000FBB77F253D1A115FC59C63D29D68CEC3A7
:10D04000EA9C873E08F5D4449A961C4957B6444A50
:10D0500083CCF865A61971B3920DE4DB79A2AA50CE
:10D0600057D310E2B68DCD0A505A73203C2C27A717
:10D070004265221E79A682C860D61D1522189FCE51
:10D08000330F604F9F1B9521F80403808E152310EA
:10D090000A5D1353DAE53A36B926EA7A58CEDAFB56
:10D0A0007CDD765F27AD5B66A66AD4B1FC78622C26
:10D0B0002C442E7AF6A5D7D13941987EAEC3238071
:10D0C000C64F246A847F77B0C6909FCA825688CFA5
:10D0D000FD3A8CCEED43735F9ACA372A2A6F1D74CE
:10D0E0001521102209BA9694CA69AA29A4678DD07D
:10D0F0005CFDBBDAA5FC61AED6E177F9F52C600DDD
:10D10000332B286BD59BFB900285950FF3E8B87005
:10D110004D6DF30DBBD736ABB2488D476831130761
:10D12000A40A97C5AD932457A0D21C142FF34AD953
:10D130001850B5C69E4DBD124B8058FBEB40B4E76E
:10D14000C6944E98977B09D3B671CD4BE69DF3CC30
:10D1500043FEF27E317DDA2FBCD12BD4470BC821A0
:10D1600049623653B68BF48EFEC6693245BD54C54E
:10D17000C339EDEBC5C78572AC229A1DEA93F167FE
:10D18000A9FEA31576B7858C616EFBD4F88592193C
:10D19000C288892504F21AA30DDB5B07EE9680F99D
:10D1A0002CD47C1C647190E8A656D8B81E1F8F0E34
:10D1B0003F8A9F11386289BD69066D65773546BF24
:10D1C000351850D66AC9E0BE0A83F0A37F711C0FE0
:10D1D0005FC3EB6AFC6924B180C5EC1FE939311FDC
:10D1E000AC8C2693B96195CB5D7F90A4DFCF001105
:10D1F000C3AEAEC2DFE73049E30F80120BE7A8A051
:10D20000928CB6A6EBADBEE3CC5B59916A13243089
:10D21000C1797A563C6BECD56362BE417F39822777
:10D2200010F738FE35BA9AD04D0949D97168FC7D9E
:10D23000DF184AEF38BFB8A6A3C4D547D58CDEE9BE
:10D240002A33FCAD8AA1F2CBB0A7011A858D4A27FB
:10D250005C13CD4A5B7554DDAA23B93B73DB552AB9
:10D260008E2461EF3F140B7EB1FB6573B8517229B8
:10D27000D899D5CFE6D5E8B7DF925AB76F2E5AB511
:10D2800076C062E4B948251EB604CBF661B16D9450
:10D290006C0D681D2D12CB11BCA52C9223EDA31D86
:10D2A0003E7AC6FC80BD61842BE264E41E01314CF1
:10D2B0002A7920E074C450D1118317472EC4F27E1E
:10D2C000D3E93326A3D3710C017AB5DEA0C0DD6AA1
:10D2D000D6AFDE1E34AA834E34710A3A8AD074085F
:10D2E00035EBB15EB0120F0602AD5D4AC9F14AFDE1
:10D2F00060523C75CC11B24D49541A1F4D9D8E5A47
:10D300009100786B3BFB6CDF222AAD78473796693A
:10D31000E5129D98E559A70386D6C7D144BCE183A1
:10D320005E934108657B629E1B6B6F1E1F1438A5C0
:10D3300012374DEAB28F4EC11950FF16A08D56E735
:10D34000CE7425E9BEFFF63903FD22B8DCDDD9CA6B
:10D350003797DFDDC2F5ECFDCCBEB4DA7B3BBDF325
:10D360008D3B20D3F801225AB2EE5805CDCEA3FE54
:10D37000FA7AF4F469BFA3E173499BF17332FADCE2
:10D38000AF1F51E9518F8E7646631EE98F9E4CE2A6
:10D390002375F7397A989B8BA7A3CC29B28EB681D7
:10D3A000B235F7774647531EEA8D4BE40EB4145C52
:10D3B000C3CC285F91AC5577E118DEE1B835142471
:10D3C0005174B44B5DC37C7A514154A57F36651DC1
:10D3D0000D569EF55578520EAAF3958F4C237CBFBF
:10D3E0004371A0898E5E8C3E3F530FD062F6AA89AE
:10D3F000410C92A39D3496EA8A87C5243BE3B85832
:10D400007DFAB479E7E9D3E8E8F1795F06C9796B89
:10D41000E7D12AC2A681A17FAA77CC6145BE962713
:10D42000D4150C46520006F0492FA74329B48B02AD
:10D43000033CCF2B5DC9FF025F9B9C6B6D7D63300E
:10D440001820CE4DFD67FB40965901A9EBA319A703
:10D45000BB2CAA521098BDEBCF779E165213E089D1
:10D46000F42FB7B79ED4813254F0B1E40EA29AF7EC
:10D47000DD4621BF660B91C5CDEBE44575394921E9
:10D480007C69F70FED1D29A71EC8B71C32DB00E928
:10D49000BC4CBD14FE0DA297D8FB688143EE7323EC
:10D4A000041A1EE33778E0536A85F5D7CA18B79790
:10D4B00092E973C139435BC7530E5F65E9B687C60E
:10D4C000717A1414F8884814AB18E51280B1D67438
:10D4D0006B80738CC9C9963DED077140536F7B32E9
:10D4E000C3CF02D996B250BB00AF5876F1F27D8619
:10D4F00046D6BE6EDDE7C9EC6263BADC910BDCDABE
:10D500004C100E26A8D6767C01BFBC50AF65E6460F
:10D51000C396668608362E90ADC03F89E8783B7F7B
:10D52000527795E9780253C419964333AE472D0CD0
:10D530003D6AC5D79AAB4E39E6F7C32450D3055A96
:10D5400017D1C9D96263E357EBCEE58F945C9B8D0D
:10D55000C4E5EDE674E3BE2DDABB39F120EB0FEA4A
:10D560006C97A68FA2E11DA6906C1A246B3697EFDC
:10D57000AF51633AE97F41DAEE187A4B38854F961E
:10D58000C79BFD7BF765A51AF6D595C8BA57A37555
:10D59000048FD775B7DAB2605A5DD6A124994A9242
:10D5A0000C5FE7EB9821BE0634B86A50A69E3B613B
:10D5B000F75C9E778750EAAE451F2638D9812267EF
:10D5C0001A5D20F2797431EC4EA221810F87D0923E
:10D5D000847508831B4171920C7BD6447575951A2E
:10D5E000053A062AEC51AABA375CED1409030B4838
:10D5F000420B48AA2A3693F146A76975524EB1608C
:10D600003B49FACEB4952B3FD787A8823BACD11AC1
:10D610000185B58C3CB26F0E05314645AD6F06FEF7
:10D62000022F1A9A097AFE1994E388ECE9C6DFCA38
:10D63000E932744574BB4B86CBB1642D6158E09DD3
:10D640003FFABE6C1A9BC2EBFC085A68374AF07A64
:10D65000346EB5EFAFE920C2B3D99CF1CA81DA9C30
:10D660002C6BABB9144EF99573EAB2A7FC6718D1CD
:10D67000EC42CDB37016A0FAFB547F5D405E65921C
:10D68000962BBEF3200A56F3065F5D668AE66AA70C
:10D6900049C520D2761E78DE73AFFB182110CA046C
:10D6A000FAFF0FA19220DC3720BC41387C0A8E455E
:10D6B000D1D95B412EF242574C41309B4C036D98BF
:10D6C00093ABB930046A2EFC6846E917BE994F82C5
:10D6D00037F1839095702DEE2D41078FBA3DCAE248
:10D6E00009975E7345B33C06ED81BD8650601FF51A
:10D6F000B17C7FEABA2788090A744FF071FAC47EB8
:10D70000E2CCC35CB281CB9DEF881030B5A796A563
:10D71000A4D20F33913511A6197A6B3A43413CE0FC
:10D72000A6F03347023EFF80AED1EAC846628D9B29
:10D730003294D54F734C86419610B34D8E36AF4917
:10D740005F6417BF646371B17BD643002720210D4E
:10D75000FDE03D841D8C20D237C9101AF0F54896A3
:10D76000BCC28ACE3DE2EE030C6E3CE2909CB8C196
:10D77000BC5F48D2A1D1E5743EE71F4720C4C8175B
:10D7800064CD3555A7CE75B95FB4DAEBCCFDCC0DC1
:10D790001F1185DCF38F2D590FACFD18B6A723FEA2
:10D7A000F3C1292B8F9DBB613C3842E0B2EE09FEEC
:10D7B00099F54AC29CC624500F0BCFEF005A076F51
:10D7C000B289415B216F19641EBF692F86E520D2A3
:10D7D000ABFD7D8F2708B60E23264151E3C329F404
:10D7E0008E1BEF374EB3F10505869A04C7ED937A89
:10D7F00029FDA821628EC7E25F41C6A6D363FC86DD
:10D80000C4CADFB8400E39D28A4E7C75B3228F630A
:10D810009C8B01BCC8E3E5A371DA17D2A76438FF7B
:10D8200026497D67867A83C206BE9B752AE405CDAC
:10D830000852FBEAD46BE7EDBE46B2A95DC855CEEF
:10D840007B9DBE060FAA5D74CC3D54EC6B336AAD74
:10D850005765C5BBAC6B4AA6EC86918AA2249AFA9E
:10D86000C3D1B89FB7DA0805DFCF96DBEB18EE6EB1
:10D87000B71D4793C26897DFC118BD1FB81A23DBD5
:10D880006084860C4C171B4327171D060BD3397673
:10D89000FACE83E5F6DA9D0F18163DD0678337017F
:10D8A000FA70FC3BC6BFA7E6DF09FE4DCDBFD9FE2F
:10D8B000BE543D6A048D7E29230115F18D85B5F195
:10D8C00073A9B986D21A83F738158D96EFCD223415
:10D8D00052EBDEACB6CD26E48FE575FDD1F2CFFE7E
:10D8E000041FA420F97298BC554CBE2CC96D4BCFB7
:10D8F0009A8DD3A8316E4DB08944938D7194D04FD9
:10D90000B6D2706AE987CEC1AB7901EC00448A8C4B
:10D9100022453243543711063835B1649E89C00020
:10D920006218C43E925BB2E8C1F06A1E0026AAD318
:10D9300098C24AE6429579E197934D05396CE3D850
:10D940008548FE10CA5549135D1185C25BD26CB57E
:10D95000250ED4033479AFA86101C4C5B951512C47
:10D9600030C83C76722FD948973BF78B7B33879C26
:10D97000E4048B4773C0BEC61DF4692677D1AD633E
:10D98000668155F8638349F5B6BD3963FA9CB7D60D
:10D99000F10A2E907ECAFBD65C9995E42CA8D3E9B7
:10D9A000259348D54412D2F18741E6FCEB93E5BCC0
:10D9B000B9D11EECED6140D95CBBF617FEC5949061
:10D9C000DBEE22955A8E9AAE605BAB4EA750AB5EF3
:10D9D000209FF90EC8A403924207980CF46D2CD234
:10D9E0002683A8D831D95CC764DA3178A3A26392C0
:10D9F00072C720F4CFC526E253CEF5083278001C5A
:10DA0000CE45D827BC27DD82FBA55E91E4F2C0F5A8
:10DA10008BEB80A4D401995808D1EEAC4206DDBB53
:10DA20005661AD5805598B562E40E28412193B2B96
:10DA30007C38B58F32D6303335B4CDA5CF70392D83
:10DA40005D4AA5335369162077EDBD42C7997647E5
:10DA5000F799E1846DEDC8EC3F3BFD3AF7121E35B6
:10DA600045BF3150C60FB95EC960E7EBBA9846D0E2
:10DA700088D417E02FFCEC1E7176CF8831EB53EC85
:10DA8000C7D0AC1F3149BDD5502D85CCE048A63656
:10DA900096ADE948D62D9CBB555765EF43EA33F761
:10DAA00033FC82AAC0FCAAAB53F1CE40FC728C4A74
:10DAB000037F9068082C93A4EA7D6EF5DF6F1CD974
:10DAC0005552B551BACD413DC35D43B6B9CD0DD820
:10DAD0003E73B7969EC2AB0C8431DC6A961F705BB6
:10DAE00091FD4F2E3F53E8E14F114270E35864150A
:10DAF00073A7735F7631C9ECDC6D5566F70CDF2DCB
:10DB0000BDC8B7A42E84B0BF0FDF970D4E7390CB66
:10DB1000200FA94F980B6F6031E6DAFF36ADC9FFD1
:10DB2000361891C96645158DCF8DBFB092D76B4C15
:10DB3000B20CDBCF7136E9C38B6F3804425C6A9359
:10DB4000CE3656F97073E3309900FBE4DAE7183B00
:10DB5000331299863C9EFA86AC1D16CB3A7485B575
:10DB6000BEC74F14700F8D0D68E778B409C516DC79
:10DB70006F499277E619EEF2F8F4343634CF128119
:10DB80001BD449A885BCB0B1AAF5C0C511F61C20AC
:10DB9000C21BD2BDA5DAE5343F5F5393655393753D
:10DBA0003616CD1687273627692D9BCFE149DDB77D
:10DBB0005CEBBE1F076834B4CF680A581EDEB5ABF5
:10DBC000DEDDB581FCB44ED89DEF9BAD3A40AB7520
:10DBD00086533D69DAB694120982F2044779947843
:10DBE000C104CBB60AB8D8EC384FEF24AD465B463B
:10DBF000B6BC640FF388E9DCEC196F68ADFB9C4C94
:10DC0000E8C4A5968C37959852DB1E2A344D9DD0DA
:10DC1000641FB04DCC7A80367AA56EFB7F19D45F35
:10DC2000B5EB4EA12637FEFA5FFE37062CFB0B84C0
:10DC300027ABBECBCBF3ED084FC0D1EAA7ED75B350
:10DC4000EFDC558817633FD83BF7FD38EF748A1334
:10DC50006C2A736EEE95F6776BA577EC8C28CC0961
:10DC6000EC7377DDDBADF6A2D9E03EE72FECF88967
:10DC70009B166146773BC58CCC083974E0CBF5C167
:10DC8000A11F1B77EDD838740343063508AB6E929D
:10DC900099B8AAE645492983B554D7D77C52B92407
:10DCA0000A7926CE04CDCB52FF9C8ECFA6DF5CDA5C
:10DCB000D5389FCCADC6384C24C182EAFA2F9F04D8
:10DCC000935E6F31AFB053EDB4740BA14EC15C677E
:10DCD000DFF7720EA1040B29D54B9CF9ECB8BDF609
:10DCE000DC489C39EE7D6AAF31A5AE008FD17E87CE
:10DCF000BA3CC4474709A0AAC4FDD052C036322C52
:10DD0000F2584E8CBB22A744B07AA07DCB31576528
:10DD1000BDE0BBC19E54D10AD86DD26BF62409C4B4
:10DD2000A53F93C2EEC3ADF210BB6A6C60F634A996
:10DD30000EEA7BDBF06DDD7ABD2F2B4346420CA350
:10DD400072EE1DFAC5849C34FDC3F9D504D17B4A1B
:10DD50005BDAB4B2534A5B9A9CEFCC96D659B34384
:10DD60003597B5D0ED29DFADB5BE5BB97BC7D622FF
:10DD7000D85EDA0FDCE9CC2C2A904B2BCE732083B3
:10DD80005C2F1EE98A3B915BA353B7B606B5E10E43
:10DD9000B7B95BDC7A8A4B32C955DCCE78BFF8A2C2
:10DDA0009970CD2FDCB5F2F95DCB8FD156BB6D36B6
:10DDB0008995451B96D9ABC423C10EC61A6D55A4CF
:10DDC000EF041120E4A523A5654F09A06A56EF6270
:10DDD00082CBDCA234553F8895FC2890BD6EDD7265
:10DDE0001A2E95C2CE01CA6F6CF5DF173B57DED4F1
:10DDF000667142B449BF16D9179BB6B54A492E6C15
:10DE0000920B49E206833B34D80C966D96CD82DCAA
:10DE1000514A7761D35D309DECB05552A5F98CC263
:10DE20001136873DDFAC06B628AE02363B397C861C
:10DE30000FDC07B4DC0760070B52B5BF3C957D26AD
:10DE4000F25B59A038391DDA31E2DEB143C5BF18A3
:10DE5000C81445E519C43AA80C7FDC7DBE8D2F9E01
:10DE60007E3AAA615D8624FCE92868ED61A14D4FE8
:10DE7000397FE1A9309525125A8554DF399AC0615E
:10DE8000C7BFF4F469E12DF969D2FF044912753F67
:10DE900083D3C8CE29ECC82FD39F00C298FBB421EE
:10DEA000D022F2656DFD9EB67C459B8DB06A72C234
:10DEB00095D6A438E47CE5815FF8365829E41774D8
:10DEC0002163943E1937FE20956E8A807B82DDE4C3
:10DED00033FEDBC214C5E763F47B73D12B2A9A426D
:10DEE0006B91B4211BA9C99DEE1155D540323E1648
:10DEF00005E16B54C523AFB0271AC5E12FCB440B06
:10DF00007DA05AC1DEFAE33215E1A721D0E4C7248F
:10DF1000DF1A0BD0009877EF713DC01BD9141BC7D7
:10DF20006005C4E6564CD9172EE4CA87F9840F332E
:10DF3000108C553E1EA778DC0DA3D6E40294E3991D
:10DF400007B68756BEC2743084ACA09859379587FF
:10DF5000DC7CF830F50FF3C9AC9B151E66FEE118AA
:10DF60007429A2C40D0C6F986D2F3F2AD449837178
:10DF70006BF12092D740BF0E24E37F82DCB1E9C071
:10DF800039C95034EA101B1CFC468CD0BAFB998F5F
:10DF9000595ACA259C8B98D4022A3AA490FB7956E8
:10DFA000BA3B2B6516DA637C2DF0AEC938CC2076EF
:10DFB000D9168B93FBC1A7BFC0BA0F13B4B723D731
:10DFC00082E0DE45D31C4054ADF6AC3451E119B5C6
:10DFD000F50983661B3832AAF9D51F0F9922F2E39F
:10DFE000593D92170933439227EA17C5C82237666D
:10DFF000224AD4D184D69BBAA51E5DF2E3BB6979CF
:10E00000052C82D6CE85487800841D8BF8301DB74C
:10E010008AF4EF689082B33CCF52DB730A4A305ED9
:10E02000CBB22744E76B5D5A882EF8E7822ECC9856
:10E0300017D3E3E443FE8FA38BE87424534A3C34A4
:10E040008239141D06B3273A963854A7A0D69F39B3
:10E05000EFC2B3094187BB4ADB8561F84ABFEF7164
:10E060007C8A7A1068653EF8996AE6D44053A8AB7A
:10E070008BE1FE0496949534FBDCA0F82AA00918E5
:10E08000C497E56225DF585F831C245D787C719A14
:10E09000D18667E7B9A6383C8FFC3C37B72E9A1B70
:10E0A000D0FA34D281FE26E421E5B8D29F2212C3F1
:10E0B000217CD85D32CFE17826588D4BBA2C5D5D3E
:10E0C0005DCEA21CEAC8850D32734899DCCE793743
:10E0D000E38FA75C10C6554FB88EB02DA0BC1CFBBB
:10E0E00035675A5810A67E5A1F4F67DD70C68F835A
:10E0F00047F90C83613A506405BF08464A986FE4BB
:10E100003C905B6DE8926BE9AAC1211B72C4B90413
:10E11000152CC6C874A0664EC47196C1321DA4A247
:10E120003BC4EF8BE8BCAD63A82D63C8E98166D121
:10E13000D78D04E37519981067F69839DF5E3C4B6C
:10E1400098169BB8E1ED213592D5D1F3F8E348D785
:10E1500092D6C4B70F5F559601B51ACBBFC1BBE6C7
:10E160008C947A94E0C82E49A9B4DE4829E0602452
:10E170003FDA1A26395CFB876605535641FB8EB49D
:10E18000BF7B05764090843C191F35DEC3438B91DD
:10E1900062338762A24A43485584C3EAF04418F6C2
:10E1A000E1CF3F4A89DDB9540740F87F9E808B0C50
:10E1B00086C586D21D1F9EF46312185B1E42A51AE7
:10E1C00032939796E7C37C32C6A56B1FE27ECC21C3
:10E1D000065F1749D50662F60AA24E10F66AA7C472
:10E1E000C84F07D87DA9AB656A2A09C36E2A77DCB8
:10E1F000B31444F6870870821DB85C1CCCA70A9142
:10E200004AF73DDEAE548560072AA184A41E6598B6
:10E2100045E5003EC130AC47A76B2E4612B4A320A3
:10E22000A7813EC2834AB8365C0060300580A9FBF6
:10E230000F3B2F5F403F496788E4C385374C33234A
:10E24000AC05EDAF1ECD5FD8421228090831082970
:10E250009844CB8292BAE04492CB59942C1CDD0FA7
:10E2600087436915BCDDEC59DC59A1D4EA02BF7CB7
:10E270003FD246B4FB91B4EFD5D597EC4B2247146F
:10E280008E2B22D3EB4C939F666B913BD5EBB7243F
:10E290002BAEDF7A8BEBB72DB99019F87467E15884
:10E2A00080144E0F3F777AE973799A5F6458D7C22A
:10E2B00001C4D4D58D4EDD5687D9E119672D1834A8
:10E2C00046FCFB03E6B3F95EB70FB8BA36494DD446
:10E2D000BBB1325E73DEB75299DEE2CA0BA3F12006
:10E2E000EFFA0EAF581973ADB0C1840A128FDE8CED
:10E2F000CB30EFAEC194488483B977A1F72E68F88C
:10E300009009E1803E2078703290982B11880F336D
:10E31000C5CE93A74F85874BE0122E5DB6205D5B7F
:10E32000305AA680797EF6F3BEBE039B36B26CA54A
:10E330009C7FC1ADF67E2BC3E8C41E25930E28201A
:10E3400010FF9160CBDCE82F095075292B4EAEE60B
:10E35000D70CE9B3531DD06EC84AFBD961A9D32BA2
:10E36000364CC166FCC6E63C1ABB416BFA55A72188
:10E370000A7D0EE10F6D7C4C520EB3E0C92F2C7A52
:10E38000FA57845359E5AC054CE9B2E529637BE6BD
:10E3900051D520EACD5743AAE6CEFC318FED3E643D
:10E3A000B1B33BF3582FCF20207A1A6C7F370DD3AF
:10E3B0005EF02E0EBD61070777D5485A8D459575DD
:10E3C00058D0A5E71B395B88D0BFCD11AF2E3632B0
:10E3D000F9C31BA95BC71B8138C3D51C548FD15C03
:10E3E000EE16B96A7377D65A27C584E78C1A14DCFF
:10E3F000C9CA394B4DB41A09ED6AF26703E3A95053
:10E40000B411974CD1FBBA6C0A89F2C0ED6E6291DF
:10E410000C3644D3A3D88E22DD80F66188B624B1B1
:10E420005FBEC8EB1AB354E8C85807F602ACD41C58
:10E430006C602936532BC05E365575ABF7059E19B7
:10E440000B34CA00359DF285F84CF44F7303B68344
:10E45000074666D6FB178476E97D8FF78EE727712E
:10E460006E2771AC3336E7249629EC6FB4C51532AC
:10E470008B29A9BDCAACC215018DCE4E19FE6218FA
:10E48000970C39F50AA9AF87837C066EAE43C3E4C7
:10E4900000B2F994B4370078EA6D7199FEC07D1727
:10E4A0001ABB23BAECAA05F3E80706DB3EE6420AEC
:10E4B000E8C5EF5EB623B78D11D56741D960921CD0
:10E4C0002BD27A1E0B5D18B0CADB0255BA472F1F3C
:10E4D000BD4C51A9519105990A522A0EC498B34EC8
:10E4E0002D016F24FD98373AEB3D2FB41D998E6DA9
:10E4F00090F00146D9F17ED374AC400561EEDE6444
:10E50000E41937A57967833C397E3A4763A4C98209
:10E5100034BCB381284D85B3F16795B2C25A16C198
:10E520007B29C514972BF1DDB2BD9078E7A2E23EBE
:10E53000BC8914E2A16E8C6BBDD146870736C3F04F
:10E5400033AD1EA5A919A5ED4E6998A66698B63BF0
:10E5500010236D9BF240C20790B10198E1A9A47FFE
:10E5600097C8F3D1B70FFAFDEFB8BD618056560DCD
:10E57000AF9DB7FADF21B15314616950C03B59AF69
:10E58000BA4E5B60AA8B801E7AFE91538F7217D8A9
:10E590002F31C1914864E0290CCC2ECD2CCDD0B1C7
:10E5A00058B046A9A81CBE72AE383FD6A83C9043CE
:10E5B00098206A63E360477D03A210679473EBB20F
:10E5C000130F2E4F8FBB6D9C0839607D8F5A093118
:10E5D000509A15FAD3F856BACE36823757414C6D59
:10E5E000E861CD19D2DC9093A4A8AB46408C129D73
:10E5F0008306EC089703F00FB32E04511C8F0DBB5C
:10E60000435C689802FE399E43EC51D5D221BE7915
:10E6100026EAEEBC171E7420E4B8A1A9323B2DA453
:10E620009A852C10C4561AC78B607B117C9A15886A
:10E630001F8EC7A18F69B85218BA104799566E201D
:10E64000127E3B95990A6671B320021416AF50836F
:10E6500026BAA88F1EFE61EEA8B9CDAAB40646D18F
:10E66000969A65C40785E109B3ED33B2029BFE4477
:10E670007F2833B3A670B864895293E953D9265DD5
:10E68000B0275D959F8DADE15C8FA012558E848C77
:10E69000F04053E31918865AB060488858DAC7AE7C
:10E6A000B7A655AEE032DFED0A5638B4F6DD646841
:10E6B00000BE02581BA1A7114512F3F9966C28EC75
:10E6C000D170D7DE0F8BD36E6563EA995D1BB3748F
:10E6D000682F080B41654CB34A81200E58585E5094
:10E6E00094966D5A92E48345134EB76C698C210160
:10E6F000E4D8F718BE6F9AD08129A6FF3CB874A061
:10E70000EB12F75CEE82B40A9D508D58976F098E1C
:10E71000439860CB238A6D985FB880C564A3B3BE6D
:10E7200078EC29854745B3277E0AE5F69099731E54
:10E73000A5E13C4A4ABD50EAAAC47455E56C4B16A3
:10E74000F48D435D599DAE9901AA83CABE641E49EA
:10E75000A7CE7F54C6316F04040EF3F9FECBAEEFA3
:10E76000BF27C95CF7FDE54C22EC95EDC5E052C82A
:10E77000E3B0B7D486070636E94E714C436AC81732
:10E78000AA91FA5B7BF077759D6F8F4474518B3B38
:10E79000A97A49F4CAB260BBB0DD06370121CAE1EB
:10E7A0009214D6CE31DA10D98F48B1D57B58E564B2
:10E7B0002EF54CA04AC30BF1F4223DACF9CA050F6B
:10E7C0004D801E5FB3D08421C3A6604D2FB4354F5A
:10E7D000898915CB6BD60C130F4743E81269A24900
:10E7E000E05FECF552F1E738C96B81E2EE754880E5
:10E7F00001FE35638A7E1F393B3D7D35CBBC18EF6A
:10E80000A6E7B57FFBD7DA2A1832F8F797CECA2EDB
:10E81000BC7A77FF706F873F5F6F355E9D8DA70C69
:10E8200065D1E4EF36886003E60C8CA8E0630D1731
:10E8300018CF5AC58ED00A30BEAFF8C2CEC29E7D68
:10E840003CC628363914373BAAB4FD2C2776582409
:10E85000579533D4C15BE58C91643F0B9BD7F87F10
:10E86000CF4916E92887BBEFC7D0F510B003B5171D
:10E87000C9309A4BA88C2AA88AE8E04EC58FBBA461
:10E880008EA3B89643AD4C771CB19277DF7338985E
:10E89000096AD4A8C194DD158E60BA76BA104F41CA
:10E8A000833C01FE626EA85B3780C00424CB4A49DA
:10E8B00006EEE5BA44F6F379B13F3641F3E4BDF232
:10E8C000675635907D53D9A888E4817ECDE6421FF6
:10E8D00095D0FEC9A881631E44CD14282C1371B8AD
:10E8E000B18A218B0BED7EA4D774F489AACE2C2E8D
:10E8F0003EDDFC048DE7574F3F0DCB7635341C963B
:10E90000D36B8E0E1A9D5722717A590540E09206FC
:10E91000714EDC19E473EA8078497C5415F3569003
:10E920008CE24032725212F4D6FBBA4658386EB8B6
:10E9300022D8B3AA04D1653446B727C030FE894136
:10E940003FE2310425A8EA41B909B6EAA46BC5A79C
:10E950009AD3DC970FB50809CDC1A8509084E1B5D2
:10E9600011F8804CA1190C5C1560A4E2DBA4CA0963
:10E970007BB684648E9B738E60F0421B15ADA11232
:10E98000EECD6D8FCD5E30E2A5B317EF802E2671F0
:10E9900050C7884E1EACF790116B8D54D8830F254D
:10E9A000DB8304237916EE8033CBDD14F4345CF280
:10E9B0004C4F879FE663CCE53E70428FBFFA7B46A3
:10E9C0008ADD2F739CC7CDBC20A31416B7C2C84FD5
:10E9D000F79B0BBFF5E5EB6E4DE2C1E313B2DAB185
:10E9E00074E6F4ACD8330D431F50603D52490E1409
:10E9F000026C6A7C367A6B569C07140BBF7022043B
:10EA00008377D154F0FE86374C84E00010BB03803E
:10EA100069C4AF9A028781587BE31C280DFCD80299
:10EA2000EB0AED18CE85E959E6E7C35969D9FEFA34
:10EA3000A1CF166C8ECA467F19FE5EB85F3C01BE40
:10EA4000408437C29FD0EC1AF1B05A78D768F42AC4
:10EA5000DF172641D0CB374D03491A4C04FEE6544C
:10EA6000304BD9574E86345CFE177F75712EC04DE2
:10EA70000812ADC6219A9B13E5C18EDE06AB65E098
:10EA8000EB6934055185A2C11CD14683907D258454
:10EA90007A10C16015BCCE6967C9F20529F978D52D
:10EAA000E126F312328CFA2BE783013C0B5550E63A
:10EAB000EF8BC1008E7EADFB6B25AD41464B855D76
:10EAC00023B345227376EDB9C6A94C465E5932F29E
:10EAD0006A92B0FE85B98652466C501B04D86D25EB
:10EAE00050901E9EE99A0A6A630310AD1A2DA3C2C4
:10EAF000B1802782D67DD16415BE51D87002C12065
:10EB000097239CFA7BB23982B193560A01E9BC1073
:10EB100000B3E76E7232A21F28EB532952E77D8AB9
:10EB20008B22537F80FE156700F8E18708A42C3BF9
:10EB30007D1453D6BE69E444D7377144CFEE8019B3
:10EB4000C307D3D5C687380523522E5CAFD7F6C38B
:10EB5000F836B03AEC0AD30F8CF14C2A6DD3055934
:10EB60006F7EC415DB34AD68D3ACB24DB3FF9836BD
:10EB70007D2247B18642BA025B53715F2999182AF8
:10EB8000D7A18243ECB5667927222F7A259F54BFFF
:10EB9000D233BE40FD519591C34BD1F3114E4A94EF
:10EBA0000D69B8BC42899EFA8DB0A7CF6C92F9125C
:10EBB00044059C9B772A1F336CFC52A1085824E51E
:10EBC000962BA549B61412660BBC61169E2DE60E57
:10EBD0000879F0657E682C3890634C3C35EC321433
:10EBE000F91DD3CCA83A79A5DDC935536144918A82
:10EBF000AB340C6801016E93E652B8B2D328D5301D
:10EC0000316DFC69B8CA6FDF589EDF6F708C22BA15
:10EC1000572E3054A4DC05471011D7E00A7A014D75
:10EC20002346AB1D00EF37B253A9B138650BAC7A60
:10EC30007A68E3CD3A94F6C8041EE489D8DE915888
:10EC4000854086EAFB80D11AC767EC4A3C87179457
:10EC5000CAE5527E51784D7D3304DB18F58DCBB17A
:10EC6000FA9D955DBC85C6B0F1E0C31C2A2B033C20
:10EC7000AC690DF52750DD2F87BE11E5DE6F9C8D49
:10EC80002D50162D79202D35F2551F27AE154EA685
:10EC900047CC10778A259C8DC58F4B2CD7A15D3929
:10ECA0005CE538D21CB0386DBDDF38BE8B7C83E4A8
:10ECB000B39A318A3158A05909F3646315E9364E85
:10ECC0006D0521511DD61DB41D046042ED79CAE8C1
:10ECD0009B1352FAABD8BF52DBF87830DC7C0CC700
:10ECE000988D555EE19480DC13D89AE21540853703
:10ECF0003714DE67C0F5B2BE9AFC69C39BD437B740
:10ED000034F1C6AA26F45E4689DD1B029D601248D6
:10ED100011B1415A25A19E371E90BB09E332F96417
:10ED20000B8220077F8DFC628CAE85FC9A21580BEC
:10ED3000C8BA9797E343C4A7D97CFAFAE10F8FB713
:10ED400076D177C9A74DB6D4AEE966F53590A6CB96
:10ED500094FBAD4831C115CCE9DABD5F5D5030FCA4
:10ED6000AE01AC1E93ABCADE0275CF78E86AF361E0
:10ED70003C3AEFB691667A1AA79B2F84100E006872
:10ED8000FED848D2D333CC3E0CFD3E03441FA0A98D
:10ED90006A68A73EE8F3ACA7141ED4FD6C8A659898
:10EDA00063C8B03CEF5D315F3CCE321F5D15106A29
:10EDB000F32849970184EE763AA7E7F562C1424805
:10EDC00074909D07457293ADD79C4F62DD70168994
:10EDD0000F90F99067264492FD1453256DE26B2A3B
:10EDE000661BC2C2E48A4DE16A40F7BBC21A125BDD
:10EDF000E41C50EE3035E91807E47EADA239168CDC
:10EE00008BA019DAD20C0F857D4CABFC7ECE31CFB6
:10EE1000205BCA238D5E6D5BFC8CB941C06976684E
:10EE2000BF21B6AC04F2F343BF2EDE637B7B75B229
:10EE3000C3BDA8194FA4B80EE9A24E66B81D13F6BB
:10EE4000F2B7DF189014D173E509D9E25E230C0400
:10EE50000471AE4E8886E11E9180EE09023360A6F1
:10EE6000B208B9B74DCEB91AE75A4E8B3C96B49A50
:10EE70002C6EF2F0673CFCD9C697509ABF434613FC
:10EE8000C1D1EA18212F75B9D4BC5F21E9AB76ADA9
:10EE900010C10DE7BADB9A464F0B4C478F40B0DBF1
:10EEA00031802B4C4872E89338AAE3F8A2BEAF7CBD
:10EEB0001C0DA13868566D0D6C1D2E8D7F113B40C9
:10EEC0005D9BCF8E323A102D588035A15B740A4B72
:10EED0004D6D7AC2E87CB613B014999236FFFABF32
:10EEE000FCCF6EF9B15DAEBDC1E66743B345B78BEC
:10EEF000A1D5FF4284928C001D9F5CF7FD16B8A837
:10EF0000ABE10056DE00855A4C06AF10FB1D67636F
:10EF10006CE8F4D03844578176D130DF29EF72861F
:10EF20007D1CE765F19E79A224977F0113D8B6B9BD
:10EF300054EABAF785293357877CAE0A8EB46CAE93
:10EF4000163246943A71F70F9D1D2DD872B0151BDD
:10EF5000605169E715E529B7DA5C690B181AA5D085
:10EF60009F2B0BFD7BB7BA0FE7F60C01DAA4CD1F80
:10EF7000A608A10B85CFE65715F969AE44D2CF5547
:10EF800015A851674DF0962C082827A5AFDF33BD93
:10EF9000ED39EB6C0B7CE52AC3D95777B2CE3797A6
:10EFA000F5EDC76604F1497992910B6F4E40322F0F
:10EFB000F517BD8487FE1D3B190307DB6B070ABFEE
:10EFC00061C1868755BD5FFF2E6851B07B203982B5
:10EFD00033D031977601BC8E10946E3D170FA4EE9E
:10EFE000BDFBC18EB6A0544804D796DA592B168BB8
:10EFF000F485622951A4E9EF29F9F4E8DA82DBF714
:10F000008A059F1E15CA3D8DB1612D28B6B0D1DE8F
:10F01000D4EC37CCCFE2865A1CBB2776750FB85597
:10F02000BBB5CBF6EC6BE74A7B7EB2B4174C4FD93D
:10F03000A2288AA218EC5031DA9FA1063F653A4D0A
:10F0400048DCA9DF8F70D2FC75BB2880C6385E6CA7
:10F05000B66A0F15D60043AEEC586EF57772821380
:10F0600083A740E38F316F5E74E1AA7E0872DB9A5A
:10F07000DD15DD9100400ADDFD7868D9597DDD950B
:10F080002855D0B19D88B49C67AB76978619004906
:10F09000A06CA40919B9E1E846E57A460DA91E3528
:10F0A000F078DBBE6FCA131524BF384CF473D7C693
:10F0B0007CF5819F92B41491F29A9A062B1BD7DAB1
:10F0C000F57B9180F4A68C2C4B1D200857B3E119D9
:10F0D0006479520263ABD7D382FA278BB9F255BB5E
:10F0E0008B4E1F1D41353C7E5B0CE82A9560B74472
:10F0F000940CDE86A2811C0916C9CA0B85B1521771
:10F100001EE6F0229E8E2035817ABDA6F2FAF48C9E
:10F110008D3595539DDDC92BDE1A4301C5D7FE9F62
:10F12000DA6E364135A57E8993572BDFFC82338B0F
:10F130008EB8DBD1FCE90BEE138D798C7E70540F09
:10F14000612CE1E9666A75A48953894E0B0E1D8B0B
:10F15000321467225A73AF3B11FEFEE3D1B64083EF
:10F16000709C24A32B0A124DFCACF6D77FFECFC1B6
:10F170004D58A6F4EC142C42A583E5B655A38BFAA2
:10F18000DCD8157209191C6290947B1EFF6493B839
:10F19000A4A2C70CA02A3B1253DB248342E3C4C4BD
:10F1A0001BC6EC3A3DFBF7FF06E118722C46746172
:10F1B000D4A12A85EE3DF9E88FE4497DF3FFFB7F7A
:10F1C000FF07BF3A140B9C5B25AAD6899726C09DE2
:10F1D000C3546D1C6CB6F0E666F8595C2BD5EA8218
:10F1E00058799828B5C64BCCAAC0C0089D0696563B
:10F1F000675D394DFEFDFFD6E6EAE94AA026388470
:10F20000DD82F632E6146DD0935C18BB51249D125A
:10F21000459509CF27F1369A324A60587EA9417E3A
:10F22000DF445C3C316A63C7B15014AB2D19A66A48
:10F23000300452B044F6518114303A8A257B9F3A0B
:10F240006005FDE66E8735C4277DA4CCFE2F250B17
:10F250005D06271D986CCC5CF461BDC64551094D17
:10F260000B8E06BCFF5F9D8249F731D131492D6776
:10F270007FAB0AA1884898DEA84910A0C4B4A4496D
:10F28000587C40FE5A4D415ED4144CBF545360CB61
:10F290002BC05FB8ED08B60D78455B8582E089D25A
:10F2A000D89DF5B25A4DE0AB14210BBD5E1621B7C7
:10F2B0007C7C8F45FA39BE6FF3E92FCA6747F7ACFC
:10F2C000CCEC59F362A9FDFEF7512923E9FCF26A5F
:10F2D0002596318B3B61F04BE843AD5DD099CEC4B0
:10F2E0004B4C8FC39C72A313C50BF15A4D0BB482C8
:10F2F0004E8B15E3899E06B983EC8021002B746642
:10F300008253DA54E2675D52CC9B0A44D2D16595B0
:10F31000675DA9FD9775657100558A6A39C73B39E4
:10F32000240AE2593039AB4E706510941F6BA4E289
:10F33000592C62F185C6BFFD6B338269B2D668E194
:10F340002F18F56B8D555CB86826117153E7CD9A6F
:10F35000842890589853E826296AFC20F77163C8DE
:10F3600000A453DCF9E5AE5D404500E10D20B06E30
:10F370001DE53D0561A9308537245514443EE8D785
:10F380006E8DF39EA4E485BE43B1487523BD32580B
:10F390004B7AEDBD63479AD349E71350850C9D6ABC
:10F3A000911AE46FC49113A43090A5405628EB1035
:10F3B000D8A0387641083294F4D7EAE2C4C6214C8A
:10F3C000E5C254C28150E1725F56D07D51D6B08DF6
:10F3D00014339EF3D9AFCC76159F19A8635C44878C
:10F3E0006B16D3B91DE6B1C7281BEDDB06C8FE3D81
:10F3F0003185EA7036B5458F59E6B15C18637CF00B
:10F400005BB09AFA9B1533F44CCCEB1A29FF95DBD1
:10F41000689D79BF5F4046285A00342E0124A6D942
:10F420000B36688712EDD7E6A85EB0ED4B3AB73DD4
:10F4300024822BB1489A613C2E6FFDFD5040582824
:10F440003C5FDBA2AF21299454AFC5EDBE66DB94CF
:10F45000AB41F13CF9FD1A73F0101ABB6214D56B85
:10F46000F2BE192616EF40925988532133144A955B
:10F470003DC91C605F5E0FC3A17457131CC608A46E
:10F48000653C546410AE5E9BF69813D51756052E56
:10F49000770BAAD27655F929BD19F7D45D847B92F2
:10F4A00065CB49626589E7FA36AFE8B47591B31662
:10F4B000754500E1B8A12F0AE8938A26E0A0AEEED8
:10F4C0008EEB9120E8831B1BBF806F5A58B66FFFED
:10F4D00027413B6BE39F157B44A68905D513869393
:10F4E00098DEB0AD9F1E62E1A682BC28A85FDB0754
:10F4F000FFB1E74D0C133FBC2C582AF8A20F134163
:10F5000096CB6CB747A18699EC02CE8160F9D7FF04
:10F51000FE7F871A92234E10A0D9DF7A407D5F7557
:10F520004015CF9BA991C82536360D3B8689C0046E
:10F53000D80904739B803CB2D562F99C003EFD9DC6
:10F5400002B848CC4CE010B4622AAEB4531A195C2D
:10F55000CDC6451FA499B66E240FD434EF1EF8957E
:10F56000988FBF08A9DB746F97D4225A76BE724079
:10F57000D65657C62A78F2D20FE41A3E173AD72940
:10F58000C226E3EFE1314DA8A4514A547888DCC18A
:10F59000C03B68B3112A2CC62E6560383643E1F3B0
:10F5A000313C75FAB7BFB92CE1A8D16CB77D636265
:10F5B0000F3C79C394B8DFBADED62C3AB4F7D71A29
:10F5C000EB3C1C9B9849A34C71735162D2FF1643CC
:10F5D00012106D0B660EC2B79B4756F1D2FC024962
:10F5E000142CEC3AF0E68C7FC180AD9246B74ECC3D
:10F5F00082198AA153238686E3F218FDC1B94FFB15
:10F60000A3803D719AE6C11D5D6096101AE8799C51
:10F61000D735400EF5996E12991CF8C5C8F58111C1
:10F62000EF3306E2838CEFF8DF1C2D5CCF4184655D
:10F630008381020F29717EA746F008CCE6949CA531
:10F640009DC08E858C62EEFA28D657E05540813AEF
:10F650001268A62E1E21DA1295B460CB83F1996A46
:10F660001F0484ECAA51A33F17D233EAD81C14B963
:10F67000C7BD779C698AF98F4A715BBF283DCB3E35
:10F68000D90CE94BE6F438D07040C1C3055D5A127D
:10F690002239D58322E3509F39121471927E4A1287
:10F6A000CACF50728E593E21A25389F734E4FE4BE3
:10F6B0002F35DD843EE0A48FBA969BE2F1B54A1661
:10F6C000D1949C8C34046C09DD3932DA537D528C30
:10F6D0006F5AECD0B9AD482868E39383840CB4F337
:10F6E000BD43014FBFFB5A716E5882255B19525FB3
:10F6F000356D32F7F66119C1A98AA46A7550549024
:10F700005F9C72A84227147E1E15791B4941E64B67
:10F71000366BABBC57103E924D17F5B50AF33EEF72
:10F720009A3137CACA4D873E5CB0BF6EA2BFE4694A
:10F73000A0B60DB5B69B68187CCE190E7E94CCD8B9
:10F740006E0251FD8DC31C95929166E56B6D4B8FDA
:10F750007B99AB0706AE893DA673921398D906280C
:10F76000A095DA0B8D3F96504F8FAA592503AA72A8
:10F77000CAE91CB84DBA5D42F03309B8646026C1CD
:10F78000080461965D9918F5EC48CA70E0626A5702
:10F790006ABF20B2EE2F1D907B568C7B3B3475A840
:10F7A000F7FD078D317DCB981C03C8310FB6A6F647
:10F7B0007E9CA63200382C4C278A6EA2571C25F658
:10F7C00019EEF882A0AA2574F294D8038A6C682CEA
:10F7D000450779D9B8696B023E222DB125BFFFA438
:10F7E0003F56E5C71FF547B9175E4AF0ABC0D9428F
:10F7F000ED169C378895C8193234968A710DC86108
:10F8000008395854D07C85B92C137CCA9886D0D935
:10F81000A1625A88EC6C56222A08431E5677F25190
:10F820003CF35CE82C465A601C90B1C4D0326EE3C5
:10F830006C2DB8685302819336A36F7535265774C3
:10F8400070968C878D20D2113175AF54BC68681AC0
:10F85000427699413F8857BF37D2B218DB2867FC00
:10F860006C34E4DE68BF7F298E596924DB1748C8F1
:10F87000309EBBC90054CF331F0E94D1F900695498
:10F880006085D47B5F1CCE4D25733222810D493CAF
:10F89000D5671228542080FD4B9195BA59F8A6A936
:10F8A00085755847ADF0DF11988AA223F87CAB0B21
:10F8B0007CCAAC32F5794F66E2A785C9DE4DAEC988
:10F8C000071490AD725EE2E69ED2CD3D9B777397B2
:10F8D0007C757F475C290D3DD70595C02C3A7A9EF3
:10F8E0001C0922D17C06BFC7795C8DCB7540A7ED82
:10F8F00087F10F85D26DF4F985BE0044ADFA96D13B
:10F90000E96D3C45CD703A2073D427B6350D775359
:10F910007AD817BA89CDAB01A8AC4F1DF2DB8E8720
:10F920005B10ADE878900B034176DA672C8815C937
:10F93000831D995AB7347C1943E43A9EC15D905AAD
:10F940004DAB8906E99C5824AFB1DC7F73EC68E8C5
:10F950000C010A3BCE33DCE8D5855A9F401A70D1A2
:10F96000586A00000A78A231773DA23F521399B934
:10F97000EFF1DA11E4ECB1BD6D21C7515DB426E6BB
:10F980002EBEE247FC048074580FA9794C70BB0C62
:10F99000B6489E4E8447A3C09FE2A83AE63FFEE3E6
:10F9A000E8A2408E5819F24E23E121A60D390C0C25
:10F9B0005CF6D62D160F75CFF208BE6BC4BE064896
:10F9C0005722AC10A0158142B2B44EFAC8D5672FA9
:10F9D0005EFDB47BB5BBF5CBEEC3D75B0FAF76B6A0
:10F9E000B6B71EEF9A8090BE7A87F4F1D852E8E459
:10F9F00060C5405CF93ECB1A8E8FD8F419C882944A
:10FA00004708CB6C7C3A3238E8D105DB0D5443C64D
:10FA10002CA7446505E62993E01A1625431BE598B3
:10FA2000948484A578538858024EA37957E3BAF694
:10FA30009E0990CB7AD5D9C55392C1BA9BC011CD3E
:10FA4000135A46AEE39BD1FCD7352A50CD245289B8
:10FA5000BEF9C68DCF4FE8190C50F77162FCC0C0DB
:10FA6000E010977151003FFB61CCF7502891CC55C5
:10FA70003344C655698C2C15C7088E073A4696FC48
:10FA800018297B5E394ACD79FA138B442D78689317
:10FA90007FC755F188F4267BE18D7DE881E5A8C21A
:10FAA000B926E8D5B4485310F004B2DAA93A2F7B4E
:10FAB000EE57BFB6B44C4EBD02818A7705A30B3614
:10FAC0005D1D06C6BF410D442A9243ECCB33C0D71F
:10FAD00078E866D43FAC54627296B354A9447C83F0
:10FAE000BA51E0AE51F0A2F2005C56A5230DA1FD83
:10FAF00040C354182C3C01E18D8027F75AE1D3FD17
:10FB00005ED8561FF6FB7BA29189048E13111AB39F
:10FB10001F92B9BA84CD816D8AAEF91B99C8EC41A8
:10FB2000225061A4538859383EC2DC969D1AEC9845
:10FB300004279088C45D89F6DC9C05A6F774B09014
:10FB4000F6B1AA6FF2CABE09883CFEB6BE11FB59D7
:10FB5000A94469733E088695D866AAD28953B84BE2
:10FB6000173C1673BDEB9A56E989753D73BD3FF09E
:10FB70009E95D8F0BAA3B24BC58891A405C2105681
:10FB800021AB2E0172A5F8789673CF33CDBBE08DF3
:10FB900061729E91E872E1C4F75BE3DF32EFEDE45E
:10FBA0005EB8AD62EBDBE73EE1D6BF9E1FDB8B7735
:10FBB000E2CEDC56DC5124BBEEBBF9827D372FED63
:10FBC000BBF30C2745DA6572492DAC78F24999A848
:10FBD00017A6E089927CAA0B139C7CD44FF73411B2
:10FBE0005AEAC217A0AD9437F81DCE779D91E8F57B
:10FBF00096F118CF23E87F8562D435102ADB64ECB8
:10FC000016934AFC696DB280D89A35869BE5C28608
:10FC1000C73091F20316910265822EBBF2118AEA77
:10FC2000561A82BF7409F8850A58A4E320F0DEA2B0
:10FC3000727450089FEC5714060034BD3C431A6F91
:10FC4000E6447A95C54D6A992A50CE8D7C37C2A379
:10FC5000544DCAF00CFBF2F91C3343BE4166AEA012
:10FC6000CE8B791A8A22F344A3A47E212D8392DCC1
:10FC70008A7CBD3E2BD02BB87254F1B90C52207C3B
:10FC8000308589CB9427960982CB1E7629F3BBA0B9
:10FC9000DB34D817DCA166D74A9165AEEECBF99676
:10FCA00016CD6324415EA0568315624F5EC2FF21CC
:10FCB0003ED26888E6A7777159269A99581EF93975
:10FCC000C9202500A43B434AE6C211090E347497AB
:10FCD0004963C7C0A8240719FFAB90FC81C224DF89
:10FCE000D946A16347E2E1B28DFD38755F7F88DABE
:10FCF000E756486D00F4FB09833455E197E22AACDE
:10FD000085F9F949BD1C286DA4FE83B98FA06BC28B
:10FD1000FC9E36C1A8419504BC2C5F1E488721A7D4
:10FD2000E4286D5C5B6474E94AECB2446464E79572
:10FD3000865991EC8F47F1F0EF933F73AA47ECBEE1
:10FD4000C7DA6F5DCDBD50A69D30D737D6A8D45841
:10FD5000499D81C7A0C2E430902062C9D4C5239BCD
:10FD60009E1D30B062AC770ADA84F76AC5B336DA22
:10FD7000FCFC5095F776F3ABC35652577BBF41D18D
:10FD800004C98F04D1AD2A6EEE6438F7376D426630
:10FD90004265F560AE8463FF0A13B837DEDBE89F87
:10FDA000ACEEED8AB7FEFA5FFE2F93F436937AF746
:10FDB000356562E37BC2B26F5B012B06C5FA15366F
:10FDC0008F1C79EA88F4581CCEF38E85924ED63972
:10FDD000FF8C1E94E641541CED526814B7DA48BFFC
:10FDE00020CE036906797E38C910CE82737512D48D
:10FDF00017819A9BDD60AEB410C524F2A70D5D0695
:10FE0000A0E43A855A0660EA98138ECB9A7BD77F96
:10FE10002D4E433E232689A574D0ADDB910BFB8A82
:10FE20001B5407D9F0C2DE47A0513BED713AEB7B82
:10FE30007AFB7461EC0AA1828AA63D47F68A0664C1
:10FE4000048D4123B19788F32046E1D63AA81C39A6
:10FE5000DE24E2EEC03EEDA0EA0C76B16C922D7786
:10FE600022A1ADC94E97D701476536E772C7B049A1
:10FE7000C1082AE93D5DE2BA8F659A44BE0497E164
:10FE80003A88FBEAB094BAD79177E5DB537DDBC4BF
:10FE9000EDCD568E4D005FF37EE0F57A9C7DD6A5C4
:10FEA0005217B9D25888D62213E18ACCE725962872
:10FEB0004FD4C4D01D50D2E5FC2735883365CDC959
:10FEC000FA61BC0D25781AD2FA0176A70D8CDB13E6
:10FED0005A0A8EB321DD2478B7BEE9CD8FD6E62845
:10FEE000215303CC08CDDD642470938EE94EC338D2
:10FEF0007BC6A045DFD8536CBF16EFAF51FF0AE6B3
:10FF00007D8D8E52B46CD12B76DE4C155AAEFF7CB3
:10FF100036CD61DE5B367B55970E85CB1877BDD02D
:10FF2000A4BD169AB44D09B09BABEA77912D9F26DC
:10FF30007B53EF971F5DC568E17DF98F25ABF2C656
:10FF40002ADB8FAAD44045458D887C72440E31E768
:10FF5000B90ECBACA0EF1AAA1E92CC91C2CDCA5C4E
:10FF600066EF9CE221B36719593B30131BAC0A269C
:10FF700020186853A3239277EB5B5C05F4B4A75A6F
:10FF8000892FCF4DA4886CF605513ADC4E6E4DB5E5
:10FF90004B7E6FB7873FAF64B2C24613F25BB08C43
:10FFA000CCA22552535CAFF29A57B3843954BD0E9C
:10FFB000F064F21B94212E9D95117EDCDA7EF56EA5
:10FFC000F7975D58ED8FD7098F041D6A46253F5D71
:10FFD000019D270706FA7A0972753C3ECD3DE28AFB
:10FFE0006E17979D99015A0D37A17E374E19B0D9DA
:10FFF000FDDCAE89EDEEE74EADD1B97B4F8C49F813
:020000022000DC
:10000000DBF4F8308E679FD54ADB67445D3E7C1990
:1000100086A343D031D0FBC967B0720F9604A446C3
:100020007426A6A2CDD3244B82642BD714D4BDEB67
:100030000B32A4367741F400BBA2C0FE6ABF01D5E3
:1000400007FB1028FD60A8697C2719AEAD7D774DB0
:100050007E61D5C76A8785116A644D1FB5C63D9319
:10006000CBBD95301B0B41BB1D497FEC98EE003B8F
:1000700027CC1D4767EA2BB9B34BEBDE01C7ED82F6
:10008000FEA87DC6A1B65EA8D4CFC6ED2371D57AF1
:10009000961E0994B6B67108B5C1E6B3176D8418FB
:1000A000E3152D4AE6D6BAB9556B70181820C3353A
:1000B000E9EFDAF4B05FE9BDAD17E616609AE2B396
:1000C00038320F5EFEB46B33F0773AE68ED887692C
:1000D0000C1C397F1531215122239D8EFA93005D2E
:1000E000CB91A06F9FD351E55ECF9606D31EBD5432
:1000F000E1E19A8AFF8C1D852427520E0FE37D8251
:1001000042328052C58576A4305ED8ED0030D36C83
:10011000BF7DBEB6B256FED06F9F7FB7F29D6B9A81
:1001200003C25D5CF23715A9DFDC5DF30D291851C0
:100130005A86ABC6CE0E0DC023D747A65D7F006C96
:100140005040A6EDB5DAEE8F5B2F6AC8BBB6B5BDE1
:100150008307E66A4B2F5E3C79F7EC07DB06D52573
:100160003CC6B727A5027E00724E9C2ADBB5DD9700
:100170002CE4D11F71F9E4A5CB14095CAE0713F38D
:10018000D69B1F9F6D6FD5CE15037B2F4C2E4FE650
:100190005F78BDF5FF37F72DCD6D24D97A7BFF0A47
:1001A000109E66A39A451200A947170522284AEA1D
:1001B000E11DBDAE2875F758018B105122618100F9
:1001C0002F01EA312427EECAE1082F3DE195BD70E9
:1001D00084BDF3C211DE7AE77FD27FC07FC1DF77B3
:1001E000CEC9ACCC4281A4FADE7038665A2C546574
:1001F00065E5E3E4C993E7F19D978F775E4BA937F7
:10020000CF5FEF3DC5BB9D5A53DED047EE15FACA0E
:1002100018F9FCBA57DCCDE9580033ADCE5F75F75D
:100220005E9C128A027359EAE24A6DB5F6030CD558
:10023000CF5E3CB2EA428F5E2D33E7D78B7F3A3AEE
:10024000F0FCA7E35F8404405F6B7D8B2E6618BFD4
:100250005FF11F1C927D197DF8FAD59BC731953F40
:10026000D9C16C5D3B434FCEC7165E1EF560E7E11A
:100270003E5C98E3CA9EED3D073E63ED7DF9F6CE08
:10028000AF55B79FEE3DDB7BDD80E095D6BEA40C7D
:10029000DD4B4AAD7DB6F7F4E9DE7EC3BFD641A49F
:1002A000000CF6D35C968558C8B1623EC15ABE2593
:1002B000EED14335445B571100ECA9BC53831DAE0E
:1002C000B980415A047FB9838D1F84347EF09F37F3
:1002D00007027DBABEEE6E7FA007419F7FB8C68F32
:1002E000FAF3EC533E562589BD36E7405D841A5C2F
:1002F00024BBF7101C67225E1FE09E47437A232928
:10030000FA95B20AFAD0BD7CBA2B5EA79E7F4CCF7D
:10031000496B35249B6AD686743050B780062DF918
:1003200039DDBF87F4A8A9E932A18B22838F3E1063
:1003300062FA90814CC3040E02B9F839D1E58D0EF2
:10034000389C14322B7CCAC7F9B3A74A102E54C963
:1003500036875DBF37ECFE8EFDE0C9F0ECA45F9AF6
:100360000034045B3D24DC06AF183A853FEF41477B
:10037000B03ED696FB27A75B7491383BC9DD0CD104
:10038000EB95EE87108E319A63C879DC7365548FD4
:100390000404C476180E9FB8B5296A0067EF7E92F0
:1003A000D622E1409BA012B82723B3E08F4965AA6B
:1003B00037B2B1C8C9E0C38FB3A456210D75354C0F
:1003C000CD6DC2B61EF7F5CD64ADB6EBDFE059CA10
:1003D000BD107C42E68BB196704993391BF31C9695
:1003E0002FE0DCF31B6C31A8C2E77C9B40637012EA
:1003F000CE2B296CCB9AC4C0507871F06591144B08
:1004000015C8C676E3B606C4497EC046FE583D4AC6
:10041000CFC5EF422A327B37BEB1FFE2A7A77B3BB5
:10042000F8C89D66F119765F5D9910DD3F3C755304
:10043000C4F2086A3EAABDFF8A4E90363C35D8B257
:10044000D21585FE6DB46BD81CB143B264138BBB5F
:100450007DE78E915373BDF54D7BE0F043ADE13701
:10046000C1A47621AC8248355891F6636EF3987E2C
:100470001EC2C7B4C6C08F0BF404251195CAA2587A
:100480002BFD8F5B187391F9B305AF1FD6BAE84304
:10049000567BFFCDFB294E3C355943439937FC91A0
:1004A000FDA4C54BA42358D8E0CFC712D8EFB6D4CB
:1004B000C5051156E446C0BD93CC6F9EDACD780FCA
:1004C000F00ABC6B3B75D32EFA5D5CE90AEEAFC651
:1004D000B73AB5954E6DB553FBA1535B771BE7FC5F
:1004E00086DBA92D75AEDD6BE3AD5696B6FC53BB2E
:1004F000BCAC2DB932A4B1A040EDB2F6AF6B7FD544
:10050000BDDC85E7F0BFDFB3E962B3E4465943B22F
:10051000899A2C97331CDA1ADC3DB98B720BADD15A
:1005200099E40BE3A39FF116FEF4F14B7FF03AB18F
:100530003DB491B09DC0BF1EB0F4587E4101746DB2
:10054000A34C2A2DB50987C567C59B8ED6E5665A8B
:10055000FB54F0660E0B184313447C77A3D6F8EED9
:10056000596DBC7E7F6DFCDD7DCF0058D32F955536
:10057000FD52AACB56B655D7BAC3EA7EA9B5A1D5C6
:1005800003C09BA2818A039BB93EE6CA98942D734F
:100590002B203F1ADAFEBAF64D52C1E27DDF492D1B
:1005A000EB2637ACCF8DE58DF2C0D380DB4F15F74E
:1005B00046FC43B172C0CD85293376980E64DC8C3D
:1005C00004CBA14627E531377CB4A0EEE8069B704A
:1005D000581AF65A86C84B4C1E1C418D8FFAE004FF
:1005E000E7E34DA9602481F5F03EABFDB458EE98E9
:1005F000C859A82C6A4848BF152DC912FD9B6589AA
:10060000DA733278DBAF3F8C267D583810DDD1FFAE
:100610009AD6D435FC18C75FB4A0FFB5C1DD7630DB
:100620003C82AD63440A5EFF05419EB9ECFEC3B156
:1006300079D0D1B1773C317400186A8726AB406815
:100640006F0BCC197456E6260FA0936C5FBE2099F1
:100650008ABCA68EEE42AF39614ECDE7BDD73C4293
:100660001AC41B26DC5E20E7500557576147024A33
:10067000B6E9D35F72793B70F4266AB4B6AAEF8C00
:10068000E2EC561F66E1DFFEF16F0220479D5EE857
:10069000053E3A1D1FD65DC1990F492802F34A61F4
:1006A0006E3EAA4C8A945493546B8A5354297FB15A
:1006B000380B412F565284E3E304E98BB59371E381
:1006C0008E4BF8526A2828159A8F579670435EA170
:1006D000E741ECF295EF291EF77D6F7DC48CD38145
:1006E000F2B918FA12095C44B7CE306EB5C89280E0
:1006F000EF4E8F83FAA4506C82D0D08DF813A6777A
:1007000054CDA8FEA807557EF15142BBC7C37388DC
:10071000910DA8C4927A8DC2D8AAD845DC932A1C20
:10072000A70A2FFFD1E9FB81E2EED16F930ADDA288
:10073000C9BC13287159089685B80C6E948AE45F79
:1007400042B5303E907F098621FF32A716AE214E7A
:10075000A4580A75A7A7A98BF9088960E1627A15E0
:10076000957823C22D9F032AB4AAC04B2726B38CA9
:10077000C8CC528A2A4669E21786475C799F576837
:100780001669BD91E10DD5AF9A1E4575A249602C41
:10079000E94BA601556376C4ABC597529B8AD3C17A
:1007A0001A2E5EC9A84245A558896048E95718869F
:1007B0008CEC8BCF053592A3041651E9DB73A405AD
:1007C0008E736A0122760D0E451F7B3E6FB4792B26
:1007D0002247123F0DFFA3598FF84B70FD8170EA3D
:1007E0001E81994CFFF77FC74D04176675B03A7BA1
:1007F00080D13A297E7567DB9D6617BF6912044B6D
:1008000040714C17F8328B98BFAA95C42AC1AFEE3D
:100810008184CFF2F2AACE79CFEAC3932357067A26
:10082000CBA3FCE157648042A2477101C6E7B4C67E
:100830003E9BC6177C782831C89D85C807612CD59A
:100840006AC34FA6F0D43723916C469E396360E2A9
:100850001A898DA6B889D2216DA36B9BDCD6F49042
:100860003356239937BC3CFBCF0C9AEE3B6509709D
:1008700003BCA3CE15A80417677F7B77029A3BEED3
:10088000F33CA43C380748585941121ECB8D2A1E10
:10089000131CC26DD1BCD901ED00C158389476ABA0
:1008A00065B4DBAD9DDDB7079F0F36BF3F58DFDB7B
:1008B0005CFFBC8F38F01B07C617266D0A86EFCA8F
:1008C000CA8ABA751396DA2FE75749F445E01088BB
:1008D000E63E190F719991A8EEFD24C44F410E8494
:1008E00000A4A7804C1968B27B5C0C45D980CBBDB5
:1008F0002DE6FAB714B3E48AB9FA75C5A874DC8694
:100900001CD2585CE9052EC9D888C25B3DFEE8E6DA
:10091000A874A7D6C36333B3CAB4DBAE7C69BAA7E5
:10092000028130482ADFA33DB50D6EE273AC4E1F45
:100930006805C73E3F0BDF585B004576F3BFB74AFB
:10094000379BBC907E281AACFC87E34CC566EFF25F
:10095000DE7A15BF1DCDFF3A5BED58AB9D3767DEE4
:100960008254A8908219F26F9C0AF79B1FBEEAACD2
:1009700026D51F3963C9A4CC5F89CC5B76F4F29F7E
:10098000FBDA4A9870E5BF738367BF1BBF703A6C90
:100990009B52ABB5EEA11CCCCA3666B5B329C5A433
:1009A0007CAB1DFF0769F0A9F24BE104CAAA5C2FDA
:1009B0007F1D021D6A84ED5285E5955BD64B46FD91
:1009C000647D23DBA9319AEBCFC242CBD3B8CE6989
:1009D000B7788ACEDF89A0557527A2D7B56941FBC4
:1009E000EEBAEE4F1DD207B500077B9B08DB07EC84
:1009F0006B8ABE25765049224D9DF725AC9008F9AB
:100A00000F8DB7DACF7FF9BB9FFFF2CFA59FFFF223
:100A10008FF855DAE0764DE3979DF5F2119033C4E7
:100A2000974DB32CCE64D9D02C71E2F2C035C9E415
:100A3000DA8A003B0A5BA0BDD76F24D7C8E5D93559
:100A4000395E3112585FCC6D602C92845A585AD45A
:100A50004C369871F6FA13CD27F15D246BA55465D9
:100A6000B6AFE9376ECAF05E2E7A2F61E20381B22B
:100A7000E6615417CDB12F39B6109F6C62DE69CC98
:100A8000177DBB276F190E3DB15F8E09F1BF577AF5
:100A9000051DE3C2293D292BF2418973068C503490
:100AA000B6AAC54C90716FDFCF3893ED88190F1837
:100AB0001C6D6CE14A07323509C7EB6097EDBA1C33
:100AC0004E622950E1500EDEEC94F6305C63FAC3BE
:100AD0000F81C54F1B2CB5B2D14CA792E9959F89C8
:100AE0001639133FA3D4CB8964CC02A950215236C6
:100AF0000EDEEAFCD2E73E4430AA64A0C32DD02922
:100B00001B072FCD5BADF864D04FC6B1C970A939B2
:100B1000DEBA2CF2F5629ACBD47941EF006D86D41F
:100B20007BC19E6E6CEF963A9DA0F4622D28F1FF7A
:100B3000F913FFDF315FBDBA8C948A2FA0B4C07F58
:100B4000A464F99AF14DB0F9BD7C59DA872BBC99B0
:100B500020443AC10CBDFD1A69D01585E9D830F2A0
:100B600009C282BC7D5DDA8E87C980761ADE5B465B
:100B7000430178E6D6BBD24B400A4CD2AF62D601D5
:100B80004C719241A2DDD54024A86563FDF56669EC
:100B90001F4FA19DCC71383985519CFAE5B38D2A40
:100BA000E14201EF363134506153E61E8FED2CBC2B
:100BB000840FC930FC54AAAC8F4F2E5F23B255541A
:100BC00095CF8CBB8E20D66F0B88E5D9402B571F55
:100BD000302046E6D2D52B6C6BFB1B508D89CF2085
:100BE0002B4FDDC408975FDA95645203EB342DD8A0
:100BF000476CB391EE08F44D09247C00B1F77A629A
:100C00000C078714D8B394F60F4CF66DE2A50F4885
:100C1000CC1142ABC2EC8F81CB2E8124C8F8DF010E
:100C2000C669DF8121952F08C19904A258C6D56EE7
:100C30009C4CC543864E0DBC8F22A8BCD1FE1E8C99
:100C4000FB7DEC56910BBE85911EF735D0DE68D842
:100C50003BA69827419E32F1151B41934E22BEDEE2
:100C600096DF7F9B5CA476DA19BC86A48795908575
:100C70006190A4F3F2DA160CDA2E85B814C4E0D130
:100C80008DDD40157E5F2E69624E9B2DF1341EE690
:100C90004B64D2B931F697074A87127170F07A68BF
:100CA000B06DE189F1F7FF0F14AE3FFFFDFF5596E0
:100CB00041B10A9B14C1A1F0B3D0E1571074B2B393
:100CC000F6C0F3203C9290029F3FBFDCDC7E03AE77
:100CD0005C6114E313C4C3703FD3CBBFFF1D5F211E
:100CE0005840D5EBF24C87075879B6731F3AEADAC9
:100CF0005E12DC11AB3D9222C1C56FB3481F7B8EE3
:100D000001A05165AF9ABAEBD89EBEB78179C51FD5
:100D10006E36D1A68895000920351398F52DF0CEB2
:100D200043676494B1CC2E672594567C84FD37F9D3
:100D300054565D6B48A40F7492BA320B5521EA32B7
:100D40003A74EAED031A5A4BE1EF5FC09F856DC814
:100D5000A8D194C0AB9EAB987AE41B0731456CF9DF
:100D60003492E9D6EF335D7E74E320F22DEF2091CB
:100D7000E533402D1E8A76413BBE97558606D848FE
:100D8000997C3201068BEA34636FFAED39CD16E1B6
:100D9000A289C24C107ED25507788FD9C595C5F36C
:100DA000588056B7D56812CD83CA5DC83A00DBA219
:100DB000D3FB2430B73850ED2D17377B3309E91DAD
:100DC00076BE6C46D77D2063FE62112F5E8C6C4B25
:100DD0004876529F812235C8EF321173B8D0A98569
:100DE00018196836840E177851FB7A7106A0348F73
:100DF000650A9FBF117CCC120B1A67D1DA2BD2F097
:100E00004BA7B345038E95B06C4E379DD860D589FE
:100E1000E02C4E62A12B9A99C185CA00CBA53F7BDD
:100E2000F293A56410E9BAEF898153D7A907030D9E
:100E300014D5F70A34A5F407343A0ED670905B6DDA
:100E40009743FAC3A2A1656F427F28D38DEC07ECCC
:100E50007784FBB9906895008F25420EBA9302CE35
:100E6000A0B40D0D09E0ECAA0331A27691838CF9B0
:100E70004E6C6CC4D55C98BCC61069959EB2960049
:100E800083551820FEBDAED6A5997E25AF5DC44F13
:100E9000B64463738A013794DD2C18A166A9A13684
:100EA00076CA50DF0FC26300486735D65BD058075B
:100EB000A52FFEB0546FE0CF76439EB6BF6BC28FB6
:100EC000AD2A713D8D2EBB5EDA6269306B07FE0C78
:100ED000B95072E60CD389971FFAE3D9D69105E889
:100EE0000DC4B8FCC9C01E2F7D31A57F120E215D37
:100EF0008B4B1847FFE001D090C41575630694F939
:100F00004B061BB576EA4322F59B680B43AFD0D95D
:100F1000CACDF8A382C7C3A44D37BFC767495BAB2F
:100F2000C0A263A34A6E1218A7C145364DC3A8A23A
:100F30008F63F2BBCC8441132860CCD1C1D6FA6C4C
:100F40007DA8E8E7FFF2FF28AD633D8B99B8D47424
:100F50000AE370DC5A071A244DACC7C9F5C1880FE3
:100F6000814D2B6FF6AA1C0CCCED5826508CCA6311
:100F70001B8D81FFB69D357E50920AFE7DC9B3C29E
:100F8000972A50106085E348834C30FA84294F102B
:100F9000A2E282598124C4BE2544954C11523AE9FB
:100FA0002803CAF3A7FF5B5AD06FBB2C303C946177
:100FB00092FBC1182640A5171F8E4FD636602FFF13
:100FC0006291BF029300419226D4F4591F16E5E1C5
:100FD0007BFFE1DDADDFFDE77ED63FDAACA7704EEB
:100FE0000713D6D76FB6C3C1E5C4545FD357B31D3B
:100FF000DE92E0399338B28B6D02AEF9444803DEDD
:10100000FD3288BC0CF26A8811B12B6350FA62ABD6
:10101000B48865C17FB6BE6BE3BDD239571AA20250
:1010200071B67A2C73F8D3BF533F89D99ADF885DA4
:1010300044CB407DE921F043C69606F604908347F1
:10104000C9C24771A16FAD2E2D6177011902247AB3
:10105000048D90852AC3EC8CB001A558604161A134
:101060000F81A8BDDC3F2E281226429CC9442E3A8F
:1010700061E295CB504052B6B65F763E3D8DCA22B6
:101080000D60A804075F15A6389AB7091605BB4975
:10109000DD05CD21F9DE47BD221FB2212E2945A84D
:1010A00057B82242673E1619CEDACFFFF86F1CC040
:1010B000957FB202ECBE5C649C14F67A304EF2600E
:1010C000CF3CD989F01DE28D93BAC511B6CEB96E69
:1010D000A46E7B48360C57908AFF7CECE90719E533
:1010E000B3677CD1CBBC0278B387909EBA53CD1C3A
:1010F000E015CF3EB8FA65C5330E06BB242B315D33
:101100009E49BFF0703FB8EF42B531687EED825521
:1011100003E400314170967143062F0D73BF508E6A
:10112000FB22D0350AEBD62C0138F7D465CEDCE8AB
:1011300053794D2E83E92C17E5A3F1D88154776BB1
:101140003E4AABDCA070B4C7E5B54DED6CFA9D9995
:10115000D702DAA6137F9CB2CC291B4FD0E83C887B
:10116000743BCB7D29AF4BF1793287F9B2F9F406A4
:1011700020AC9117676A0657372F65667CA8719A6D
:1011800040D82C81D6B424AB12F2BB79ACC867AE80
:10119000D6EEC706798679748665D9D6B2F0FFA5F2
:1011A000ED5DBADBC8B274B1BF02A2322540083E81
:1011B00000514A2540104B0FA652DDD4E38ACC548F
:1011C00056514C2948406494C008161094C824D144
:1011D000CBA35E5ECB23DFB6EF9D78E0813DF0CC04
:1011E000EB4EDAF6F2A8FB9FD41FF05FF0F7ED7D2F
:1011F0005E110890525675AD4A311071E29C13E7AA
:10120000B9CFDEDFFEB6EAD6B85936A04E6B3296BD
:101210000590B2B7ADE7A740736FDB28C991A7FB74
:101220006E5E964C72258A6EE54EB8BADADBF7131D
:101230008811D6461261ED8390C82078897CE58DAF
:1012400000408D9AE661808A2A3543072519C152EC
:101250000F2A1AA3AD7CA0C003519AD6F55D06F300
:10126000841419220C2B4E30284F526F3A04A0D30D
:10127000188F84E4E3EF5DFDD2F167B94D9A92FFD8
:10128000C98A9DB874D5C492635770211FD1A6BE78
:10129000E63CC7F030F59A5EA0255A8B9AC29D3F76
:1012A000BEB63D087CFC9D0DA2B0CEF9F6809EEC4A
:1012B0005C2704485BD7EAC5D369CE83695545A648
:1012C000A2075276FBB4147AA514CB329F0F622981
:1012D000515916057299313C46E1880861EC23B7F3
:1012E000B97FD1AD3DE7D62C47411FCF252D926E5A
:1012F000E2C00B225CBCF25FDD21DA0577B15A82D5
:10130000DFD78CEC8118A0745F124958EA550D0B99
:1013100045C2782CD4F7C83A267EA92698807ABB95
:10132000E3F8F72CCD08B3740D4DFF4DBF324EF3EB
:10133000E3D1F8B4BEF9B3399A24109658E6269A48
:10134000AF86C6C37F77D9DE0CC0C97F3A1BABF22C
:10135000184BC65FCED41986BA7CC4BAEA99170571
:10136000806B5245EEDE1BF722B746BC760295072E
:101370004EDE38D3FC0001EF8797AFF1EF9B1F9F44
:101380004189B95A7BBDF56AEBE1AE8AFB94BF0F88
:101390005405A8EA41E8FFF4583BF30386A42E66FF
:1013A000B8F4DF2F9882666119C04D4C63E5764D25
:1013B000185968BDC279E949A2E37E07A88E173F94
:1013C0003D7FF7EAD98B1D01765C0AAD19B5F008AF
:1013D000CF052C6C93FB0D220E5C08CF0D2F022A3B
:1013E000876699D617201E132312621C41F02DD850
:1013F000E9320D15F9E2E58B2DD831D3567F7EEA1F
:10140000C732EFE36B263DF2553C77B330F1677F8F
:10141000FFD539AD5843B427FE9695834A2880B945
:1014200005F25139DCE7160E3045A6FA1817BAD086
:10143000989FF179B8ACCC6ED8E5B0583483DD54C0
:1014400059F3A9F90A7875C099D5C03107668CA6F9
:10145000E1C81E29B3CD7B8E1C7FAC77A8F35AE37D
:10146000D35926473A9B140143BB66FCC93B1F6214
:10147000486C5031249F3293A5F173508A2E263147
:1014800000763E7D1FB9E8AAEF4DE3D8AFC7B7831A
:10149000A3F0C056B6E4472323E07659145CA80EA7
:1014A0009B13E93AD78A74EEFC5E92ED6EBB017134
:1014B0009BF2D963557EA045E24AB96C4737C750C5
:1014C0001F107AFB5BA50C170EF5F39F8C19F84ED5
:1014D000B55BB78D1838B11FC5C3F70846DA9E5EF5
:1014E000E8D781C0179E1690A1F490C25321B89DF1
:1014F00094DDB77D9FF4BEF5B9D3CDA2434CA819B6
:10150000BF66BCEF864CD7850D52F89845615D1AD1
:10151000D7A9A1CF2EEE9BF7D7FC70BEB1544BC418
:101520003CB7A3044583C2D9EC156EAB4849E35CD4
:10153000B55B305E4420A1CF7872FC1297871234DD
:10154000A70C8A59E46F20D60AEB0AE10F02816FDB
:1015500081A4E8796448C12C01B7FCF096C2F07010
:10156000B71BDE2514160025B5EB4C2BEC3AEA66CA
:101570006FD3EF5F03379DDDE46E917FE4C7108D7D
:1015800051614A77560430C2785788FCE335587663
:101590009A0986DD25A57EF93228BB2D45DD50ED63
:1015A000AF15C96901BCD9252AE09BFD5D029CC12C
:1015B000CA50C8CA3B7F8D163AD8D1B029211FA185
:1015C00082383ACEE833A752A71880D33C20A174C2
:1015D000997F842D29D7A39F1E058327A8C98978C1
:1015E00069D121EE00D88AA3093DFEFAF54015E144
:1015F000C16407D9F0C27ABE8DE4A859FC02EF0D90
:1016000043538DD68F31ED02573DD744AD07EA568F
:101610001707DE78AEA5CCC3D9EC4B81D6AE8B4A8A
:10162000B3C4DEEF057555AC7550C38177AD8BCB78
:101630001F7203CED93B2487E07F05D20A56FFB044
:101640004B84FE6C6608E603B0E147E712FD4AC82A
:1016500037A60B884C2C497ADD4780714E7C553C6F
:10166000D8F34191C41D0EE6985513329BF9BB1D6A
:10167000D7A0F4346C1213FDBAF770F94FF1F26F82
:10168000EFF6F7DE7EAEADECDFF9C6925A5BC2C272
:1016900032C83A607AC69E0FCF129CA0FB5065B24A
:1016A000861AD0D71CD3C803946DAC0DCC773F57A6
:1016B00065247020679304E884A8CE5301E294DA8D
:1016C000531DB43386D8DDD0919B1A44391C2F1298
:1016D000FABC9C706F6F1A9A9BF78F3959242EB100
:1016E0001728648BD7D7B02934C4F207BA8949E3E5
:1016F000D264828520AA5969251DD4119409DF403E
:101700003EA23A6394331469D13A09417F971C642D
:1017100025CBE427737B8161F238198E1CA75E6CA0
:1017200089E12386F4266BC01E04D8672FF6BB28F8
:10173000FE08189429F106B8F5EAA7EDED9F5E05BD
:10174000B76BC0908C9739F4F918C7093CFB490472
:101750002BBDF3F0C5C3ED974FC31762A8D308188C
:10176000426481524446655AC17E14C905432EEA3B
:10177000155E41B8261304700F82D2367732E1ED40
:10178000F16107232B898F9A7D91BFB5E8420362EF
:101790003E095F3D48E58217D33DFFEA7EAB186303
:1017A0006B64E26BD52385395178812E1950217AEB
:1017B0004F465F5B97C0157A7F2E20652CD11C6F3A
:1017C000FC4EF9207CC9E78A4F316DAFD115D7FEA9
:1017D000FADFFD4BE7DEBD6621B15661BE708314B2
:1017E0000776755A688102743BD0A595BF10E08CCE
:1017F0009FB6B79A37D71E8270DDFC5BAC782C524F
:101800002285C613C2400820139273624DE6AA1BBC
:101810004E4951B3D87255591259613F2FF6BF9DA9
:101820006CAE228C760185834E7DFE2CBF5DECB1C3
:1018300050748288DA8106F54056C6A108BC890E2C
:101840007218198772929623064D2BFAD3AE02496D
:101850006D3E980ACF07723C6694139769428D30AB
:1018600091323090D55E01E4128FAD1CB88AD28DD2
:10187000F098739E43329CE0BFE3CD17C80572DF3A
:10188000B1FCD84D4E33F7E3993551BA3B62AD31D7
:10189000D74F46D4D288EDCFDDFB59E044FA73151B
:1018A000F95BF448EEB55A52EA90C63A731E246DBD
:1018B000A9C463C11B43798607D87B66EEB7AA101B
:1018C00078B7C3BBF2AB90F8AE4F5C11CEC596B300
:1018D0002EE59864229C7D82F0ED90127BF7F0FC5F
:1018E0008AD9DDDF97F32353F22302F5D9D5D56DDD
:1018F000F301B458B061219DD70B1D0349E6437233
:1019000074C6638B58BD704C71245E9486BC15CB35
:10191000C792110A2BE2A1A8C0B7C5DE6665A5A7CC
:101920004CB779958D78754B69C61E5C1C4E6E0060
:1019300099F1248637FC1C095A2D278471A4956BD4
:101940009C485C4442C87C459BBD9AE6E6CD70ABA2
:10195000DFFEA75598E0F0E74D0DC2CC11333401FE
:101960008E73A6AC61D42B9A8BD91AD0C1D9291AFF
:101970007964B71B42FEC32824554FCB0A69BA616C
:10198000EDB99E8220BD8007834F431E0C8432290F
:101990004482D45581A85C17FC83814F6C58E05079
:1019A00000D5B01BA9C4A2E024564E8B419DB13591
:1019B000704B626BD4B1F35AA1532C5F7D9714F135
:1019C0007B06756758E4A2EF52D222F8437C928CD2
:1019D0002FAC787A82666CD667656A52627C043C6A
:1019E00056DCAD7BE16ECD75EC3191644DD5C4CF45
:1019F000FB3ACA862D8C14FCF010BD83F610504FB4
:101A0000E976F3AB122FF071109147A05B2AD9F958
:101A1000F91E9C7FF354883554AD550D570A8FBF7E
:101A20009DF57A38DDAB97EAF9D5C2AFDD8535C3D0
:101A3000AE816609C8CD12C0AA84D3D8671756FCF8
:101A4000F06441B5655710BE820239C1A18D8A1478
:101A5000E467342C05858A59AA4C2998BCA698A21B
:101A6000F1B56A459ADF62AC587AE3F66114B006C4
:101A70002A246B46EDD5F6638BB2F80FDE4AC2AD71
:101A800002FF79B585B9E13711B4C417ACBB2F4457
:101A9000A96B9130B59D44565BAE53A90469166C91
:101AA00009575BA26944AF2C319CE45B2DDAE4BAA0
:101AB000D5F70B34686BA1068D475C1D828FEA9BBE
:101AC000AD1A0729B9299A73D6539FF00D13624CAA
:101AD00033DD1B9FD0546041B03266DCAD89CE1D32
:101AE00070A16F9F7FB7F21D8DECC88677DFE8CDC0
:101AF0003777D76A0DE967D021D6EE7688BB6FBA03
:101B0000EE546BAC5956A4C2C5C0559005C9B882F5
:101B100083513348F56641AACF64BF91C59D0B59E7
:101B200079D907F4F6737002518654FC6A901A9DB5
:101B3000C4399311CC0AD3FC619A9C08E5CA0F13EF
:101B40008A7C96D9D69F520CC30DBE33130DD3E5B4
:101B5000C1E838FE94008680FD31CBF263C486274D
:101B6000260E3FE9B652A797F702DD55E8DFF68566
:101B70006A2BA562537C45947E115F2E5CA742AA16
:101B80001BEAB7BC271E6DBA5412E5C27A53A0CE29
:101B9000893CE74DEEC376143CFC84D13E2F9ACDB0
:101BA0008D166501FD52F165127AA976B95CB621F0
:101BB0008097C004613D8C2EFA1AB573F1FBA0CA60
:101BC000BFB68696A67F511DE3099B390FACCFF6B1
:101BD0009A10C3B3930126C6C969A365AA7F75C5C8
:101BE000B8DDD05047620E6876C5D62B9E750C5373
:101BF000669375CDDFC81A90EC03E1852E9EECEC60
:101C0000A37D61E1AC7E8470EDA234E5A91E9ABA91
:101C1000E1A8EB4E3A913EA87E6FA0369110DF20EE
:101C2000CD927B95497F9EDC31E351A8BF694E621E
:101C300092138368A8CBAE7B4C425F8CAC62741766
:101C40004167DFBA557EF5B4E98D57AD94F1565A28
:101C5000A952644388B227383C088F706C277B7682
:101C6000C32349E77EA1ECF2270D8A4D900AE21BBF
:101C70008CF15DE3325D7E0C7FA26020E0EB854F4E
:101C8000B078CB0DDBA6A845174D73EF69BB609606
:101C90002F52E2AA210415DCA7C75BD937EB469D7A
:101CA000B640630A1C7072A7A7E01B8E74C9D4BA31
:101CB0006B4602B629DD264B154B73B70B558802D0
:101CC00040970A475A9164E8DDC12CBB4CC03513DC
:101CD00032F3DC481C24F85FA3994727D4A3482497
:101CE0006AFF4D7C6E0574B25DA5FBE5A70B097E0E
:101CF00040B5F6424EFEA1EFDA884A482121295428
:101D0000D4FB97BD78F87CEBDDEBAD7EA8F3D38BED
:101D1000B5E5EFDF51F317BDDEDAD97AFDF3D693DF
:101D2000774CBB83948D872F9E5CBD7C7DF50BFE2D
:101D3000838BD8D5EBADAB1FB6AE28DD5F896C7F4A
:101D4000F50B02EA5DED3D79B8CFBFBB7F58B9D343
:101D500044283DAF43FB909C1B1DC4A55A88B1FC91
:101D600064136CC5C96F10BA5FFC80E82BD09989E9
:101D700010D858DD7B7BB676776D6D997FEE7FD876
:101D80005F3D8A184C4597D630D5F4EDF2CA7E8B6C
:101D90008FDF155EFF35F81A7DD9D83D567F7D3B24
:101DA000346ACD983E98711F6FB610B231F63B2D54
:101DB0002569A0CD0F84549FE1E88DC9C4B49A8BE6
:101DC000F4576C221F00D0F85518852B56E04C981C
:101DD000B469F8469FBEEF062E08B2D690C5408380
:101DE000DF143C8375388677E8EC3B9F8E8C704A15
:101DF000FA55F22C0E6B7294FCFBFF4AB8779EBD2D
:101E000097C35BB78E1F34ECF17C8B83ED04A84C39
:101E1000B19AF20CFC8E276E9C8ED3C324167C29BB
:101E2000BF4393C5B5C668BA527B058736F29BBDE2
:101E30006BE318E61A4E3015DAC9C5F898A322A547
:101E40009D3A32BBD01F3831363C4FB58A98047664
:101E50009EFDFB7F838E784A5CB3D884AD9E38327A
:101E6000D981E44E3C671D44A0D04169739076ED62
:101E7000A04B9B420F17F66CC62096D7B6820BDAA2
:101E8000990C6CFD5ED8CAA102C91010F57A2B59C5
:101E900050AB6E83F08454EC57FA20B3EA6AC9C59C
:101EA0004266A804A84BD4C6EEC29A401B1D6581A9
:101EB0002C6824C620EE40A5D67DA4C6C08DB5668C
:101EC000C04256BB5E09DF53A6FCB6E8017B85D352
:101ED000A90C5609C621C7500C3B73A21CD4F54C63
:101EE000F20E428C668BD9D8829349131CFBBD8AB3
:101EF000E0AD65FDFE0D1941ED3F8AC8AD64D5FE2C
:101F00009769F65A16B690474B4FFF059D00F27E33
:101F10003DFA30D5E168058180545649BBE3B25D96
:101F2000A334C160D460B4A0A9C477423D89B8602D
:101F3000C46AA218CB4BD2AF50A37C6397ABD26CD0
:101F40004ECBBA552F938866D53FCD034571493C9A
:101F50006912E729F26CD349BDE4B18D9BD7E899AA
:101F6000F9B899A9F4B9AFEFF1CA43A2C9482C2E28
:101F70004932379362834C192FC12DAD2B775A8389
:101F80005FBFB99C813462EFEDFEDBB7B2BEBE7DB0
:101F9000FBCD2D4C81B1B8FEBD1E1D6D9D9F36DE63
:101FA000E3EEF40E8327F36FFDAA31D8580A769931
:101FB000956FFF00452F1F3706E1FDFD2640197084
:101FC0006825CD6965B30F7C6DC69CC3A3DE1C413B
:101FD0008A44AF9636A59E0966CD49432F3021F03D
:101FE00032F0EF403437EC65733E0371CCAAEA94CB
:101FF00011D92CF449552F7C42B6F8572EDB7A4D77
:10200000B1E495123FFC45D222DA9A3CC1DF90EE52
:10201000124BD5CBF150378660621B5F4AB117F582
:102020004A31D3E7A4509A1140252D3231370BD5D0
:10203000D4C7D44FE14E51BB6FA2AECFE9F5919A10
:10204000F3A690788FBCF51CB0CDE21E08323D8619
:1020500029ABDC08F559AC9801B2EE1537A79E42C2
:10206000CED68242C833278578D0EC9E864B299401
:102070009A2F2A320F5063CC7DDAB7CB7FCEB0696E
:102080005C7519AD6B8A81D59162AB32190B334304
:102090007FDAA260401B36C111E372E59BE3BE44C8
:1020A0008F7FF7CD255811246804BFB39C2E0AD624
:1020B000A01C9190610DE127F5C711228CD8084B27
:1020C000A98142A0203B00FA15A713B511B9C38915
:1020D000EDE4C652B14B0C48ECEAAAB253CC53869D
:1020E000916B047DEFB22D67264AC54579C9C3C0FF
:1020F00085B7ACBB58AC94CE0B4AE9921674AFE5E9
:10210000F5D392D0D8DB4B88C0BCA0AAF6EAE9D0C0
:10211000B014970C4BD728AE450CF16FE508775DEE
:10212000545DCF29AE4D52CCB392E27A362B2A9A27
:102130006F509C940F41828597F870017447DA7A4A
:102140008E755F9BAB948CDC385E128BADA9CDD2C3
:10215000D9E8D73AE6E140B1126E98FA4EDE346F14
:10216000F7C14955DC746773553C3C29EA6916563A
:10217000F2F004149C27F6E43997B153955DD37CB3
:102180005F42FDB4E774C2FB86FF69912462A23D01
:102190008475C45B8CF9708DA0E151192F5FF52F08
:1021A00001A106B9C9AB9F767EECB6E5CFA36E2739
:1021B000DA7EF9F049F76EB4B3FBF2F556773D825B
:1021C000DB6AF75E045283EEFD080406DDEF2210A1
:1021D00015741FD0DDBEFB7DF462EB2914A1D1D6AE
:1021E0007FEAB6DBF8015861B4BDDB6DDF8DB671F7
:1021F000BD1E3DC5F5BDE829AEEF47388975DBDF6B
:10220000452F5F77DB0F229CC5BAEDEF231CCBBABD
:102210009DB5E81F9EBFEA76DAD13FFCA9DBE94411
:102220000F1FED743B77A3E7CF5E743BEBD1F387D1
:10223000BF743BF7A2ED67CF9FED763BF7A3572F17
:1022400091F4BBE8F9D3AD5D54F6815CBCE976BE90
:102250008F9EEFF0CEDD35B978D3BDDB460EDBDBEC
:10226000CF76BA773BD123967DF76EF408C5DD5D56
:102270008F1EB1D8BBF7A247ACC5DDFBD1CE8FDB3B
:10228000DDBBDFE10FEE3E889EFCF4AA7BF7FB1975
:102290001AE0DD3F6EFDF1CDCBD74F76FA4097FFC8
:1022A00040720B80D0892BDFDE919F5B32C3EA0A3C
:1022B00044C70540CDC280817F1EFD918C0E2FCD7D
:1022C000537D20686773C75E2BF219173FBDD87D19
:1022D000B66D1EBA9B5BBF3CE31FD49E7C0CCCE367
:1022E00017F917F556620816C7E91E99E9BECF5AC5
:1022F000A3C9DE6DBF043FC44EBF7DDF2F74D37C06
:1023000037FB08A55EB84FEFED1BC919914AFA6D6E
:102310007724E110CD8FA1F7AE7123DFA2A34CE3A8
:10232000BDF1E34AE1CFAB91CF14A081C85423E3C0
:1023300003D3B31927FD1158BD859BF1ADF0F320F0
:10234000C415F68E8882B55D10A9315C7D3B35C71A
:10235000DAA4C98051C5A773C14531B375790ECAD6
:102360008466E2AD46D36689CDEBF3402C52C9C3F7
:102370004FBF84478F97A8E71DE020F25607536EA2
:10238000030AB0ACE16C39B5C61D393BC1CBFA0CC0
:102390003817E8255B7D1BF015716F8AC1522D9BA4
:1023A0001016B3B8D5F135918DDD91FCB9D7656DB7
:1023B0009B424DB1FB873D489156ABD15A4D564695
:1023C000E723F0763783D5339E4C478CFCD6605894
:1023D0009662BCEF664F17486E2C8DF739595D0A2F
:1023E000E73D6CFA786746F76A738041EC691CD464
:1023F00018DC731489CB644A5C52AB2F799BDE0CDA
:10240000DB9195845DA1012D49B3AA76AD2954C213
:10241000BDC6E8DB0E4E27AB9D4D8CBCA634235EBB
:10242000423588DCA075A2267F3049ED31115F4529
:10243000A139A8D6C967A9D56AE72BEA25D57ABB01
:10244000D240237EB75F59BF0777A486AD1AFE74CA
:10245000F61909F0FEBAA99FAB1E4C2A523F9854B8
:102460004A553AF8BA86426D565D15E65B5C7A12BB
:10247000860CE9C8A80D55DFA28C2DD3D474A1CE4B
:102480006B75FE53E78747CFD42158D10A91AD58D9
:10249000B78F9F0BDFD8E5BD64A8F726F1E7AED470
:1024A000F5C606909A36BAFDAB8DCDAB8DFED566DE
:1024B000FF6AAFF576F9CE6A7F6313D588D037AE61
:1024C000BE8346D03270594349D795D1EC626483BC
:1024D000DC21163583AA5A80AF4DE85A5D271D7658
:1024E0001D0B92154E839C476425727906FA32EFD4
:1024F00061847336E2E034831096899CC32A3C8A57
:102500009EBD58AF130007822BF8C7705186874CC9
:102510009DEEB7C1EADAD368396BEE200ACCDC98BD
:10252000FF4CF8CFA158CF285023BA85B96CB5001D
:10253000D3127464FF10B3F99AD517C7247C8B5F4C
:102540008211DD82C7CD8F2202E25D4A76FCF389DB
:102550008A89E8441E6AA88EB9871AD0E14C1158BE
:102560008DF727309CC626DB88E115A20F92E0A4E8
:1025700098409573360902C4C33A0290D7A6D18C0D
:10258000C82FC47C6FC82D1308F6801935E0598513
:1025900080588C08DF682E779A88042F1FFC493FEB
:1025A0009858BA3EE068B7E2089708ACD48F37373E
:1025B0001F8068422A81F9BADCEE3C20556CBFDDF1
:1025C000F96E70DC78F96A45049688EF00F0EDEE5C
:1025D000E88D6884B76FE19217EDFBF66AB3B3CE6E
:1025E0004BD47C474A877ECA4963D426D8ED4075D0
:1025F00050098345DB21054B87D2D6AA8AD4A26F26
:1026000084F021A58BBA68FE2CA7011C38A0BC73EE
:1026100023202DE53C0D725E6F4D65C4206C4898FB
:10262000CAB220733B420C754845DCF29F51FEC094
:10263000064F1A268A44728F624E21B27AB354D959
:10264000B8F64179ACB45E631B44AC5F9016E425E8
:10265000701460E108C0048D1398A093133A4514D8
:1026600052036DAA79D9B088ACBF0BB515DD6F4D9B
:102670000228EA671FC5F6A4515F866DA4413E3962
:10268000DC8EA4E3204682F3EEAC2192CDDCC3972E
:10269000BB9610CF661880590D5DA12CAEAA7CB6F2
:1026A0000DFB0D7598FAF0A30591A02D5562929F30
:1026B0009F70C056C1497F36FDAB61AA41BBBB6666
:1026C00098A60F4A65480545188D5C61279F172518
:1026D0007AE313E9A4941A215CB629DEA47F6E691B
:1026E0000191AEA91618AEC5265327BD5C5252DE25
:1026F00043D6F81B01BC4D89993FF1173455223957
:10270000CBCF87BFF0A74AD0BC2157D1DD7D2B208E
:10271000EB3BBC8C2024C060F869DF44A6405F35E9
:1027200078E01D168891C98A4CB4B8902243E4F829
:1027300020169EE8B9F7B2D77AA3F76241FB85CDA0
:10274000C0D345B4C39E6140679CC4671874A3E9B5
:10275000A920D94856E2E416C0A21378D733FCA3C7
:10276000A0A23F816EE603A9C5E80005D35FA835A6
:10277000DD32E7768C995E8FCA46D49C71E70BE315
:1027800008A717CF1F8904ABE50438D87876C7258A
:102790008C464AD8CE5A58CCEBE5936680E43A375B
:1027A000E56F05E5B74CF65BF61D9CA482EC751E43
:1027B0008499BB84386C85995F20F3F300107659B7
:1027C000EFD7BB48B6F59FA2FAC6A65CBED8C2A595
:1027D0005C6DEFE24A9FC30A5DD7C74F7173536FB9
:1027E0003EDD32627B715BF00C3E7BB243ECF70264
:1027F00029796FA8B7CEA5827158B767E6C32F189D
:10280000F3A7212715E899F83517EEB35F3C097A4D
:10281000EA9579E199BEC0F38C79E1997D01F7825F
:10282000179E9B175EE90B3EFD2B9BBE907C5BB712
:10283000203D26C8C45F321F09D5F9C8AF91F29573
:102840004D2C942221D834BDE66E38AC768375E6E3
:10285000B0E126AE2024E888DCD3CB4FA29CF7530E
:10286000144FDC42C1EBF27AC0DAA3FBBBFDBAEE37
:10287000ACC3EC3413C741085A042D7C221114FC5C
:102880004D6B4C526B18E4A5ACDF4DDD7939D92284
:10289000B718E2737D81BA37CA6958569BAE2FDFED
:1028A0003FD28548374D39E8DB29B9265392CBB959
:1028B0005D807A686F13D8D8B4A62C5AA876C03039
:1028C000E4276D777EB26A8DA599246C23CECA3E2B
:1028D000C62C4EA0FC160089E4706DA9D00E58B32A
:1028E0007FF8932E3BDB8D05476E1911FA08836242
:1028F000A45B91BEFAFC1514991F31585D73B9227F
:10290000229F7D744DD6A6B3B4842DE1BE5D5042A6
:10291000ACE67516C4FC4C0652A2FD1119C5D3AD28
:102920005BF2C6288C2BF011CDADEDCD65A3C7921F
:1029300086D4D448635175D02D6C761C67BE17EAD7
:102940003278E84EAD432619571250D56956B31365
:102950003AE8EBDE071D87D242C17088B5BD5ED66E
:102960003D5060A7517F474DC63B7E53BD35B1D228
:102970009DE6537A3FB7AAF236270DDA100A11B353
:1029800091D86F090501480CD040C5FA7D6627171C
:102990002D65CC3DFA94AFD39A3A1E79722CA1C31F
:1029A0009A4CC52960ADCE0AC3047607E967A8F83A
:1029B000135FF18C1266CFEF3D7164AFE0E0035A14
:1029C0005D59287565F4762537FC26C6BEB0EFBA8A
:1029D000961DE2BA567F0499530D98FAF53E0A1AED
:1029E000D409836EF8D821F6B131A528F5115A9093
:1029F000080566A78DE6178F0F5524F911C28F358C
:102A0000A33D6884604259B972EEC33427F769F672
:102A1000E7473FDC690990E1FBB595340AAD622DCB
:102A20002B2BA26A30A984BDE4D7D84AFC49EA60BE
:102A30006A6872FDFAEA885AADEBCAD7712CC38C6A
:102A40004F0CC59C9AB5878C8D20F32B326C0559A1
:102A5000CDAAE728F3EE4D9CCCBB3FB738044BE83A
:102A60004CE5712EED85A32B50F822CC68A0F5869D
:102A7000E0E8B609C40B772523CDCB96557CFFBD86
:102A8000196A680E38B85AB17E7D6DAD39778054B9
:102A90008E8D9AC8F730D783BB2CA37F99E71E3C55
:102AA000B820C99595F699C77BDB4997C45377A79A
:102AB000110096609EE88601E4978A1AB677EFB80F
:102AC000F0A5587798CC641D1EBA5F9FA536361EB8
:102AD0004334215891226BA650418EFBEBA3BB6679
:102AE000C49AB3324A58BB1AE1A49C0C1E40197D0B
:102AF0008ABFED4EF7BE8A30D350F32884FCCBCB8F
:102B0000668F5D927567E2A225DB204A705A95D3E5
:102B100079746637B5D11E0253EFEBD654D3A6ECC9
:102B2000BAB4F6A6A8C8CD48C50BFB577CABBDBF51
:102B3000B1F140AE3AB86ADF97CBBBB8ECACA33387
:102B40005AFDF5205CB2CDE451900B8A655A1E4ABD
:102B50009BA5A4A28377A10335AD5D8BB28DE16007
:102B6000ED0AA2750600E21AF4221BA7836C79888D
:102B700008B9FAB17808ABE4F270BF8B6060CBA7FC
:102B80001BA9BF9FE2FEE93E0F333E5479CD2E5183
:102B9000DD40E093F2CEFA6662312837C3EAA0A0A6
:102BA00038288876E13DDCD8EF9F35BB48024C6B76
:102BB0001C94A7C03D9487C7A5F26853F0B927EECF
:102BC000CA7CE16123699D35CB6D4213C4F52F2D7D
:102BD000CFBF448BC5352F8937740276E60646C4CD
:102BE000DCCB34745CF3F2D9405E871094A2F055CC
:102BF00034C2DA5CF12F9F5C9F43F2EDD9FC5B3469
:102C0000AA98146B57CBE69D7222985CAEC9B9D5D1
:102C10002095D5FC27C14473FD5B4B556FC1A47350
:102C2000FD5B1B15EFDC54D24645414F6F2A68B35C
:102C3000E29D9B0ADAAC288806A16BDF5A5A02FF94
:102C4000D7D2D2FC9B301DDDF4224E1A152FFEF296
:102C5000056F2EF5ABDEA499CAA65A5A301C6842FD
:102C60009BF68B6B5339C99F0A533C4C88D5AA639A
:102C7000B75118D9A7C4D894A62C740D6E4CCAB8F5
:102C80008F0FA60D5B99B9710F55C44DD38EA1213D
:102C9000AA661DF51637BE8BB81055EFAA92C389E8
:102CA000196EFD7257B9BDEA95B3CB23572BC227D6
:102CB0009BE506A0E1D1BE5BAAB0D822CBABA75D55
:102CC000AD574E0EF6A0CABCBBBFB9D9F8EE16E0A0
:102CD0009BED72CE6AC2F4E93FEF6916FB7305ED16
:102CE0002C2888951AF892AEFAED8D0D29ACEB6F71
:102CF000DEEAFF53C3DE9EAB81984CC3A2FB0B3EC2
:102D0000553546A6AE4F6097061C164A9165C80C0D
:102D10002BF9DAAD4E7BFDBBF50777EFAF7F577E22
:102D2000F3D10D332EB97536F7CAF51326B99A7F4C
:102D3000E3863996FC3AFF4A30B9FE69C1DCA27DD0
:102D4000F8BA555C30F3671B773B836463A3623D3D
:102D5000A761F90BDFDFDC3CEB26E01C586ECF6788
:102D600043C3F4D9DCCB91FBA4A1128D38E9C59AF9
:102D70004370A543E6B1A86F9FBDE83F88F412D623
:102D80008BFEBAB93616E3FBF6F7E3974FB6FA9D1A
:102D9000D15DFCDCD97DF8F81F61D1E3934726C5EE
:102DA0001BFDBDFBC7575B6A22B7F4F97B758ABD73
:102DB0007542D42544368872F14728F8F11710126D
:102DC00046B13810776BF903A72D5E41F8AC1BEFC5
:102DD000F3A87E964E93A354A210B80B64F7E01D9F
:102DE000B3387357B868DF77F7CC25AEEE76DC4D95
:102DF0007339055CFB1D5DB451E57F7CE3EB0A5D37
:102E000051F00D7899212C243824EA722CE7E63A07
:102E1000E377D7216FB2966C677E85B177E1D28474
:102E20007D4111224EF2612CAF9BDEE013D23E1D9C
:102E3000EA6B1236FC13A0D5B9660EE1817F94D0FF
:102E40002DAAFFF8ECE98F54EDBF7CC39BA46595D8
:102E50000A9C1D4862EA5B0EA515E91686BF478AE3
:102E60002FE6D749F08D915818D17C8904EC20F6D3
:102E700010D5D0CF7EF4D3B3ED5DD09AF52FB1C489
:102E800001E681350FFF6211EF327E202A3641B014
:102E90002CE03E00D407DE037EABE063073804E09D
:102EA00094E74831E59F8EFC7A637E027511019E9E
:102EB000F47A140FF5AA0B66D7C7EF309F7EDC02B9
:102EC0004AFF72981C816B602CCFEBEA7F6C2C253B
:102ED0006350E2D2A5D81CAEC6DE3CD1A5BF1F1EF2
:102EE0008B9FBF618173D4102643F04CF1A9F81079
:102EF000497C8F483923FE7E05390E8AB9924C15DC
:102F0000DE007B3C2A9505BC007C0AE305A52190E8
:102F1000C571120B09F66D651653483A6740ED16F8
:102F2000026E3405BD2E55C28B61B50C6783FD7AE8
:102F3000FBB97FBF3A609AD46E815BE2C62A8036C5
:102F4000A26EB92B6CC952AA7181777CCFEADC5E84
:102F5000037D40245523318C06F300C88275A90BEC
:102F6000B717B8B3195A8587EDC491FE3D3AFBED0A
:102F7000B7D124B2DF62591F6C8D55AF653FAA1ED1
:102F8000A5D9EE176588BE1B21F048B72E7F1ACD54
:102F90001A42A5408D343A3818D5F23341B48B3BF0
:102FA0006C5769C76A0451684E3A15F046C33A1522
:102FB00078BA169DDA4DCB9AEE5B0CB17256775FFC
:102FC00099429F27F05D9C8E08E59D9A0A84B7166A
:102FD00057A68E79C874D0E1CA5FA434A4388CA3F4
:102FE000824F6525BA855AD623716D05E45CFF567C
:102FF000BE528F7600BE88E14FA17F2B73653B8068
:103000005C68A4DFA59163DCAC19DBFE284E20745C
:1030100031C3B140EDCB15073BCD25CC205DA30BD3
:1030200083BAAFABE7B808C699AE9ECE229861BA14
:103030007AD68AEADFEADD9748DBF7368EA5FE57B7
:10304000DB38A2FA2DB9A2D41101DCDE557122AA17
:10305000FFAA97BFF07A4373C3EE8E3737CDF5EBF7
:10306000C06A79F828491F7369B49E2156656014B7
:10307000D92DA7448A5BF9956A0BF891F6E6B2BBA5
:1030800079C7DDF4274EE6A84F57DDD37C60846B0B
:103090003D54C6AB602D30597C1B248ABF45CEF60B
:1030A000015B4A9F2040A5C442D3FB4BE1FD257F35
:1030B0007F23B8BDE16E8689375CDACDE0EEA6BB32
:1030C00019A6DD7469614A71B7979618357EC93EB5
:1030D0008211247CC4F3917BCB37D7ADDCA4F6B747
:1030E000AECCAD5FFDAD5FCDAD8D0DDF202240E5F7
:1030F00014A0E28D8DDC36CCE666658ACDCDBC1B96
:103100001B11CBA199A19D3742D2217AFC93F4BA2D
:10311000A5AB5269453C3D5AA87D578515F92D80D0
:1031200085EEDA551C0C1A8B0389620F2931383B66
:1031300020C70115693B35F37538BB2C0079004277
:1031400082EFEDD7394E11998A68927AAB859FCB81
:10315000CBF8A7C507CBFCE70EFF59E53FDFF29F91
:103160005BFCE78AFFFCCA7FD06232D065F2C8649C
:10317000916926132C62F745EC2864C524DD6E9D09
:103180008095D5C6DADEF92FFB44A7C5CB1F1E2ECE
:10319000FFB0DFBA5ADB3B78843B40535D1177D5F3
:1031A000D83BFB69BCBD7FA7B97A0185DDEA029CEB
:1031B000D2057478ABB71B6FDFAE5CEDFD7AFBED2B
:1031C000DBB700DADF5EBD10B25F51E6A5F3304237
:1031D0001E71D210468816CD00234C17C20871B458
:1031E000B94C6F8411A616469856C1085162F386F1
:1031F0003CEE681E55304266EF60844900235C0D4A
:103200006184DD9AA269901CE07A0F284C17020AAB
:10321000D37940E1A9B4CC1F8C8F28CAC28644124E
:103220007F0DB5F7875AE30F1235014ADD3F18B31A
:10323000A7EE053414512A82EE595779BFBC7F4856
:1032400028FF9C49D80319A2100D5EBC7CBE056204
:10325000D3F61AD4D8D1EDFA6D571C37C929F860C6
:103260003E4C68AA9F1C65E203A64588D4E5761308
:1032700094136CDAB8FE944D8C829D55552C20DD4C
:103280005A6F9B5E1E02F23FCDC52FAC9F468DD379
:10329000FE50716323FA00B0551D108C85C7A7003E
:1032A0000A048047156B6E3FBCDD0C0C20A7E4B709
:1032B0000397C2DBB75206595E2F53629773C098CB
:1032C00027842C6345A54F50BDFB7D8735010898A9
:1032D0009F0BC0F06C8F70877DB88FF3F8F218D217
:1032E0000F38F6703C53A339729BB23D02741AF941
:1032F00022134AAAAC93040BC9B05B9EE502C53CFD
:103300003550CC7C0E183855A05A361390E9E90296
:1033100084E16AE00B0A544DA1A54E713C340DD5F1
:103320000BE6502BC86B9F4E97B08CAF48335C5D5B
:10333000ADEE8DB6F603E752812F5A123D361A8D47
:10334000E4D2DB06B2792871CF4C8FC70BBA9B430E
:103350004859858484A2712A4E7B94A9C4757088CB
:10336000F6394132E0BCEFD5FEEDFF7C5CFBEB3F74
:10337000FF67FCB847D4C86AB8700415430B1BCB71
:103380005F11DA2AED5908A33D95CED6006FBDD561
:103390005F650533194D4118DAF7004C33ED80466F
:1033A0008385A0CBA458DA6E4ADA69769DA90571A7
:1033B00043EB6B6C4942150770347BF0BD7F5FEACD
:1033C0004C879B6E60B6D45098819BEA1A252FB427
:1033D000C9018FF90F6A0D703261E8809509D43EFA
:1033E0008C5C9421051CBE7EE3807A4F6F355FA70D
:1033F000E8018051E3BEFA553718047C73BDF3FD34
:10340000FAF7F7BFEB7C7F2F6C3163F539A24C38AC
:10341000123C70F5085CBB1A7FD1183C2C8DBA4366
:10342000373D2F7DA63C6A8B23127341D8B98F6438
:103430005B544CE9A9437A5E5790F6E659DF304574
:10344000C474200AD6E1988B3002815CFB14381CCE
:10345000E04FBFBD75F5EB3F2D6D6CF607DD5E04EB
:1034600050C76C6F7FA51E32770FE2AE7AE59E0DD6
:103470001A7919977A56A8EA9943A426D721526354
:1034800045A43A4E797507D2DD7E64E58EBC0AA864
:10349000CA72F2C03FF915FBBB284F844286F3493C
:1034A000B3E62298E5D620B6E47B4EA199B6E015A6
:1034B000E3C179FBD041352445BAE16F0FB0E9751E
:1034C00053AE918DE06D09C09BCA4B63056C665F7E
:1034D00089509D0420D44CCD999903A11E06F0D5A6
:1034E000B9874347183A1110EAB80842455960CEE7
:1034F000861FBC32660372C6B7049623C2194E43B8
:103500005D56364A08553DEDABBB90986399D76D33
:103510009357AFAE8C6C1F1225451ABF0DC25CDDF0
:103520008EA62E0781DA5E361C54CAEB540433771C
:1035300075E5941FF29BD4118DF78A8651777687B3
:10354000CD480A984C75733F65B459C067A68E1C68
:103550001B24D8B2D89D8CC4440C34AF698E710042
:10356000681C144AA872DD17A2A7C70B32D6716770
:10357000B3B21860ACA5DDE0470D64B4D9A758C755
:10358000B594D57C2F76786D52AB6DCF9C51BF80B2
:10359000B70C146CCAD90C2010D1D5561BE6D463D5
:1035A000815AACA4FA0AB1AD446D0567B40F0DB5EC
:1035B0001F8F6049C6E05C6AF7BCCC0DA12933C8F7
:1035C000C55ECFFBF5670D070AA5AF3B7059AA3F53
:1035D000E53DAD94DCFE441C9FAD5D70C755D3DC6A
:1035E00013EC975658EF604B30F5D6DF1C6C0BB7D9
:1035F000CF86BC09464879A379CD764A59ECDA7D65
:10360000D4EDA158F9A2A572B3B3AAE643CDAA930B
:103610000804CE4455681868249A702D72BF46E697
:10362000D74C9879EDC2A79DDCC0548B6590D775B7
:10363000A8607823B4AD91BEB4DDA4D2125B0F12A2
:10364000E45AAF698050C6D15554C43DB714BA3E50
:10365000560D7273801472D50D9FC9610C03A87C3E
:103660008F7A64794512809B217CCE035BE91DAB88
:10367000462EDFB6AA67E1ADF0F745714D51A8C1FE
:103680002224BFE8925B36A4B6642AE745BAFB4F12
:1036900077E4BBE1F5AF3E07B2184674DCC44728B7
:1036A000895BADCE6D419D6703AD79FFAB4E72EE88
:1036B0002C28607B5D166432AA3B576C877D71DDD8
:1036C0000DF08FB2CA367B1EDF9808B3155FCCC9E8
:1036D0004F0ECF53A890417346A858DCCDA303B03A
:1036E00020CA378D7481775BD8CCCCB803A07AF62A
:1036F000A0E9A04687AA9C7D0750AC79F2E1D8CD1D
:103700003EAD58BCA2CC06509BC82F22B25BFE72C5
:10371000C95FFE93B9B4204AD697F53CD36AC65226
:103720004DF21E4825CD2E2425B5820C976D3928E3
:10373000B51190E0F8A50BCA3D25BAF928EB37374B
:1037400034E231137B2A2AAFE24E19F89EE82FD6D5
:103750002861E8725325480470C28CD4CB13AD188D
:10376000568E934AB1DFB12C1A76176C372BD74D92
:1037700079A04BE7E2E5D1246A163FEF83875B0D22
:1037800009CD8E143568266C5DAB0D9D09F2CC2FEA
:10379000305039AE2B5A7386DEB5B59525EDF48CD5
:1037A0005133198AB96AD92228CF8E9200B8AFABAB
:1037B0007505923F5984E467EDACB71ADA341C857D
:1037C0004574BF0E25B1A9387CBF98540AF8FA2079
:1037D000BB76C4D5823D3497A99A645C3634C92C33
:1037E000CA65AD3A9770F7D7234BED60243286E86F
:1037F000E6B111034D45BF6CD9DE173A05B8F6D9CD
:103800002DF52261A4D8EC11BA9A10CC59C94B807D
:10381000F02703DFF743413C3EB9964F2403E1898B
:10382000B0DE61DBE2FA2F587E40D803809E240D83
:10383000A5AF26982B397E284E6060671AB216F322
:1038400041BFB6C138A6EF9DE0640617C80B2343FD
:103850008B8E993A399ADA35B2B89EB0D22B2C0EAB
:103860007FA188D20B28A39AB2D31425ACABABF7B7
:1038700018C21C849956A8D0DC66CA1A841DBF6C75
:10388000AFAEDB95D67B82D0E78B775B09C8E9BC0E
:103890006004ECC7EFE0EAE03FA350FF4092925291
:1038A000C268A956C1CE2096E43E97B62974F72D7A
:1038B000D3DDE655A1A8A426BD768B4C8E864DB3EC
:1038C0005AFD1F30FF26CEC893AA6AE5966A593E74
:1038D000283FB13164E9E78CBFD4EFC2F95BE896C9
:1038E000329115D5F4D072BD19A8EB386AEC023AC2
:1038F000FA7D0BE8A85FB984B6ED123A2AAE4866A5
:103900008C8EE80D4297326E41A218C5F6730030D6
:10391000AEDCB08ACFFDE863138E5F72CB69415590
:1039200013BA1F7D03EF0E796455A2F0A5864F866A
:10393000DCBA851F9F9BD1B9FCF8153FB6E0DF20AC
:103940003FAEF0E31CBE0B9A8CE92EE099A08FF8F5
:10395000EC59C034F13C58EB5E194229B4E1C0790E
:1039600081D446BDA0258155D92ECCC2AE39B7A48D
:103970007246F1236460948948703B9871302DD56C
:1039800041A73632BBF7F3F2621EB84CF87A3D2FEE
:10399000ECCE466C3836FB8FEC2C85CE2EEE99B6ED
:1039A000CB631B5A37D64541060034748AE0BE719A
:1039B000FF2402F5C8EFEAAEE33F75B7CBDFE0BA0C
:1039C0005F2BB5DBDF8E5ECA296DC8A5CF6C73F5A2
:1039D00056A00DF38BA82D67893BDA47F4565F2F6D
:1039E000B353C8B5BAB0CAA2A7264D366762C2297A
:1039F000CB42872FBA2D27AEDBA17F46ADD16FAA70
:103A00005295565139D24D4641A8E87E5F3E33DC8F
:103A100085E732677DE1A9EA07CE8BE22619C596D4
:103A200055A7C7F133E314B48B8FE931BF5693A088
:103A30000B255C1AC3A939A49B35CB2E27A2948EE3
:103A4000CD926DB68327C4C194642D615805D12AE7
:103A500002AB94576F57D98741653FC87A90D95DBB
:103A6000896285AC6F4523EA1C6D9AE04746853D27
:103A7000CB9EE1F0BDB7CC2A5E60CC376B9D696709
:103A8000AEE855EB5EC97AACC729B77C72479D8812
:103A9000DFD89789375EBE4ABC5B46CEE63F019AC7
:103AA000ACBEC8130374B9F0FCFF5BF723CDA16172
:103AB0007228A813ACEDFF36CFF971A57B6AB796D3
:103AC0001DC1506EECB6A270A364C26CA659C1BEF3
:103AD000EE1C39E4DCA642459F6E1B7A5EA0D04006
:103AE000B6553D01C9C093F18CE31F34BF120A00E3
:103AF00073FF18924F32459199CE7A6B6E9093A2D4
:103B0000B73498D4626B8000917B277CD971F130F7
:103B1000E2FE690F22B90E3D9C75556AB1C7F88661
:103B2000933A4FCDB8C531792CA22D4E6830EC4F69
:103B3000170EDE27C1E02D1E547497BE2C796ABE85
:103B4000A848D32BA5B1930787F6FCA27E9DF46A03
:103B5000CDCBCE530A70A46E417A7BD9E03D6E0D79
:103B6000A869D831A6ACC386A297784ED50EE234A8
:103B7000D653C907EE06303A1F633B00356DE93472
:103B800027E529E4A95BAAB801421D7651BA5E3740
:103B9000750978629763FB399209F052C54AB3AA56
:103BA00087EE55D186D8E307E8044F25FE7A8DF1DC
:103BB000D8C581499209D6C22C894DDA9DC2D38CD1
:103BC000AF46AFDCCF995B9C0EED61ABF0818471A9
:103BD00049E5A27083E05DEB78A6AD294AC201D227
:103BE000758F80AC8CFB58D4BAD0304B379E9F3247
:103BF000124877B7F4F1D169C8AA6A7210D24A6E36
:103C0000391C1866BFE99BC325A6915C920B1ABAB2
:103C100015D9706432CF6F38681FD4F1776E38B21F
:103C2000569C367C1C7115E87DDD8A27C3822E5494
:103C30008A1579DE1C1205072793509B98947318F8
:103C40004A95C3419B5C31735DB976B8B970889968
:103C5000CE9B3BD9C91B66AB2E0EA872E39646815C
:103C600085E48DCAD35C723438BDB97965EE37D935
:103C7000F99746D292D1A10FB415AC5FE62524ADD9
:103C800070F5272544794BE6DCFEA25DD9176176F5
:103C900067BBB0556ECF870D451836CB3281F85FC4
:103CA0007B29D14E31B3D4B23305486A3D4BEB5E2C
:103CB000B51DA566993D2CAF8C4D1773F5B0E1107D
:103CC0008DC592E7CA34C9C28246C56290A27C58AB
:103CD0003605A58B650F8BAF64AFEA225EB582C94E
:103CE000EAD71DEB32882AA4BF4100F820CB494E09
:103CF000FE7832C2D664AAC14697D020F6E10336D8
:103D00007E91366484F21F1DACF673BB63E7BA552F
:103D1000E1197696DAEEB3A7F82347304D59A84259
:103D2000F07403D52E2571F541D28D9ABACCE524D5
:103D3000B4A147B54013DC95DD138D8F6BD2FED750
:103D4000CE9B185AA6B0F3DA9D5AA7579B3971E556
:103D5000B188658F651D0E85A18251D2EA72396CDA
:103D600060493863E8529443D12C6269912017313D
:103D7000253C84F064344C62293E9624B503D682F7
:103D80004966DE0EFF3A94955EABACF4BA2C2B7903
:103D900049A6A8A53A6BBCB6F9FC86973FF58C30CE
:103DA0002247D19EF91B195541513E2C9E8CE7D1DB
:103DB0009191888A974040CEEAD1EBE2F6505D3986
:103DC000F7498F8C4EE5D0EAADB1B4DBE393AAF2AC
:103DD000D432A5AA395A65556271FA975E51601EB0
:103DE000A9BD60E88680B5CB847DE230A9C2C22B34
:103DF0008E8175DF15F61662D0D645D0F3C9CBBDDE
:103E00000CC464A0B537BDA7A8541B01B71955CB86
:103E1000F041AE9522FCB5D2F4612282EE4DDA0B70
:103E20000F5075B5311B352C3DF630D0D00510A4A0
:103E3000E90589DC28C41609E501AED788E48D4779
:103E40000153652A9BF327310FD01CF99BDAF36CE1
:103E500006751556CB34D5D1D748F6568AEFBB3602
:103E600092C53AA11D59A03B09D56AA3F000B33011
:103E70009B475652163199C8EFAE7656844079DD8D
:103E800058C2551B297D81F47CE9157DB7BDA22F51
:103E90001407C28A341CE4D5DBB23E4C8A7869CC64
:103EA00026282AC4DAD8D4DDC6F89D8845C9AD8D48
:103EB0003FF51F151D4A51E366F4E7BE994FB4B4B0
:103EC000CA970CF6F075BFE9B7E91D501BE66E27DF
:103ED00079AD1FB4DF2535287286E5BD1166ACF9D2
:103EE000367B3F59ECC603E9508146F8605AB45B13
:103EF000FFE47C621DF9CD039C477EDA7B0073CB27
:103F00009F9D97AD7FDD0E61BEFCE7F997D705CD8C
:103F10004C555BB8234F089ECACF103558C6BA2EF1
:103F2000D728E6CF8C5C669AE687BE1E7D7E932FEF
:103F3000351FCD70F73FB15BA7DD3FCF3470AE5179
:103F40004943BEECFE3033E26BD132E724ED02246C
:103F5000DCACCF3A552F8B9D7F299D0F6338B1275D
:103F6000BAEA5465E204A177FD175EB762DC978375
:103F70002DCC49A473874CD9CAF428DA35A0170987
:103F8000356FB032147AADA264C6A1486055437152
:103F90006BE688EB72E2EEFCB6FE02A17E829B8F9E
:103FA000DF8AB25C5B4745D577C199EFD0F1809944
:103FB000755812C69A309FF52DFE42C8EA55D0E3D7
:103FC0000A9401CB99382CE754B111C9B5C88800BF
:103FD000148190077BC625781F56087BFDC8FEA07C
:103FE00003B0BD16FFB2F0C71BF743DCB1ECAF273F
:103FF0000CBD695EA71FDC7E77B923BFE04F0AA71F
:104000005FBD7CB96B2FE1D1672F1F05B7E1486811
:104010002FE10A8D4B2238F0710CB5C9AF33229ACB
:10402000B941F0E298613001A78D32326DDDA2B165
:1040300054ED1A1676C4C13F1664B8200938DDCC99
:10404000424707820C68B969D6A47FC2A764988CDE
:10405000C5B02DEA0E0533A24F19C7A91423114686
:1040600054058F5CA26780772911844DE608C2262B
:104070005F4910A6E46CD69919F01172984D2C87FF
:10408000D95039CCCEB4DB870A89493D8759EA3902
:10409000CC98DF4C86CC8903E91C119DF081FF1C74
:1040A0004B3147D647FB48BDBBBA8D1365289CD220
:1040B0009CB58891EBFE3AC7F5095898600446F51F
:1040C000DA1DE07C0E1C6886B855CA2242C91C5015
:1040D00091F364F2909B123604F94BDC568191E423
:1040E000405D2095AC48B4BA31118521AB38FA084F
:1040F0007233141A1A6F86EC9B5565C96D6487BFBD
:10410000B406CEA0A2DFE3CC781E9FEE1B6E374B29
:104110002C15F73F3A2C520FB8F2B55E0C777ED4CF
:10412000F5E35EBC6FA27D5BC15A6E412B1C10A5EE
:1041300009841BDAFD51105FF81BCBF72C414C5C56
:10414000EC86DEC8C60250DE6536B39AEAF8AB8468
:10415000D529AD9849200F5362B1AB38D035C13263
:10416000CE28EA12733EAA460B09E3B114EB4A2D9E
:1041700033B5758343BC4B644C6B3673F011BEFA98
:10418000695755EFFA2124242CDF9244EF3436AFDF
:104190007F7075356DFC5E1F1E5B3EEA5F0A5D6CCD
:1041A0001A902F58598E6E46F69AF94AF8E8A19C53
:1041B000A42663089B5E68B52D215011F79533D86E
:1041C000650C4CA27700198E1D1CE8EE65788AC13B
:1041D000487F5C5D7D56F6764BADAC2106ED2EB585
:1041E000C5F55B181EDD800FE6CB678350F2E8EE65
:1041F000BC7F8C5DED23E1890C1D8F4738BAC1204F
:10420000D7AD0B19469D01BF27DD4F141F8DD0C5BB
:104210003F10ABB61C333D1F4270F860164E64AEC3
:1042200087DDAA4C09BA901CE36276E4AE9490C78D
:1042300073B5665C01B04C556586F426B707ADB919
:10424000FC4C7B9C7311BA60A3D8B6A5D82C0AD3BA
:10425000BE0D048677562CB2A539C7C52F8771D0FD
:104260009C4EC799345674AE1F1AB3104EEC674A71
:104270008FF44A756BE7818C2D710C20BF3F93F74B
:10428000268E46E753E3599366B45343FA622BFBF9
:10429000BC6F99E85CD82172EF6F35FDAB23934F6B
:1042A0008975675BD605A760FD6814AC34E05B5D7B
:1042B000D41A99B7540B407B5637880E6F5711CFDD
:1042C00005698062B284B0B107B05475D58B84198A
:1042D0009CA5C1FBDB783F2EAC53127C5C03DA2C2F
:1042E0006B3367A7F0FC590692B1E57EE3C792FBFA
:1042F000D182DFC93FC546A39654E4EE48D25D6043
:104300001029C91D8898ECA05C895C2B11F8393103
:10431000E21C1D9366565F372C1575B8E043B61B3B
:1043200031425CC43C74D8978927F9B256F03E37C5
:104330009CB617DC294C16400D74053ABB0717389C
:10434000FAB402904A25E5C1D4FAD3D26DB5AE5184
:10435000F20A304113040085026B603696CA65B8D4
:10436000A2B9E8D221AF316AD5B6EF7737744DF5EF
:104370004746092975EBDB9575E070B7F43288E89C
:104380003B40163654BC9C04E0DA3009BFCA27090A
:1043900068168446D105A835CF7DAF89811BE847D3
:1043A0004915E44C4E485F95CEBEA6F034B9BA65C7
:1043B000EECAD43087EA35FBAD14016E5869C9A541
:1043C000293D6417DE3ADD820B5B8FF809FB3BC4A5
:1043D00063F3E42ECBD94C4DB51EEEF371B066E11C
:1043E000366DBD50149A79B817382B95CDF7DE7D10
:1043F000A9300610E844006226073F9F14C8616F89
:104400005BFF2E37D107B24A1AD48A4D45DF67DFEA
:10441000FC28CA383FFB7B064355CE9643BA1B683F
:10442000FFB5ADD88E551508772D570FCE43BB1C61
:10443000BF9489A47F01717811CA7B9AD392C0A0DE
:104440006326A18B88DCB72E6B5ED7140F30674DC7
:104450006C09BB76E0B5D1C61AFED9A4108C0E3E0D
:104460006CF04297543A5372F4C8E635B1CCAC9133
:10447000BB0A2CD60F4392F96D437AAB14787E7D3C
:10448000827FA3A316F44B7271EDDD09A9703DCDB7
:104490001A77F849D3AFB54EDFCAA651DAAF6065D7
:1044A0009D588AD9704575D5EE2AB470248618FDBA
:1044B00050619CEDF9C5962D78EB964D85CE235A2B
:1044C000407F48F3EE4A57348BB578A8FD2302E0CD
:1044D000247C7F60F86794BAB2A7C9BD9F92253A41
:1044E0004320995EB1E0E6A5C9B3A2F19D75E7D47A
:1044F000B1CB9D91AA2DEBE73019AC51C365E40E09
:10450000F088B5AF4DBEB810CD443F7376DDD78A85
:10451000F3EF1EEBBC6F15EBBA953CD42DA4F26300
:104520000B0D11D6CC3131162B2865498DA40433DF
:10453000C15479CFD96547C5134C10D10DFA2DC59B
:104540003C795C7CC2FD6A7E24C1C82B9B126FCC77
:1045500020335783A69C501C1A930B3E1B3B6E7254
:10456000CB6C687811221711828A4628CAFC612414
:1045700058093CBADF9AD68BB4D336AE3B89A7DD57
:10458000E1C0AF301EFB6EC0B06E183E79625CB207
:10459000E72759AE934C67932A10F1E18386A480F4
:1045A000AE81A6A8360707D0E62F18190A4B554149
:1045B000F83219E0305B953036934D72AA780BC112
:1045C000B5FBAEAA8D87621577AF0B9B28329EAFE5
:1045D000AD49180E41E3B9B54696C9FDA00A37D6D4
:1045E000C17725074A2132A0049AC98C98D0F3B02C
:1045F000C4544E75E16FD71F69E1BC59846C38FD16
:10460000398F492762C125B90086991F58CE6B386A
:104610001061E0ABEA9C1013664BF649710949FD45
:10462000907147343DC815E8C0BBEF5D1DCC4B53BE
:10463000E7AD8873DB3C16E59BCB30449BAF8A0D1E
:10464000511E11DE1E1C51332F7A4905A5A683F792
:104650002C2B38E08A5344689863E84451A7A6405D
:10466000F6A196925EF163DF5CB6258FBAC39160C6
:10467000816ED5AD4A693AA2FE998A73E7954AEFF1
:10468000A06223C2958952AE5315647DEE8525E163
:104690003493A988F3B1D442CCBFD40A18F6513967
:1046A000246B4C75BAD87CBA6D4C1FDED34F9D6914
:1046B000C5822139DCC5BF053F6248473063A3C9C5
:1046C000CE250053336836B0FC611BCEE85D6FD455
:1046D000048CBB6243B893F2B42696E2E5F62C68EC
:1046E0006B05944C8DA0921A894C80CB88769CBB2C
:1046F0009CD42F35D05CB8A6EC6A8F240240605859
:10470000780F6185D6F6DFFF8FE07310C4E3BC1924
:104710009CD3DDA23E6E64146A7D3D06F7D711007E
:10472000C835EF433C6FEFFB9DD1A7731C578EA696
:10473000984BAE4A08A9910F286A771F4A119CED41
:104740009A95CC5D908E85944922712F48F9F09707
:10475000424A0ADE2EA5A48072B490C21F35BA3632
:10476000A730E78E7D4F14AFC55A083147BD6BAAFD
:1047700048856DE1B98895E6A9F0C89BE683726F1C
:104780002EDD9B20E11B9B102D5B4868C5D2EA4FB4
:1047900007C3855BB8AD4C577A1B5B289F17DA03BC
:1047A0002419A5B63D0DE85C33B3C4B69BF6C4A48A
:1047B0003EF3E5D392173E8FC56247D54AB176B234
:1047C000FC7E12F2563EB85B7E10374B1533FA82F0
:1047D00051D3260477BAA4582FA5880B2926961002
:1047E000BED47D55B94D2C377C757EA4758F8E8CCB
:1047F000CEC371B9DA4AC22936684566C73B77F736
:1048000097472815F49D414DF8A0CD076BFE811404
:10481000CB07AE8AC222AF66B4594E8BB772D305AE
:104820009BD56B0ADF458C6BD5A943C422F02E7F44
:10483000E51994193873DBFD176864BB3FA3CC08F6
:104840005365C638084599D10727E0D598A06B7DF8
:10485000FC87FF93F99BAC7556111B992A4180CABE
:104860009B3AC767C76105007E81FDAFBEF4ACCA45
:1048700086F3F095F940FCCA61FDB80FF2DB0D69D3
:10488000A59A6B1D87549A37AC331ADC410CD5D3EB
:10489000A4567F1A2C554D296992EBF76C19E7D96C
:1048A000329602FDC42BC30E9E79D1B61D61B8822B
:1048B000823E3568894A9CCAA7CD008E5BD2A7E2AA
:1048C0005E3C7763DC79FE2B5BE0A9E0997717B05B
:1048D000DC5627E8B46870B637641C1E23D8D902AA
:1048E0008D553A0B2E215AC0810286E1458298618E
:1048F0000B0D105AF822929F624FD2EB0C6A13698B
:1049000034B46DA3CBC9B9D9BC0386454E40928C53
:104910008EDCAEBA1075CD2F7BED64AD33012BD29A
:10492000AB754008B50ED895E44567A0298320AC47
:1049300075C636B671294E3BC09575F28A7A43A783
:10494000A6C4122250FD483597D45B7263CEEE06A2
:1049500013B07C0C707F844E341606DA54BB47DAF1
:1049600086498ECEA43E8A479882E8C512162EFF4D
:1049700081590B823CC66BEC89570BFA3464180BD7
:10498000A734D5B60413330251AD81F282C368C196
:10499000FC0DE25A43FF2E348EAAFEB470092BCFD1
:1049A0003D33317F0DF566468789FD60099BC17DEA
:1049B0001499E587A7A7A79235A6FD0BAC14E9309B
:1049C0001A8B2F0B9359C3D7D8AA48651DB8EF8F00
:1049D0006CB107AC5A3BE62664C0666DD9332F53E1
:1049E000A9EC7801A375FC22CDE9E470E5CB4AF887
:1049F000251E610174B4065F25EE383A1909C9D144
:104A00005E6586F61A8128CE1FF586E031E300AE9A
:104A1000E99BFB5210A6343B7BEA206A59C5F2544D
:104A2000B252C634AFC149F5F9F3732A6A9BCF6914
:104A3000DCA3EF9F7FE9E5A0F29B799E07AB2BC03B
:104A40000EC88400D6BDBB93F87C48E4EE67B17F06
:104A50003F63F3DC000D30148317EE6009B99D61EC
:104A6000A2BDC1D2217439FADCF0AB329C4AC271CA
:104A700040E21BC06600E61378C7876AAA6CC6A529
:104A80000D891D7E86936A4E34437B89F18E716554
:104A90004C7917ABC83A351733B33EC153C1E16007
:104AA0008B38F6E013DDCBCCF54D626C579C61D8AA
:104AB0000021613B74F138CA1B64FDFCF7FF676994
:104AC0001DBF0545CD7145FD82A9635CDC1CF3FF6C
:104AD000A2696D42F7D1167A2D1B4BD0A67729100B
:104AE0004B11B81B8611CA542FD86AEB7E4DFBA719
:104AF000D22B8918E6BA466B4FDBEF8CF562317F1B
:104B000063438467063465ED1D575F6B54BFC875FA
:104B10002DCF63058F320C704973A3C9DE0D9F063C
:104B20001BFD82FB053139428FF365649C99065B5E
:104B30005E1F2FD586CAB3F020ACD92EC2FEC4DECC
:104B400055F7F61EB7B3C14F6846023B9F0B185886
:104B5000672417F3764A8D55C9903B6A50CE703161
:104B60008C6C439FB151C25B2C2A5FFC9249CE6E84
:104B700087F381F8262EB44C358D84339DC36EB2F5
:104B80005942FE60E7C8D11785F609AD6122983A0F
:104B90000DA1E29B05C265A8ADF2144F689131DD0D
:104BA0000ED5747B747E70EE0C2FE38E26BD1CF048
:104BB0003EA8813D71966B22C2737BA91393FA6A5A
:104BC00090B8CF87779F3043EF8419CE9E30E3CEE5
:104BD00070F68419CF1E1BE3E213C694D2238EC352
:104BE0009586BC9E741DAF8C5C8B8EB3C135C6316F
:104BF00069AD74239B972538E998F42F7BC1A8638E
:104C0000D3C17B8CEBBA22B8C927014B5838A92EE7
:104C100036F9EB7C61C45F27C1C8B6ECB233BEEB9A
:104C2000A8BA90D97F0573D364B9694C9CC0CB4BAB
:104C3000F7B2CCE485E539C8505E304A6BBDF9D592
:104C4000575F5EE2E8EA1F816F7BFE4C7F8353A8CB
:104C5000D51B8D15F3D43C328D39CB1C007608F36F
:104C6000E7E1B99C8759F91C4F490AE86EEC019CB1
:104C7000C8491981022E0E11630AD3F822644458E0
:104C8000E1C6E54438936E526637E83616C6AD7114
:104C900035350A0B3BC385CA182148C1968359AAEA
:104CA0003558010E4494C5B6779EC1C40BD2C320BB
:104CB0009137143A456B4BE63DC79B79964D1E9351
:104CC0008694A79212648B6333995D32836D8A3A1E
:104CD000671AF7EF1CE12848DF5C6E99DB3323DFAE
:104CE000F6ADF0F0F00C96ABD8A4B281F9DECF0FA0
:104CF000CCB77561A017CDBD767E68BE770A3176D8
:104D00002298AF04C6C84A9E8C076D45ADF4E98A67
:104D100078E2BCB034CE8FBB522BF0275C76748324
:104D2000848B2B5C6919ED6D7C950DA94781013D44
:104D3000424CE7737EFC4B4B5FB4652416F43C8613
:104D400075654B1A81857DD23E0E7B1FCE84056929
:104D5000994B60FB182026FDF1C218C6629793D6C6
:104D60002AFD4E66BD544E8969618511FB31FC7B7D
:104D7000E16A3B1A206418C474842B95DFBEBB70B3
:104D800075D6E149362DE3D33396988C08AC098B60
:104D90003E800211A0004E6D2B4F9D970F78A77299
:104DA000D66926E33E240D02CAD68772B606EC8188
:104DB000A606D9F220692897CCE6675A0FA92CA33A
:104DC0006032804465727A79C19F2AD0185D022FC3
:104DD000204A5B6E9C887E49F5DC6DF3F53B7730AD
:104DE000C65D447443381E87F08BEE1820AE39D56B
:104DF000CD1BFC7521B5795E88BAB3E79D05056EBC
:104E00008AF032079774764E896E9E77A1EEC36B57
:104E10002AEB2E558052C4091F94482B456E867F7D
:104E2000EDD08205802C26336CF8D7DE4E04573C3B
:104E300065D2B80A5366685A1CA2F0BDC48D3E34D0
:104E40006769600ED0C09E99813D268F1C4F143239
:104E50006C5D0831C6FC70D8318441B1700845E101
:104E6000F1842DA88AE301F927384A707FF398FF6F
:104E7000FE8CE0A613DDC967E7A45C058D03E82C72
:104E8000D94C4607CC46CBBEA71C0D5CE02550078D
:104E9000A3E440EC952147AB65655260414416F5AB
:104EA000357716EC381B222E93839EC2315479E855
:104EB0005D92543646EB76C9F6FD02FC33FBA749FA
:104EC000F54B73562F9A0BED225C4628A0FE48A1A5
:104ED000F4FCEFFFB84033D8113FD7E37DD15E82B9
:104EE0006D01946AE3DA3D0986479D01A34A8E3B32
:104EF000B322B200FC876A7F52513258585A51D7B8
:104F0000957E186D9B03A49A9C3457466183F8954F
:104F10000CE2434741FA93DBB06F95DE80580E4FA9
:104F2000CD1EA9513AE95B16C28322C7ECA66131B6
:104F3000E55857C90446FD283EF5E404204488CED0
:104F400086557377B342B6C8330FF6035DE68848DB
:104F5000C240672989419955D3E575CD94E445EA66
:104F60004CE52F5A2585FD684700C2FE65F579FDA1
:104F7000C48D92BD5032DD80F13FB664CCAFA1DB71
:104F8000AD13B90DCA551DEB1ABAC0D3D638B86ADD
:104F9000F582EBA5D624F8B4D41A2222E82469C9F4
:104FA0000C07F042690D8263CC646B5C9F806517CF
:104FB000737A51F73D701D4324529DEC07DE645710
:104FC000FCA1347DCA5D9CAC6BC0BD161C4575BA96
:104FD000E038BFA60BF92B8D490E64864197687E99
:104FE0004563384A937D629CA1CFEA4D4A20B807B9
:104FF0009040AC7C2FAC7348707109CC2F089E2870
:105000007D31E402FAC70B444A07FF08A15558BF97
:10501000E2F588193BD29019A17C1F20EC29FE41B2
:105020009DC36B0757DA2ACA50AF6569C32012CBFC
:1050300036EC9A6BF2D392DF9CBE6D0C326B6358E8
:10504000A6E8526F29F3104C5E51B1FC530DBC978A
:10505000495A6136390AE4BB6CB22605AEC4EAD1BE
:10506000DC56E2467931824424AFA96060EAB96433
:105070007109A9986CF773A9A26FA9A2ED8BA8E892
:10508000307231A21AF754DCF930F6BC869CDA3B58
:105090003E595EE6B87521E6D6FC7DA8B9A7F73A79
:1050A000F01C9742CD589838D990C520F155AA796F
:1050B000FDF15C7FAA424F2AA0EEC30D3671229407
:1050C0008BB3235ED6532D35545AF6B4418AAFF1D3
:1050D000CF9F85D5BC6EF137B5849A46AF29625B08
:1050E0009036856FE737C069167F530BE490F29ACC
:1050F000A0FDF6C64332CC6FC54EFFE33CE7E8198E
:10510000AB8B548B0724C642EF22A323C769FCB1A3
:1051100085886DE7FCC75EB1BC4B2952979B387000
:1051200061B10109D0B4ED713833C57658AE086865
:10513000712CE748D5DA28C06A60FE9CDB30C36773
:105140005BEC58A103E7BD6F7DBD58EE61B100BEB9
:105150003556115F6EB5AA573FDFE401B9BE190F8E
:105160004EA85CF69DF5C49EA63A634DE3DBDED8FF
:105170007339F500BC4EB64E161682F73916D8189C
:105180003B54530D378B114CA8F9FA625F5B6C3EB0
:105190007F74E3AC7C3CC3878AC82E93B09A357089
:1051A000B04AE5E90C68C22F65E9DB3E8ADD928FE3
:1051B00064E058FC8DF3C1A587A098E5CCABF4D290
:1051C0008C2AF6E084A4F681EDC7CCE9E90FEFFD67
:1051D000082D9C4768E1ED849692DA4BEBE2972329
:1051E000B4F9C2CCFEEDC1793D318098C9703D4E15
:1051F000CBB988BC999B42B67B394B218AD97000C8
:105200008823A0A230CCE9B19C2AD96E9AC794DF3A
:10521000C99983641C1BE7DF23FCB6AAED4827EB82
:10522000EE68C005C0D4D86DA77CC74D679AB12978
:10523000F955EDB89818654C2DDB18354B41709237
:10524000D5FECACC604D7DAB978C7CD8D714D5F2F7
:10525000A631412D6F1753F52D657E97829C15D091
:105260006F3B70A1B3C019D34D0F592414DF048BC9
:105270002F8C49365BE47457DEED2AEECCB131A4B5
:105280009E29F145982AAC4492082B6D6A8CD4185B
:10529000A91FDBB1D35785A2A48AC1ABF5A1BB027C
:1052A00033D98E52C628F2D8A250A47F56A7B1D6C1
:1052B000811832947FFB2C110FACAEEBD45ECC077F
:1052C000296859E0A6B180C26E598572FA90598852
:1052D000B8F953AE43361567746C15275031CB2F90
:1052E000DCF645BF95BEC74B30A7E5D3E160F46D52
:1052F000FEAB014763A1B160BE649E77B379440100
:10530000875C928737E7822CD03CCBEB31EFC1052D
:10531000EF17CC7BF0A205E58738E3F15204064590
:10532000AF17E4F529A8CEBCAE386DA519FF54FC23
:10533000821B78C16C57DD468BD9445127AE21B70B
:105340001715D94BC74C01FDA12920C9DBFADD5245
:10535000262ECBE98EEF540E4B2ECD7494FCAE2945
:10536000DDBE1151F6E10CA12FF09A3543FD479DAA
:10537000C3822551F4F1515AF5026B8E8CA8C1AB52
:10538000F9459237D92B6C49EDB7B4A4E6B70403BD
:105390007C9710AA95D1EAB57C05A58BED0E78F324
:1053A0001FB7BFFEF1EDFEE65E67752590C7EFF40F
:1053B00011027F3EFEE1C7AFD7F737EDCB3F7CA7A9
:1053C0008F78B9F15D87B1CDBEDBDADBFCF18F9D63
:1053D000657DBFF97A731B8ECE08E976A3FCEB8658
:1053E0000D14B2B35E0E269F2E5AE59FFFF2773F53
:1053F000FFE59F4B3FFFE51FF10B0151C01679D927
:10540000340ED885E0FB5A8C80538DF9198A4858A0
:10541000645EFD346457CCD0C3FC794564EC461D12
:105420002756D49BAD7D2353FBE23D6A8748F87233
:10543000F2CB6A5FAA2BC2BD56FE4A99D6DD4CCD8F
:10544000BBD99A5F1514AECA6C05F2D4486AB3D5BD
:10545000C94712A182B8DFD2E95CB53B996A777E71
:10546000E76A1904517A1BC589ADD80AD3F7182AFF
:10547000C7AFFBCD41B676CD28085E6944470DA481
:10548000DD4ADB63036747039D0E9BDE97A01DC4C7
:10549000230ED9000625B02DF83A3E265FE62AAF46
:1054A00094AA5EB5FB22F753100DD72302067B109A
:1054B000A2AE1641A01CE30368241A4469AB2A6516
:1054C000CDD486F2CE044FDC55BA7867A50EBA6CFF
:1054D0003CB8A562568833D50DAFA22D7A15ED677D
:1054E0002A72ED75455D5098E94F1FE62D28B98861
:1054F000F09C4401553B8947312B13D8795BDD9EE5
:105500004649F1AADBFBE5D50989308A8423CE011F
:10551000C32FA5C461FE3F5D88299E6349E2CB701D
:10552000650E11A8663A95FDE5EB37DF6F627FC126
:10553000F50471241079E4CD0E433320A212019CAE
:10554000C6B6983D780E8C4F2434DB137AD22AB03D
:105550003C820BFE4162AB337A4168A99B5101BC8E
:10556000F1AF7AA3C315E12264ED1ED44B8C9602F1
:10557000CC1E13EF2490584AFCB7B1BDBCB40F2227
:105580000172EB7060706DE10102A8305CC26F22A5
:1055900044BB3828071F5AE5F147B6F09411531A57
:1055A000FBC25AB7CA9BFAEAE347068C4A18047B47
:1055B0000A54A453D3BD5777744F9088735DCC4C75
:1055C0002FF154D98FDD039966212F9FDC70CF24F2
:1055D0004670FF373577A4ADDD2D6AEC96062A6A52
:1055E000496CC153DD9B888108E8AE4454AB5B3BFA
:1055F00041A6D1400C36CAB4BE69F96F691B029F3F
:1056000048E310E1C5B44E37FB980072DEEE4FC898
:1056100064131C70A0CD1CF8CDCCAED1CAC65BC043
:1056200016EF21D6DA9F41EA801A84E270E35DE941
:10563000E7FFFA7F2AEDBECBB4764F1B7B6C5B2471
:10564000EDDC7D97ED0274ADFA62E35D51074E4CDF
:10565000075EDEDE0112BB8B5F789F3EBC441F5E9F
:10566000BF34B8416C78DA8F7FE6CAF5BAF1FAE553
:10567000EFD08F4BDB91B7737BA2A1F42C42706605
:10568000BC833438235F6FBCCC4CC0DBB933B05122
:10569000D8F4DF615E2E94EA37B677D3DEE8A0CF88
:1056A000B01527D225793987A198583C4BCDC450E5
:1056B0007D1241B88F7F9B44DE66F86FF60BE8875A
:1056C00017A66734E434F1416DD5B13410EFC19EB3
:1056D000425BFA620DFFC87FF2C4FF3A707B92CE44
:1056E000210322FDA4E384DA6CEFB5D3A8383B1C78
:1056F000180DF49BFA13E9F8F69B779BB6E712BDF9
:105700007770CBD950D9DCA9E2693460B7B8D6102C
:10571000E228334D5B3B3395492B90CF8E3D6BC7D1
:10572000ED462A47549EE2BA91BF24B19311659683
:105730004307F551BE31D55CC577F5BB51DC94C943
:10574000E5B13465FFEDD77735E5E7FFEABFFF2B1D
:105750003706E13F7452DEBEBEAB313FFDC3EFD52D
:105760009666715BC0B8495B5E6EBDBBB32DFF81B1
:105770006D09C8EB0DD4FE469431E15FB175004D63
:1057800033E47B2B05692C44399E6C33FF8A8D9260
:10579000D0794A4D1BEBAFE72CAB3D137B96C0A8ED
:1057A00061697B6BE7C7AD1DA01C6EAF7F8F1F25A6
:1057B0004D41B92689DD1888581B5F69BCDE8A8097
:1057C000B1EFBCD9DBFEF17B2C0FA9EAC7EF8392C6
:1057D00089E46E429CCB0C0CAA7356A7365F2BD77C
:1057E000B45E6EC56A7BB2EF18F9DAFBD4F6BEF090
:1057F000DB9997309F9A336A631DB23D335E5FC376
:1058000032C45E7020A55980567C54DADF6B65CEB9
:1058100012ECBEFB9B074169AFC19F7B9B78602068
:1058200099BE5CE0782321DF5BE5597815E6D8F670
:1058300037BBD9B3BD610F11D3BA5D6DDCB1346E26
:105840003C91C61189797EE3F6F6671A272D0A4A3C
:10585000FB0DD3D24CE3EEDBB4FD5B9B46F8536902
:105860009C425A4AF35C20B7B95BB89A4DB0150513
:105870001161EBA59DBE8D4081986E38B718693EC9
:10588000C55D1E98C0E55C51EF78ACBDC372BA69C6
:10589000D491953095FDDE80D1BF037CDBE2778C1F
:1058A000FC3E381D63799576D7BFD9DA592F555C00
:1058B000576325D4B86A825A083F3BA2B43ACC8CCD
:1058C000C13BB716FD33FE5DB328552BC9BD39CAA0
:1058D0009CB6091D855D346F330088E10A5950ABD1
:1058E000A184AA11DD35A89D964BC58CFD686F007B
:1058F00014EBCA120290D1590A7D309F2D05502613
:10590000F0DFF0BAF54C3FC3AAF78E768DA12D5F7C
:10591000C2BB6DDEA7CD25FDB64FA35EF3EDE6E974
:10592000693FF19802758125CCAA8D9AC93858FB38
:1059300032C5962FB0794828407F153A119CD32262
:1059400032D9E086C2F9974D841CBE8DF3804F2476
:105950003889016BFEFFC9CC2CCF1DDEE53B660606
:1059600068C5F33E6D7CF5FBCF0CC4803233F4D8B0
:10597000BCEF02366154E02731485D43DDFA7DB566
:10598000B7BEBDE996D4C0B7DC6B933DBDBA8C29D8
:10599000A5F17C2C4A6783B1088320320ADD42BD21
:1059A0007D514A2DBF729ED167377E4E3F252361C0
:1059B000CAB876AFBF379302807DB1ED9A3F37CD3D
:1059C00067BF76A5CAB13D3487B6E5BAF625F89427
:1059D0009D84AFD51557D87F09990D4CDFCB1E0D8F
:1059E000A94E4A74BE2A55F025F6383558C6C173FB
:1059F0007639B0217C8C786286911E328E3D42A62B
:105A00001CC307A2B4B963C49E880208E60347FF1B
:105A1000D60E22EBD04D86E17ECC9E29BB2E2C00EB
:105A20001903380EC87A7307C69F26BE6610AEA843
:105A30009FCF2DF1FCC279CC8D3F713E8B93495E97
:105A40002E4A66DDB9BB944D6FE6EF5899C9A75B46
:105A5000869BA05DE70A2D23AF11BFEC5A5F5CCC9B
:105A60008DE4A4F83AF2432403D1F26E0BED1F2229
:105A7000595D205CE5C640959BC5EB6B571710C37D
:105A8000009B2DAFC593CC0A38B277EDAB5065358E
:105A9000BA20B0EA248E265A1478DFC04D7B776F87
:105AA000F39DC90933AB3E63A5F57359BE7973F015
:105AB0002653189B981590A090A2DB2DBF2CBCF507
:105AC0004A1F6F5977EC9F1B7A370C66E3521642D8
:105AD0004F08790065F1C1EC59F2DA6C9D51BA4D6D
:105AE000EFC8094E421B99659CAEB2A6ACB2862E99
:105AF000CF554CC734B5B844E1B05A03EBBE5FF59F
:105B000034A8F06AEFC2440F70F8DD2E2C14070E93
:105B10005F19C6A102B9D176A2C3C3F285A06B1FDB
:105B20004186D882B1DC39386A9DDF6DC67801AF15
:105B3000CDFB413F90D260D42893AD815CCD108BDA
:105B40004117AB30FA7C834690500BE92C4D60E056
:105B500085AFA2CCA8EA8094837330D878797AFC98
:105B6000F8B118602ED11A00359C760DE2B73C00D2
:105B7000E6BB5FBF44D84FD886B0C5FC49986F5A82
:105B80008754AB6A5606C0FA49A6C6EC02AA56DD8F
:105B90003CF6EBFAC3818C5F308C8198D1265D4E48
:105BA000CE07D6F1C14C0F47147F036642BB3FB40A
:105BB000F82A8E10950A75E28F948F9FA364DA629B
:105BC000F4983B0B125A910F26320AFAF3507BDD00
:105BD0008539A4563138C18C4F5B738B4969C47EBB
:105BE00029A4D2A7BF51B7BBD0E87F254443549422
:105BF000EB6E978F522EAC050C0CEF60F2757C4D5E
:105C00009DF78307294540D536986C40AE2F26D1A5
:105C100036C87164FE4A94E4B25C0A6075EE82870D
:105C2000F53D7864186CED286C387CE70C7A8E6052
:105C30004B70B67B17FC17A70B907218E278D27ADC
:105C400016088078EB661A5C0D09363FF54B42C0AA
:105C50006ABA7AF9C00A37E8C5B4EDB46B68300C9B
:105C6000652534332907BFA183313F61261903AF6E
:105C7000DF839EF0FB49BB004430838F5DE766669F
:105C800051250CE33BA9E225E60546AF32C4B0043A
:105C900029C39E72549C5F484AACD090C5FB4A57BA
:105CA000E1C5199D394943981A92AEF51B0F3DC7BE
:105CB00077040280A7BF359549FB9C455C97960900
:105CC000EDEE48D81922B38F13E70F09A5BB5D8D00
:105CD0009CDBC184BA0B78E8D0E997E6043B6FB748
:105CE0007F44588E7D98347742CF0EE710A1B621BD
:105CF0007D7691B8BDF9458DDB7404A4674155E00C
:105D0000CFBDEFFC97207D0DD84DCC8ADB33ADEFB6
:105D1000ACBF7EF30D6DEF239B6F30D9FD78419FB3
:105D20007E8C6F92F7F39CD00FEDFD175BC04B019B
:105D3000CEF7B4FEE8E6D9E39071B8A23939FF3066
:105D400093332ECC59FE62EB3B9813AEAED49A5FE0
:105D5000C2E0C04157A011668A06F9EF86FADD1F3E
:105D6000FCEF821B6E8849C06DA805D3DC289CB46B
:105D7000E260F4F182A6DE10D48D6107FE51FE0EC2
:105D8000ED0284D3CA3A12B8D210CBDC6C1BE52FDB
:105D9000B6516C137E6F83D6FB2FB60592C8750380
:105DA000BF11E822051A18F7FB0721D0524EFAD787
:105DB000594770BAFA21127685063567138F1E90FF
:105DC000D0F1F7669458CDFBFF55B43570B45B4500
:105DD000C8A2AAB8018A114DFD5C4C87ADC97DDF10
:105DE0000CD042C3F3A40EC50C6B5244C686BE4908
:105DF00078C66B3E5D413C49429E24620C239BB9B0
:105E0000FEE2401E5513358C53BD1988E935B74065
:105E1000F162C7C38EF819567594435A1A8DB98F1B
:105E2000D1C9A965092F4B765D685D93329596B807
:105E3000C14CABF9D58C058C79FB45957ECCD4CA89
:105E4000E24B95DDEF1880D72F3D64E93A27D9D290
:105E50000D78911466C88256805A98CE066923DB65
:105E60006AEB6B9D8EBEC419A0C2C9DF3117FFF665
:105E7000E061A5F2C349ADFAB2DAD51FDFDA1FDB64
:105E800095EE83FDAA7DDA77C9F8F568118123FACA
:105E900004B41AF725807865F1C7C5334612B035CA
:105EA0003F08B9A719CFF4E52E998BD6F3D595FE07
:105EB000D32F1995A3096CB5A56A6D79D53CAFE8C8
:105EC00033ECD7E471551F1BFD65797CAE8F25FE41
:105ED0006E2CC9436663C426160FAF0CF6449EB4FD
:105EE000A28E6516184CBA6A0CF7C4F02BB2C49A8D
:105EF00071578EB24144D21EFE30A9691FB12F29BD
:105F0000B9266AE87FB0F77693D31033C6FDFAEB73
:105F10007D7D3085DF80057619E89E3AE5371CF7F0
:105F2000C53AA54015385D65E3FEC81CC56E0A1567
:105F300004ADDFBD410C275CE145C59A86F4D14034
:105F4000C356BD2ADA56D0550BB5F6A753A9E8B00B
:105F5000B670D4C5C43D4AEB732D73E17062980FDF
:105F600022DA15D7790AD0632C586171E6CE05F391
:105F7000259BF21E375F860C9368CC6C10AC002713
:105F8000CA7A3FBA3966F00B59068C82CD1E67CEAD
:105F90009A4C398F6ED22533A506C7861E8B19B849
:105FA0000552BE1FBFFBF68F583E185D80398967CA
:105FB0009217FB02415DA669781FBBA2C169BAF1C5
:105FC000D3C5BDB5032014FDA9675897D582133CEE
:105FD00021EB366D45993DC0BC0B33EF707675CB28
:105FE000E05EACD9989C4968B4CDFDA78F2DCFF267
:105FF000A736909D02FB1676E037A7EC5CCB663C9B
:106000006EA50643C827EC69265FC1C07088313889
:106010001A2408FE9F26CA497ABD1944EFA732D434
:10602000132CEB2FB664B1FE50AF1C2E2D3C3BAAB7
:10603000DA15EB53DB807BEAE1F32F6B13B8D76003
:10604000794DB02E8F7CB27B00B2E3A6E6DA13F96D
:1060500033FD5E084C2AFBC37D2A632FEFAAED9720
:106060000ED0BC066D7D272D2A6E088F8DC38AB495
:10607000630167D862735E33CCF4DFD9FBDB2A237C
:106080000DDCABB27B50CF1DEDD8BE7B16B2C3EF9B
:10609000A0315FACAE746F2E8EB1676825655C3A37
:1060A0003FC0A20022AB2FB697EA349DFA62FB599B
:1060B000FD59D9AB6C7EA7A50A57F6177042A4AD5F
:1060C000EA6213109BA8E5630B3F6D3DD880206307
:1060D000D77ABED36ABE5B5E2A558C86852617D5D5
:1060E000B4D2CAE1CBF5A3EADC7ACBEB02BE80CA1C
:1060F000BBAFB6F6F60F7E5C37FD6C696FB997BD26
:10610000C86D6525C16B34E57F9F2F5AF3942142FA
:106110003965D10607EEE67AD2923EDA5EA007092B
:1061200002DEF44BDFEBA450AA24029508420F13C1
:10613000936850FA666FFDD5062C2FDC1AFDDECC75
:10614000D7C13D6A4C7E5B8D16E9224A8FB3BF2DC5
:106150007F2E3FD2032D1B230FAEA489650D0907A7
:106160004446901C4836171A3796E3AF67DB2CACD1
:10617000488FB75BCC710FDC688B24C51F6DDFCFF8
:106180002FA43B9DB9B5406C331E802134572A7231
:1061900092A15E6161D5AC3F0A6A753357734E298F
:1061A000BA34185C134E2766A7245AA51300BEB74D
:1061B0008C35D7D8CED68EC420BA79BA0421E5530F
:1061C0006A521828ACFB72F3156F7F5D5F30D2F511
:1061D000E3FBE0D8FF8606EAB49F2E6062014246E8
:1061E000F61597205C596361B4B7C3515BE18D1A12
:1061F000B8BCD814EF84F5241BBD6EB9C7DB3CE5F1
:1062000028C78824C8DF31BC7D799CD101C459A03E
:10621000479D5EE6880B955D841F60E4E1E6F62409
:106220000211BE739C3F9DA680A81440261160CF2A
:1062300049E3199941E1C9AC418D147FF543EB90D5
:10624000582199FF3B9AA6B5E6AE3E37695FC46810
:10625000F903620FD17D03BCAA19FC930E980EA816
:106260005F46FC0BA9DA65C6ACBE2C3F5AE8761A2D
:106270002188B78A90088412802A0C6E8E5BE3CA4C
:10628000D380BE34F477895B34E7158430BA1001CB
:10629000C844B940C1A242235C8BE036D07DF5F5FD
:1062A0008FDBEBFB7FC38B4F756D2D7CDCE0ED5BF3
:1062B0001A89B7016555FC2D5D6FD927D47789AE52
:1062C000F4AAF563A9CC7F91485A528FE9657166AB
:1062D0000DF42B137315FAFC79228DEE33DA33614A
:1062E000D5D84846933CB559DDC4F0866368030BA6
:1062F000C05CBF0EB93505E8A8F19B80A5B2EC6182
:106300008D25898D45D62C7181D7240DCDB48BE395
:10631000C4F96226DE0DAFA174E661221B2A6FC8A4
:10632000E7162C177EB7AD73D4830B796B34CDD4BD
:10633000D3C8D533F2BD265C3D4BB97A22BF1EF7D8
:1063400010997A1A707E689D4C8373372EBA0FA805
:1063500001FC4A4ABF1E9E9ABA59D84CF0B5E8AC27
:10636000D85B934D5C20DBD6E8864072462DF47EE8
:1063700055E3FB08F02C2BD51419ACA1FBACB629C6
:10638000D136717559290C7C9DCEC8E4B6DED77420
:106390006E8646AAE245730C2AFE748E3D6FB9994B
:1063A00055722171B04807424286884942579D0A7A
:1063B000A595C873AA831F1C737D9C7284F0F0613D
:1063C00066BB20978F3F4B645210008F16C6E59A2C
:1063D000504D0673695C693C75EDB9C02292B251AB
:1063E0007B98D61E3CB2838FEEF64FCEFAC49E4504
:1063F0008F595A0DF7CADA20DFC5C6B3E0D0C3A45F
:1064000063B76CB95EAF827DBBE9051FD34BFE2637
:10641000A792C7B10B23E846290D226888DE8511B3
:10642000F472C8B50402BCC78F372D5C239E82F27C
:1064300031112FB066E032931E39D80E0A8E1CE659
:1064400049EF889EF0AFFEE1484E23FFF413B148B8
:106450001B7817D853CAE20D1361E3583A4AEB4F41
:10646000026A0BF44557DAD1D2ABC211BDA9E10BD8
:10647000614FF4BE9CE87483963087DEE121926A16
:106480004934A10FD3F52470B432E910BAF73D01B5
:106490000D0D68D95FFD6CDC07004C12780569882A
:1064A000C553C0E76CDB4FE01D35F1C292C245C455
:1064B00097B72456DE729F52BC06BED3BEFDC9B547
:1064C000CD89E8AFE4DE8D5AAA3949CAD9F516F567
:1064D0003638FD293CAD56DD54066EE46626713330
:1064E0009D32EFE21F0A3C6BFB41842B5E1D9CC07A
:1064F000E7CFFBB207479C48A28A4775DCF21E3FF4
:10650000DE97FD5852F5206900CD529E5472AA0FB5
:1065100072FE5FF1AAEE9F31086F5E58C4B229C2C5
:10652000CB6B63D95D5B515BF0C9FDDACA7005BB0B
:106530003E52DA36D7B795FC60F477E1827C069656
:10654000BC1ABCEE9828E4B7743E23D0D8AE201A0B
:1065500077D40B3D1B73EC512712EA930394E6D3D7
:10656000477DE5F61620065BA68E94CCFD917B0D4B
:10657000924580D1D2DFD3DC37D7132BD42F6DC90E
:1065800059274918FDEDCA7B5C53C9AF12DA86A9B9
:10659000990B0C6A170EDC2F2A91E3CDD5EEF5EBA3
:1065A000FBFA8132776A6DDE72A6A0305C80C93E4C
:1065B0008421DF2F23CB9AC844A4D3F620748D4ABC
:1065C00072808433ED4BF2ED93FCCA8C946143519D
:1065D0009342AADE06DB5C0AC02A351B2BCF569EEF
:1065E0002FAFAEE0F6D5761BADB22EEE3B6FE38556
:1065F000E6C941C46A5C4E57F854A60A544B920649
:10660000E5E5E703E83B4CEE6270CB180BABB386D5
:10661000217BA8FE2129175CE2371CE4D6BE1901B4
:10662000AE8AB63FBE3EA714D52F3E7EFEEC3DFEA1
:10663000E963D51B7F91E1985203A9E4D218C4C540
:10664000DE680F3AB795472A22375CBF38EE76915D
:1066500020FF5E7C94DF1FDBE9B17B81E6B6E0289A
:106660003EC53F93E9FB40630F0B0728E38D423E95
:106670000F5EBC789E597BC141A79222EBBA35339D
:106680009CB3661C488CB4B070E130DFD05F362616
:10669000ABA66556C1B0DEFBFC79A8F336F4E6CDB7
:1066A00095CE018367C5E8F2A77F49E1752032F3F3
:1066B000E73096AB4B8F3E2CD06597F3355C4FBCE3
:1066C000E11C92587275B8CBA173E1B0B743311792
:1066D000EF97E47819D03465509E4F08C3ECC40D91
:1066E0007D42B055DD4A0D0E19F1B62285164EF8E1
:1066F000065430145A180A2DF065DBCF0A35F035F0
:1067000005F8187712709029E6F1E34FDE3B53F35A
:10671000082BF3694329E5E4730F94029419AECC76
:106720005120A829FCD150C8637173A597F69BF43A
:106730000681530E1C4EF775457F20AD95C5DADDF9
:10674000916DF9267FAFA37A8B7A4C42F6D5A9C911
:106750000444A155BA007765583598D3E9FD2B3626
:10676000D7AE51AA6E9980C19DBC18B42729E4E127
:10677000A0E00BD5DADB8F86F868F8226E0FD38F96
:10678000D81861A00E21391AC21B9C2BE94837B4D6
:106790002A7DAB06D165BFBD0B4FC4013454D04038
:1067A00005BDD664EAA0237B87435C8C4FA4C567F4
:1067B0009DCBF60471DBC183C5F50FA880703EA2A6
:1067C0005E6DF1D531E0373FB42511B65748BAAA0E
:1067D0005C06AF91D5726660B9FD3C3D9BE74325F1
:1067E0009B2B936D64733DCAE602027AB6B879F9C1
:1067F0001AB97C500123E787CA65265994D8AD039E
:10680000EFCBE01255641B3C9B87C5E4B251FF9D62
:106810002FA891C9A13AF27C9E66264FC2700CE661
:10682000D7A9FD85B170C22E7632ACEF1E186689ED
:1068300048CDE38AB87BE12CA25B54B34177A32611
:10684000441B982C771E5D92EA1986570EA6B0BE9F
:1068500079F0F8F141457F99A28251B09C3DA47036
:10686000B9F56F0BDACEA98E5B72695A07F71BF781
:10687000EBF2C46BE91B6817E42D3520E48EE123AD
:10688000237E25668278F1E717E6B5641723197928
:106890002D4B0EF20FD3DF77AEBF118FDD1544A65F
:1068A000F18A169EADEDA75CE0BAD740AF5B15FE4E
:1068B00032FD6712D5B2FCD5E448F0C77290E8907B
:1068C0006CBCB343B2F12E372451CA0FCA90447640
:1068D00088324372313B4F309CF226CAA6355D1A8E
:1068E0002F54CB66A7BAA1C7496B459C525A4FE9B2
:1068F00096821D928E29B08B806B0ACC7EE89C021A
:106900003B4B4CEC081484F5B922F36B2E60FCC1B0
:10691000FE05BA1EFCFB58D56FA7E07BB5B4A750A7
:106920006DD8AE5EA2ABB681B67D19D2A4DFBC4EE7
:10693000341C3BCC2F7855985FB064B669F1C9AF71
:106940001B0773B6DFD0856549BC471AE2B6D11480
:10695000878965313C5A51B22EEC776197E60E83F8
:106960007814B886E21EE66CF69D817E6A8AEFECAA
:10697000EE35F054E8DD883DF622D6F3C2D49ECA47
:1069800002F4C412761AAC34F962DEB261037745C0
:106990009BC6095901777CBEE7BE8226F7283EEBED
:1069A000E42744A81F484521FB4FBA4EE6773B2A0F
:1069B000EEF6D84CD378929925BE306B87C5ED356D
:1069C0005AFCB3DF4857EB9881B50EF95D76D5A533
:1069D0001F5666F61A597FA19DA75096646A7A934E
:1069E000D95C4C3776CDC69830D4C51962907B6D92
:1069F000A759BE693D0CAFBDE6F3CB770D4A0BF14D
:106A000077FD755787CD4BB1E3A7BB4AA81F346DFF
:106A1000BE66F67522AFD5DED664D107970D17A1F5
:106A20001A17E108163C106B7252B4716620569624
:106A30005A2B665513FE41F282334066FDDD232E4C
:106A4000DE52E04137DC65E0EC1442FC1C76D2BC3F
:106A50005703378426DC1D49838DB75CA76B15D39C
:106A6000E5C78F1F2CFE70D3B0DA5F2F4BB77CD3F6
:106A700080958AB4048E055D4A9CCD6F5A21D5104D
:106A80000C887F03487395C868D2A0BF659DE9F65E
:106A900079996E9FFE1CD106B95580292435E025D1
:106AA0004C473E7F26072956D01E8690E31B7576FD
:106AB000C40EDA8CBEFCFE1DE668A5191C36828564
:106AC0008648B4FB5D427431288864BB76936326A4
:106AD0008A392C1EFC915D6E97452391E4F695A1B1
:106AE0003700876A15AC46C062F3EB42D771B7E84E
:106AF0001F69E36925E2F74FD7DB6A93587D34ECD1
:106B0000ED94B75ED196F9E05BFC53AE5594884E98
:106B1000FA3AE5E51FA2CD9D973F6EBD6A130C7E44
:106B20000278FE4941C58065DA291FB593F1A79B1C
:106B30000950CF61773624543C8B514325F3292EDD
:106B4000A78AED0E5933260A06C4625FA93E2D10AE
:106B5000EBCF04D4133AD1AB95AEF2658E93D994B2
:106B60001AF650E5EF624E4345F992A3E9E56ECE81
:106B7000E54BFCE1A625729EE950035FB771499A87
:106B80001AF79A34473D9B29EDE4084CE805429EEC
:106B9000CC1A9D6BCB9B599E3407AE5AEC575DEFD8
:106BA00011565E83B13556AB3E2D2921F52D21D1ED
:106BB000BA47A9CB5B55270A57981E54A9CC9227F0
:106BC000A1221E752920AC9AC3DAECAE21D3020AA9
:106BD000E829D5F4E28289B5973107BE6CC5C69E17
:106BE000D112227EE6487180A1806690F19E443EDB
:106BF0009AD3FE502D027E6BC04832940C1BD3DD1D
:106C0000CAC028828C256A3563F594189B2AB190F6
:106C10004C252A182C20BD44E8153E8626892A1AC0
:106C200018BD76BD5948C434D60D38F8B9562D0C68
:106C300060884643CACF9F6B8448FAFC597271A39F
:106C4000796F361A63B502CB9244158C30202182BD
:106C50002BBF7AFCB8A6C04AD68EA44641FD0331AC
:106C6000FE8029F5DBD79B8F1FCBA16DED326A61CA
:106C70006A980147E5FE5944B38C108E5FB491C603
:106C8000193E4DD476213F56BAD40D91A78BDE9292
:106C9000F840491C41261D914FA34309731678B74C
:106CA0003828F4A2D625CD0A5B67F074C155AD73C0
:106CB00036B537B7BBEE8A6ACF172378900657E907
:106CC0006B50A1F0454C489EA108BB843FD1CAAA95
:106CD000ED2A42ADB40B55317DA8623AA1005E0D9C
:106CE000A06D2188914831F950F514449E1228ABCB
:106CF0007039AEB8BBB58B048038142C9481002E4B
:106D00000F61861EB581DC0A3CEC5EE7D20ACD7AC3
:106D1000A6B3EB9D79E2F5AEBDAB57522D927985C6
:106D20001561351371A1D5AE48BD5392EC09DBD383
:106D300090E356D47A9C23ACD42DF3146577326B50
:106D4000484DA1AE4A1E918531A86EB0F5B49008A9
:106D5000B182DD8638F72EC93078EB3B2F5B57C107
:106D60009BBDD671005898D60771A34F959B76505E
:106D7000FD6BC3BC8B4250F6EE13538CA5AFB589A7
:106D80002C53668E329F619C06D404B50CD13E9282
:106D9000BF54DE5A7147CE783151BD85129440B050
:106DA00041AC908C6550A6A9F61B4713F41EA9A40C
:106DB0002DF4E451F03C23F41B92B14E6BE27515B7
:106DC0000AF6AE6273D061ED12B07363A456E2525C
:106DD0005FE1054B364F95F1F00E59DD510701305B
:106DE0005465CCCE9C80DB2002B040FD6A64BF506D
:106DF00055296E207D5514F61463372B46B163C9AF
:106E00008E38A3223F7FB194B65D1C4DCF1484050C
:106E1000DBF1CBCD3DE7D002F720135F07A7CC49CC
:106E2000DB03208E3B3B9EE20B4B04A228AB4AA126
:106E3000F926426D628BEDC476851C6301B74E0264
:106E40006F2CA782675CE2099E74CEAE372F06498D
:106E5000E5EC7A97C67C72904727C20F005EDB3F55
:106E6000C1D3A39B2D9ADA814A2488667CE1A2AB28
:106E7000C29AD4D62D1C5A7682F4B6128ADCD20479
:106E800018A2B452A5E71A054203851244056DF015
:106E900066E1AA2256BB5299E17D22A32BEF0AD9C3
:106EA000A982DC525F0B9AAD84F13252CAC118C874
:106EB000DAE58DDBEE731F2AC715B358A5D401059B
:106EC000482AAE12B93D5EAA5E4CC6C4D87F563978
:106ED0007667F9B1B339F3235796E43F036C15385D
:106EE0003B163E26C30BD906583539AD04508E7279
:106EF000B822239D192B53225CAC3052A381F8B1E8
:106F00009DD0AC0F543C7733C2004CE8510222F0C4
:106F10000C56CFCC76C4233AC92A0F09A2C9F94C22
:106F2000FD3198CF69E946E9B734AE2FFA58A6EBA0
:106F30001E9FB7B5CFBCFCC544CDAB508D38C02526
:106F4000F4EC48D84198982211463E721764962B6B
:106F5000CC1C84AF1F2A67552F073F9BC8470C5A8C
:106F600024E7486C77D3534709E733361456E16872
:106F7000A7386B38D43E154AE3949C0A45420F0368
:106F80007C5780D00FCE26F42D81598674066EE38F
:106F90004CB260ABD3D94D4EA7628685A146D44E84
:106FA000506EC77347E000255A116A0265A98A50DE
:106FB00077CA2D3E42161865042DFB94CE24A98C69
:106FC00030CAC911F766DE6765882FCD1DF975E6F1
:106FD000828F39C64A1030A08CEC101ED34646185A
:106FE000793242D330942587F69FBAFE21D7BAC2B0
:106FF000A9F1A19239F7AA19AE7C17550B7B21D7BD
:107000008D100B6E1DEE7C67115BA1B7505452BC06
:1070100049D9620C95EB2D282EBA0585998B4FFC2A
:10702000CB2E3EB177F1890B2F3E86B12B5AF6A4B9
:10703000D965489CA3541AADFD7E974E8D3276914A
:1070400048D5907465CCD06343AFD5144A76A95C1B
:10705000286FDBDEFFC69B4016D1F0B7B2EE6B495E
:10706000CA4B362089E08D44668D1791EE4AA3B550
:10707000B2646511888021F761FEB00289C48A2359
:1070800078CD0D55A4E04D935EEE9C04A7E98815DC
:10709000C7915B0CDE9A0AA75816A7CE74A9EAED31
:1070A000DD1E2F7060B920ACFC5044E9863351D509
:1070B0007870231BD2FEE0AC154FA715C324169899
:1070C0008DB84B885ACB636C1E3FDE5186656637A0
:1070D000BDAE7A662C4DB125936B9E552A7AA6C714
:1070E0001FF3A6C7477AFB01D3DAF139255EB7153E
:1070F0009B33749923EA1E8A5E24555964D35CB38A
:107100003EF9CD5A99D3ACEF6CBB72D6C19F9B4F61
:1071100057FF8A6DBBAE7E3227B563EE6F689D3038
:107120006BBCAF26FA93017920401E606A4B952F05
:10713000FE504D53E0F9C294EF60B7EF194919635F
:10714000AF01823BF37E477FF00F935C5D5B7E680F
:107150006740719D0FE0F80B8DBDFD7AAA119DCFA0
:107160000D324B3420D602B69B8B98117532254FC9
:1071700081B206F381E1E094885E387987847BB33D
:10718000BC1C5A063E5832C2B3154ADE784CF72D65
:10719000AAD1488951C02380BF8C4D118FC84D633F
:1071A00057B405A6C592EC7AB76E7F7FFE7C8375D7
:1071B000223ABAF0C4815753662C30CAF609A16747
:1071C00046BE4DC820D2F78EF1B75FE086667ED509
:1071D000A341472C2E71757531E5DCCBF15290FE41
:1071E0006E5409169C22C5CECF951495D5F372F531
:1071F00024575159B95C5E645226C1ADD48B9B684B
:10720000335A2B5EE820D99F60BCE487C71B334EFE
:10721000049A158C1B2D2FB09E4BEE6572F798DCEF
:10722000637226B74D7693F0355D54FCB1461A7CF7
:1072300028F6A0B8E59DCDFB7434C81A637D54537D
:107240002C1A80D9A8024151AE4E3E57D69218351D
:107250007D2B817ED43DCFC6BFCB47BDA302D90FC6
:107260007C1777FAA942576EE71115BA31FD5138EC
:10727000BA54CDD2FC369D9A2448BB56C94A8D20BB
:10728000263E54897520A2F440B123549A16880CE6
:10729000D3F3F564D19F3F674BE0358A1A001CFC9D
:1072A000F65A9E7497976A8DA75F22741E9D0433C9
:1072B000BE5AAF61F1F02672EEBF2542819BE434E5
:1072C000D023881BCF806D8E78ADD3A7FA10C9F07C
:1072D00058855C068B165E445576184EC08084F83F
:1072E000E8875DC7E1F38E670E4F6F6BE6DACD98E6
:1072F0004DD2C29A459A6CB0E285F5A01E2D693137
:10730000F1C8BCE6DC88A108BE287018CB287E2412
:10731000A2ADB84352F2E4598CC807BE1947E24CFB
:10732000ACC051F6C4DF985623CEAC7610ED0B4AB4
:10733000B758C657FFD605041033B5246BA656D5EB
:10734000CF3D6B131930080335E782F18638727C24
:1073500028E853B2C0E6C2B98099843AF46D403F40
:10736000A934BF84E3D7DA72153C25A5956B6B155C
:10737000B898561F375A055DB93876FDACC853EE3C
:10738000FD9F32EFFF34F3FEE263A6E1B0FE60CB77
:107390002F3E1EE5CB29CCF7A7997CD713D91E65C4
:1073A0008577C1D54775B3611FF2DD5166FF914CFA
:1073B000B379DA5E45593A997A533AF5C22E1351A8
:1073C0001AE498DDDD9CB780F5150067660DBDFBFE
:1073D000753D59BC4DC3235344F27386E0EF25AA93
:1073E000C2806B1D3B9EFEE9C11E0A433091DB95B6
:1073F00010A15D5A6D529FED593A108CE7861DE938
:10740000D8FE86619EDB05B150AE5AEE4D80D16844
:10741000F98DD737B60B534FA4D7CD8CA03B20495D
:10742000220A7B0FAF782B08BB31FE85884D413B8C
:1074300095348CC81C562E1F149426358571416FC7
:10744000DD21137F87C46647C38A408C2A021A5401
:10745000E476378AABDDBEEA3EC57D6373E3470160
:107460006BFDB15CA3458E981D209E90981A046A0E
:10747000BFF00B8ADA40A4B9440AA3A58EC45BBA54
:107480006D3826BE199BC87485E5A8DCE8B1D2D258
:10749000B19906959447F0CE16C850181C15337B49
:1074A00072095ECFB1123CD9C85C2530F84F18CFB5
:1074B00074287FB09F90C787DF081C81E0B62C65D9
:1074C000EB6BF71B065B3AEC5F6E7C5783BDC9889C
:1074D0003B0A5D9C6B0A72AE8E1DD673B53CFC58A0
:1074E0006EC99F12AD5AE42F109E841A2E3AEF5F98
:1074F000709377015A42D8D894AE1B9DF24AB9F4E2
:1075000049FF5C37F5A9C9A831BD8595697971ED49
:107510007D3B1B5AC19047EC91470F2F7A963C7ADE
:1075200029799C741A4BB51E5A0EB5F2F81091EDDC
:107530004F7D7A893953585C4710318C20798055BA
:107540007E846DE63D85E081FFFAB873D57567CD21
:1075500015E6DE5CBD3E64D3717F30B7968B1AFAB8
:10756000CAA060B6AF43560A71BE3084B250F1571C
:10757000D9B9897BA4F031764F3DBA5801E88458D7
:10758000220438215F2B1C54650273C71E54BA6055
:1075900019D397A195E267DACE5CD87A244FB92443
:1075A0004134D8128EAE9F0F03CFA413FCF8C41F32
:1075B00067F8A18194F1B0F11D9E4C28653C0E3115
:1075C0008E322D01CD1B7A8F1F9F32E24B2D37B9A2
:1075D0008F6EE04BD3D52384D181BC697E74733E1A
:1075E000D5993635364D1ACA8468464B1B2AE4C7EE
:1075F000FED559E514118ECF82F3801543E3781C34
:107600007CC06D86F29B99CE06F99460303B9B5509
:10761000FFC6633CF1AF6C684489D7D6D1CB522208
:10762000EE1E3EC206CF9EB8D658EB2809A6367588
:1076300076C182DA2A0384A420C58D678909A80D42
:10764000706DCE2443CB615EB48BC7F0F1E3714A19
:1076500063E394C6ECA0524764C79544EC8676E891
:107660008676C44657657CA7363433AECD4463E98D
:107670004AFC25FD5D6D3D91A84CB67A091B3CE99D
:10768000477F861813B851431BC6F5095691716898
:10769000C59DA76B773355C238A9221C2A44A688FA
:1076A00060AF7A49376BE6DCFF16E1A4D6369CFC66
:1076B000DC08D47D09F4C1A39BD36E1D4036E52EB2
:1076C00003401DAF95F24D2C498CE3327CB1A4A54B
:1076D000C7C49FEF670124A1033C8D157B1D3B367A
:1076E000E1DE70794506C249D1667690FCF44F36EA
:1076F000B8EDFB16DBB46F25FD8F6E66376B077137
:10770000C4A30B772C2CE0541461F9FF694B5ACBBE
:10771000A5F41E5B1566D60B4D3544617633E89AA9
:107720005D000B55764CB74E914797693913D66A71
:1077300078DE0F6D8C5D9786FB6879EDE7BFFF8F74
:10774000A613252EA7CC47BD0B4601C3DE77616685
:10775000BC775115A442E966D986CFF2A2E366E36D
:10776000E30E61C01C73985F4CAECED2C4AB336FD6
:107770009F38C96C13DC54AEC0AF135CA8BC8490B6
:107780000CCC509274B4E482D1BCAECED6FC7ADF7D
:107790009B6870C2DF4874BE4104AEE4DB83EDD762
:1077A0009DB8F6C446E662F460640136060086FCC5
:1077B000B0632EDA9706F56A3D1F5DA3DA6509EB23
:1077C000F59FFEE37F53DAB98CAF6277F17711BD95
:1077D0009ED84A4D89B928745E089D195250574C5D
:1077E0000FE908C7AFB9F3F37E3B93DF864181ED24
:1077F000ED5220DE91CA4BAE43635BB50F602C198E
:10780000BFEF586C94FDFBD49B11E1F1CC995EE481
:107810001E428A8482535DAFAAC617155C99E56241
:1078200071A9121F100638973528EE015DC41BCAD6
:107830009AECC706C6449D5D682D903E79A827EA5C
:107840005CD0F2ADFF8F5198A0D5F0B783ABE1C308
:10785000F47D2623E3A5A36D06E486097492130C38
:10786000141AB8BCE876BB80E8161C940102A8265E
:107870005DFF8EA6D7B7CCD8D8B3420647FD01240A
:107880002EEA38E8412378636DC4EFE654C0CE8415
:10789000B58DEF169B8665714CEDD98C16223B2574
:1078A000030EBD164EC96FB9DC923F300464E9F88F
:1078B000C3C2216EE802A6E30B38832F1C7D06307D
:1078C00008FE0360C8A3CF7F2B60228F16076ABA19
:1078D000052D595F7C9C115CED7D8BC351C7789859
:1078E00089E4FD0F0303C537EDBDFEF68B45F7CDEB
:1078F000FB1794E4BAE5C95CE664BFB4277BB4D057
:107900007C8EDFCCB7C04017F118EB65707202BBFC
:1079100048138D4F4B67443D66C2864873A35CC9CC
:1079200040E9ED23A2173E6047191D7D3221131255
:10793000DBCD8B6F7517F80C44F69936349EDEDE7E
:10794000061712A9B9D49D185F4EC8B2BF82DD13C5
:10795000E01CCBAD49DABC9AA1658C3611C02C6411
:10796000C7BDC6A2D65C99D78E4E8956235799516A
:10797000102F28B58257798FB9A2E64FED11545FC9
:10798000EE740EDDE91CB9A39914E64EE748795C64
:10799000147D58165B4058CB432AC31FFC2FCE42A0
:1079A000ACA1527B312EE017EEACF972E179B6E270
:1079B00099023CC6E2B2F6FC7E8D0F669A324434E0
:1079C0001357CC8257CC42A351DC981A5FE4DA9368
:1079D00029A536AF94DA6C29EF651475928AB8D36D
:1079E0006CF356D3826B5F79E5AEA6E52E7C65D845
:1079F000534CCC03536C39323F71BD961A32048715
:107A00001A9259825BB985EEEB1FB270448EF6AACA
:107A10004A06DA9DEE45ED3E352D34E656051B133C
:107A200047D517B5B34AEA4F5B55F41EE2FE29A5C8
:107A3000DDFC3A1A6B2CDD4164139FC834F77DA935
:107A40006C045167761AC10F6CB3D6A772F1266920
:107A500094D61BCDA0D12C2D9594F1B0EF481D25C7
:107A6000E6AD15E76D94D277969252CB658D73543F
:107A70005E2C4B0022A86C4D6C202867A7E24BECD3
:107A800090B82CC9FD3682483C02C8CD93D391678B
:107A90009D99451E796AFD07EDC905FDF92F10FC7A
:107AA00072DE45D258AB9C3A812F6EC6B0C75AC120
:107AB0004578E33B1C20B8F892C0E048EE04CF487C
:107AC0006C7C454970E5BCE689A04FA924FE35448D
:107AD0007475FF6DEAAA767C4F023A299C18EF680C
:107AE000405100AC3193F36161EEE428B7EB4F4FA6
:107AF000FEBE7F1C5FDB325D79FEA5FA38C32C3FEA
:107B0000C2D318B9973D8ADBEF887B8959F5043CCD
:107B1000A514073400FE085E23043D6DCF7606F5FC
:107B200026859DA9359AB79FB9A7F5A4B69F6E3A49
:107B3000C2FF7CEC7CA8359FE9D9E451508E5C0AE9
:107B4000479558AAB61D4F6D2B3E82F9FFF9EFFEFF
:107B5000512B94EE5803F5F490075EC3F4E7BFFB96
:107B60001F6D3B828F3584D4AB2AD19A63B7208CAA
:107B70006AAD6F6DCD7F4153B41D615761F7D22659
:107B8000AC62705F582375305EE9A8686BA612F38B
:107B90009ECB277BC4FC925AFBC66A18BD171363A1
:107BA000A854FFF53F1061CDD90E4F09F7559F1925
:107BB00007AED7FC38380F7CCF44DCCA3000DFEC8E
:107BC000A108189BA814F1003C247A8ED859C9E466
:107BD000BB41725E01543463F8E6122B5FC252411E
:107BE000804F7FF9F0FAE35A3492B2CDA47D39B5D3
:107BF000B0BCBE659231D9450761CA161DC172B7C6
:107C00006ABD729C81AE7D59FD3534602DF0CAB4D9
:107C100018869D498AF7D192245C4866C9409BBC6E
:107C2000C926DFA2370CAE0B33A42A436006A81B7B
:107C3000737ABBA05C3B94DEE0CE503E562BC60F61
:107C400084BBF20127205C8FBBE93524C6956740D1
:107C5000D48A9E847F0581D8087365DCA1E4D24470
:107C6000A994B0CB435C4EDE772084008F4BE65660
:107C700096FB09710D31164463EE962B1C06FEAC83
:107C80009511809B20BA4814F6DB5E4852E75B777B
:107C90000E2C07D1029AEDAEBA0B63A7103DB14C82
:107CA0003DB03C2A279D13471723042F55C6BEEA33
:107CB0004CFD307DBE8403570BDE344C23289902E3
:107CC00070995C3AEC0C9EC8EC6884F0CCA74398A1
:107CD000A5D84CE334D37B775A776749456E37B3E1
:107CE00057194A59A369BABD2EF89494DD5B719572
:107CF00067A597D352AE35A388E92CC735D7326331
:107D0000BFB61D197ABEB33AF2388E90A7391B71EF
:107D1000378F9B56DB7DEDE6AF9FCAD5439D7084C0
:107D20006BC1D795CAA618B85FD3B505474EEBB857
:107D3000BAF0BCBAB85A0766ACBEE1EEF8497205B3
:107D40000FD41DF3DA4BBF96F42549D775652F384C
:107D5000053A37271AF1556F2253CF4B5B0E9D9092
:107D6000FDA8FDC88878F8F5A4A4C1A4871F8E8259
:107D7000D24CA24698761A19D97CB04D87C738FDE7
:107D80003A0FB85B1ED22B32CA225F872E22350BE8
:107D9000A866E5361B7D8A77AC82FA1ECDED7A5E49
:107DA000DC463320BE00462F005971A6FC5D0179E8
:107DB000EB1BD5B564CA079FBF6D6CFC18D1A91F1A
:107DC000C95D2D5093FA1498BB0D3F4782F4784259
:107DD0001E3E3E50438544B904A675682A477BA4DD
:107DE000BB6A8017404A9B367DA1D1D6A8D80FE642
:107DF00014D0C797785BB1698C7E4C47FC74AEBCDD
:107E00000F161AE6139AB4228CF12D6512705CAF2E
:107E1000FE506D9AC6BC50977FFA503CB0B726769C
:107E2000D38A0061DDAA3F21EBB3DFD4080452E519
:107E30000D823A4648F365E0254A7A3419618EE2AC
:107E4000B12545B8FB32D6F969DCBB64B8FB1C121E
:107E5000EEBAFA3AF433B8CA772E84D958E93763C0
:107E60009A3BB5A2A9F91E522CE333E4448CBEC759
:107E700004D08FE20288253372162805183E03FAD3
:107E8000F114AB512806AB5062D69E90280E27E91C
:107E9000617B0430DDA929AC03F86CCC5C47A6CF2C
:107EA0003030AE7881559F537CDC217C5CE44CCE35
:107EB000A0538BD32AA63316F8D3CC1A3036BB7D09
:107EC00063B1CB70DD2DA282CCB1C672839BEE482C
:107ED000A9F593EFE3022326BAB9D08E29A7DAA633
:107EE000C512DD6A68B424CA6DD4D967A8E702D583
:107EF000B637241E9A37D69B97A9DACE189BA907C6
:107F0000C12D65FA16A8804289A4BF54EE45D59BC1
:107F100084EA2EC5B8E042E25FA00ACE5238A80833
:107F200061CF45A69DC421C491E5BDF0C2E2F762D0
:107F3000C31E4B585358D553F86E0D6CA9BF64A09F
:107F4000D58104664103F97260B06EC70C3833897D
:107F50001910C85A9FBA1176ADC70A7EDF2E6E631C
:107F600076D513A34F524466DFAFCEEBC274EA233B
:107F7000450C63FC6B47034277EDDA13E4EEB30B79
:107F8000A1A2B74873D16898BD5D48FC0E6935ACB5
:107F90002947F1A054DE40C86CA4F15DF949614F56
:107FA000741BC24CB4D3C9F51ADEF5679B0712598E
:107FB000CB6A4BA1D2AF86800DF4DB7C3C260BE272
:107FC00059117B337DCB48FD8A5A7D2368AD95D608
:107FD000E71EE9281D6C9971C164C26940D46FAA7B
:107FE000E7530F929E0918A52AB9624A29672DC442
:107FF000EF3FFFBFB15728699D0808AECCD8AAFD56
:108000000EFB6BB0A5A835881C7C141425566F5D3B
:1080100024198C90F8E34B6E325ACB1A4E938AABEC
:10802000A72F080202A9AEA52FA45546F63DE0D71A
:10803000F987E790FA79AAE9C6CC67B81A05E6E5A8
:1080400042E06C0E9C3D65625FE66054304366140E
:1080500078DA65472180256AD4856CA8E50F839F6F
:108060009A2FCA74954565BB1A926A6C9B51020A95
:1080700058F08B9DF75E78091EC3AE4FBDB44F918B
:108080007D998786E927D2A719159DB19276BB7A8B
:108090008D9EE319159FAFE1F3B3599D5EAE1AE9CA
:1080A000EF1C4DE01A6049EF6C01ADB7BD2A3DB73A
:1080B0005897658106B3A6FAEA4C653412F77B90AF
:1080C0006BE0DB913DDFB4B0B5250FA43E5754FB08
:1080D000B07FE8D57A14788F47471DFF6DE61DB253
:1080E0001E79CD5D98E6C628FE18651BF162AEEEDE
:1080F000F49E8DABDDBF71B54CE36AB529113A33FF
:108100000C7C3CFAF4ABF96B35D8BB9D75E8A61C2A
:1081100043EB0606D1766DD20ADAFDEEB9F41EED18
:108120009D1DA76C21883D375D22C18E799DE3DFBF
:10813000865CDCEC2B7A8D81DB18F015B80D74D7DA
:10814000E77AFBD61845F832262CB024495DE08743
:10815000E484712A46FD4AD157E2C695E3B5ED4B5A
:10816000093AC3E690199343B8B078E15DC434FE90
:1081700046E203F10BC954339182D86CC9CB048910
:108180001914316410EC6BFADD942D16B60D982A93
:108190007A04F106D6D748CB0459CBDE9E90837E75
:1081A0007C668B16369AF5EB74439496E3974BC92D
:1081B000EC6CF7672E52E26A33F1ECB215250CCC69
:1081C0005F4D3759FAA1B33F7E16C10F031358D341
:1081D0003DCB7366398CEECF7547F38C97126FC623
:1081E000D80E635C5A1BA4931AFBB651913ABBA5F7
:1081F000B651211A31B778F823E60B8E793667E845
:108200006150A5B1B4E5C206D5A963547D7F80BE97
:10821000523B8AE00248C70C86133D3EDB01C2E1B7
:108220008F956A6CFC5F8EC333DFC49F7D5D4FAC5E
:10823000D2FE049728F21375C364BE824DE52E6EFC
:10824000046A908F0B37393D92CAA1B39193CB97B3
:10825000BDD63361DEB866EC1020A4D91253767710
:1082600033133C53422298A228C7B1457D8643DE92
:10827000A1582BDC6274E66DFE11B679D8FEB50606
:10828000D62574324B8CD151CEC2716041E0265953
:10829000428615603C2AA70C46AA4B9ACC01C64DD3
:1082A000C4BAB4ABF2C8E1AC3CB2A5EE5D3DE49912
:1082B000407C991CB526D459D18214F67A5FC3123A
:1082C0001676EF67585D98813D341AB7DA51276BFF
:1082D000F2332FDF65C74D610F6747D2DFD489AC1A
:1082E0009407D1E892AACBCBBAC8BC280B86DC4B4A
:1082F0000467C1A5FAA4757AE2D776496FD0F50470
:108300006B07A63F7D783BB3CA800A20444F9A6032
:108310002A2EEB02987F1E0F216C4227B03733A222
:10832000BC0187E4F73430C251740AAF6AF9B33044
:10833000923FB56C27D458EA35DFAFD6CAB03F724A
:108340009F2610809CF05F7C887F0BBF3BC0DB15B5
:10835000FD2CFB9A408F980E80883871D896151A9C
:1083600070889CA8801D1DCAB8192B96070D67C57B
:108370006220952F2C2DE0E5923BC7CC78D9C839E7
:10838000973024267458458081C82B577A0A27E4F1
:10839000EF7576B23BA14C77270C862A84562201D2
:1083A000771A4D10DD13638C5B3924B0D596674185
:1083B0003F452590A76D322632BB493BF44A19212F
:1083C000CE4EC813046C6D799306D4465EDEFFF47E
:1083D000F8F159E5015492E54DC0798DFAD9F406CA
:1083E0001192112361846898D09E848A0731E590A8
:1083F000CCD6723CBC1C970569544AACFA1E215B72
:10840000A42A6B4EE4012C7633D0A2D61078003922
:108410003C2DAB204A1673446B89C6CBCDB885C8BA
:1084200004958505BA885839742C0E23B481636E7F
:10843000887E21A27810674AF08D30F5A354D08F42
:108440008A2148AD8AA10E04F64EE6164B5C010364
:10845000265A22C293A03BF9153973306864098902
:1084600062EB819FCDD09A155A0D957C27126A59DF
:108470006325AE978E5B2E34909996747D958D16FC
:10848000458803D2E8F03289E10138A2C801BB0C6B
:108490004C9F4AFECA823903A25CE1FA7F3218C3BC
:1084A000CD1EC17F24F448D585B1669707A85D9A93
:1084B0000829756E1DCCCC240D713130D8102E8555
:1084C00066A00A827303B2BC54241DB2ED779531C5
:1084D0008AC59530A5BB3496261461673C04B287E3
:1084E00004B79823B599004094A2F2AB4DA18B8CB0
:1084F00036D30C4532CD1E14618A8E36AF2A731ED8
:10850000A9BF51F5CE96E12C606E0F8A8E2D7C604E
:10851000058415EF44A9A5A26B7C5568986841AE07
:10852000ED4195DCEB5444539B0F8A8664723E38D0
:108530004DFE86EBB5C81A1E30C7199E200A7C7EF8
:10854000D8E781C11AC4E407069EE1A41DE0A2FD9C
:10855000512D152B0FAC15BD82068BFB8CF58C5461
:108560009EDCFA467AEC7A2FF3AAD7F01A69DD3945
:10857000678FE8E07E47B3CE47AEC731BB3AF0FB2A
:1085800068599C9B0F58362D45740CE81AD2CAD5F1
:108590003A61B0CF9E9C9DDF07934FEEE18FF0D5FF
:1085A0008ECE1080F301C1B7FC212B1EADDF5EE142
:1085B000547817BF90631CA4403EEACBF98E86DC4A
:1085C000D2D830691982A3CBCCDCE5AACD3287DAC8
:1085D00003535DFE7AA6BC6025ADC955632091D9D1
:1085E0002C9D617E5E676385FFB709A6C592260C48
:1085F000FBF9A751EC15B860334EAED3B2D3C44FDC
:10860000D517AB99361DCAB172E42A0C9376AE2AFF
:108610001CD941862C42924542B288481609C9228B
:108620009AFA94170656943F6548BE10F7FE071E47
:10863000D54603A6358EF244CE107D59EA567731E1
:108640009BA3C38F7C3FDF0EBF081E79FB69A92E59
:10865000FE2DE56CE0864C4FFBF7DA34FACAC3B165
:108660004CB04767A056F277747209ECB2D503B9E3
:108670004AF86FCAB5952E737307E8AE5F33496B3E
:10868000ABBA16E519E5CA342C15F5B47E02F6220C
:10869000DB5DBFE9866B2A6B2EC10F7C5479EFCA74
:1086A00038CCF8E178A606D3F2D17BB98CD8820811
:1086B000736D4BB96D155C8EEE5C0326B99D52B59A
:1086C0006E5D8EF8433374A1A376E4DBC689AA50AD
:1086D0003E611214AE1F07B6942DC7EEF7F7DA9A73
:1086E0006511DA894CDBA153904225DCB18C7FFB0C
:1086F0003C892F2FC5656C8580E144B0A74874D1B3
:10870000989431139A5E422F3BD291A7FE81546612
:10871000F60C10A1D0C08837228A37224FBC1151E5
:10872000BC11F9E20D1712D913EF4446BC13E5C58D
:108730003B21033A2C01D98D7F1B6DC0B855E39CBA
:10874000A026D43367E0254B0BE49D544D7940D1EE
:1087500057846C2C92EE8446BA13C97E3270F7FBB4
:10876000C2A2ABEEE62A30E4186D6C5B3ED61FA3C6
:10877000E755EC60CBE70456CC6669A6597A522ED1
:1087800096477B128523C42E4F2AD55F3952464522
:1087900056D475E97927F69407898637F7C7C0DD7F
:1087A000AB67267D2202A2614E28A4CF40A41F23DE
:1087B00004A00A858639A1903E13B41E59F242A145
:1087C000E2006B839C5028B94D578A36B9CEB21D52
:1087D000A255616DE2C01AE6B14106196950726B8B
:1087E000B91E154CAC5488252718A954EE03A98747
:1087F00070252A8220494C8C1468A2FCDE4459BDA5
:108800007490540A948E08B567DE29A89F4BFE1C0D
:108810001511ED1E5FE508079829A798CF8D7339CC
:108820005DAAD369EA85248621C5F70DFA07DD75AF
:108830004B50FB8D5FBD69646B4F1AAD46F62B92B2
:10884000A5B2BA4F0BEAFB54ADD0900C5367E79139
:10885000D6F9A9B10E7EA441C5D1D503904264D109
:10886000F20C56E2D9519F809A08E324958615DCD4
:10887000D78C50B3562E0632464A7ABB0DF1D2C27F
:10888000185F5CC437514311924E610E3ABFC41950
:10889000C0E58AC9484F60A81C73D0D73E5D5025FB
:1088A000D0B4BE296A102C4D0B180A10EEF8A6D1D0
:1088B000A494AF5316D6852684AE740B0F1BB2A6B4
:1088C0008D9AD1E947990B2F7529C2EE4E6FE69824
:1088D000245B85096D6282A619D52EB5EA4CBB577B
:1088E0006594D45147F4DA03275F003942F83475B0
:1088F000E4297927F14AD228E2F55EB2FDF6A737DE
:10890000BFBC7FF5760F894656247E299D7C804525
:10891000F302301AE25D8F5AB3F10DC11AE447C574
:108920005FBF067F9F325F0043F5088CD764C41198
:10893000B493CC62F2FE4DEBEDBBB7BB080C3057E5
:1089400090AF7F7ABDEB623A19D9125AC7B0192D90
:10895000B4AAA017EB9F6DFA7234085C683A79FFED
:10896000E58C993E82C6DF042AC138AED182D3E5B8
:108970007E180DE2E42640DB185D8E093F4FC63BB2
:10898000616E8FB22B4B5E9371BFEAA030215F8185
:10899000C9D3A8166FB2E541E14D75D112E0532459
:1089A000C3C21C4B2C3751D8F0F0355936B6D856C7
:1089B0004DB47C466A9C316CAB6DE08E1BB5A761F3
:1089C0002599C87D6B729F9E428C69FC8EB92FA73A
:1089D0005720AACFBF9C0948850E6FED617C0937EF
:1089E0000A19A7A76F9FBE7EF76BB81F6FBF7CF5F4
:1089F00061EFE32F4FEBABA4F057492C9DF471C608
:108A00001119AD81540C542BD70EF075EDEDA9CD95
:108A1000A8F71DBB638EC8E2E4044D77B194F98DCD
:108A2000C0755EBDD6F470F5C529691EAD6C545D88
:108A30008E747AA254FDFECD2F6F9FBED9DDDBB7B9
:108A4000DD2EC2838A8523CA4ACF15FB1141526AA3
:108A500008338FA0913C3B4E4F2E7122A7CA377B23
:108A600095EAD01F541D9845719EDD61D8F9F36DCC
:108A7000295F10B3ED16DFCC7BFA84AD46D194E7C5
:108A80004A13AE0D70ABC9E851E83A2A492AF33BC4
:108A9000BBA0D64D413748FED466A6B5A0856F80F1
:108AA000AEAD23B79620AAFB2E16E3405DA1B11709
:108AB000671DBB7B73F2B3F09D28B3927E510551C5
:108AC00044ACE692558F146139AE7EE46B45F4EE0A
:108AD00057AE6643FF092568E2820F9DB6C0255B4D
:108AE000B586FE62367084E6FC957F29EE02C627C5
:108AF000E32221EE9445452BE60C4A4BE382606964
:108B000091C8D0397EF90675B5F031B58BE838EBF0
:108B10004AE45405919B3A02DEEC566EADF8575D7F
:108B200085BABE03FDD0A22D4E390CDF881C1897E4
:108B3000496296CC85C5D99A0B5E67CB4C7CFC3AD2
:108B400077F326DCD90A6F2BF55420ABACDFFC5051
:108B500042738DDF3CD096D3AB40FC0F21D89F9C55
:108B600042C209A2A492D845E2906DB5C5C02C2797
:108B70007B03EAA339B76CDE5C3AA8D543C382AE67
:108B80001C6BAE4675368F98FA193A8256E917A7CC
:108B90002950EB85BD84A8AE4B4C1ED842587E426E
:108BA000DFCA3F1D1BA49C131DBE525B26395464B3
:108BB0007078BA684309C6D27793B3F264258046C9
:108BC00023B24FA1E2700F7F6F1E4EA777AD0D014C
:108BD000D432EED97669D46283CCED5ED9500DD60D
:108BE000F09A37B09D22DE60A517C57DB03FAE2F4D
:108BF0003B7DCD6EC2701F736B1BB72490A1BCF779
:108C00007B164337BD3B2C759443DD72567EF44E84
:108C1000E47107530326A71E324F48D3F5F9D1F468
:108C2000C438EDACEBA398EB6D3AAD401757A2B446
:108C30008BFE5CF7CF5F6D55BFCE506DE6755A4722
:108C4000FE7901C4DC6CEB6FF3014B6219F2311356
:108C5000A122CC03AEF7808E4CC848C962D12895BA
:108C6000B00CD27F2ABF6BCCD4F2F2C284DC1AF6ED
:108C700042FD166D2A15A57689C0631C5F2D69F724
:108C8000A97719676982F1871F44B5F65CD8055149
:108C9000DA45FA7AC4FCA512899F11754522EDB315
:108CA000BB23EDA7065FD910FCDA1EA72ABD4B1D1A
:108CB00093D1A043371D8F244AC07A228A3E9C2438
:108CC000BFA21047AE7A18492CE1CF66537FF03B24
:108CD000B9A8DD6A8AD0C0762578CD5D7E01F94DD0
:108CE0009C0C2004FED280977BF60728D7CFE33F69
:108CF0004098A39BF4F9E53FFE1FE47AC08CA504DD
:108D000013A3FC261A1EBC134303F65C74FC0D2649
:108D10002E15770EABFB57B7EA07EAB82A1A3AA323
:108D20005E82DA0E012F9788F56BE929ADE9B0660E
:108D3000E0E6321334DF5BFB57FB4F57FF65BCFAAD
:108D4000875F0ECC8FF6EA8FBF1C2037BA8618E6F5
:108D5000E4169FFFF2979F4498E1951E41580BCF70
:108D60007F79F6D3ABD71FC162EFC3495E510BD9F0
:108D7000F77ADA130168583CE979687E01E5106BEF
:108D8000044F14929BB123C82A3275D06C6F45AB47
:108D9000AA7C528A641262BF1ECF1966B0DC0D41F4
:108DA00084FAE52C87522F41CA744588F3CC11B25E
:108DB0002BDF65BE29E22EB2642064638B79B52A6D
:108DC000F8F7D8A7E1430B91AF18B2B143C15A15D8
:108DD000507C406DD81273C1B898B5A6F42BBF75FE
:108DE000716FAA13433630847F99D0CDF9D8105EC5
:108DF00082B24AE0DAC565F61E523F9160EDF5B3E6
:108E000002A78BDDA27E6AC441F30E2059933B7109
:108E1000D034A169DCEF0C8886B50169BEE529EA8A
:108E20001E04F8876239287110D68EEEB2D01FFF6B
:108E3000FEDF343EFCF41605FFF83FFC4363EFE32E
:108E4000BBF781224BC79E2FA8571C855E825D8988
:108E5000E585FFB3F1F4EA4A70BEBAB38DA9B30B4E
:108E60004655507A3307061F6E7E12916FAA53C77C
:108E70006CA0B9B7093FEEC284EEABBD3E5F368948
:108E80009C9B321F1F1133F61D11AB0314FD354F90
:108E9000706E390BA75D3D63BA734F1E636E9B5FA7
:108EA000E961257E9CB75611551CECFCFAC3D3979B
:108EB000CF773FFA41E63B62B4B46FA3B6F3D31663
:108EC0000DE4CE875714FB05F9A2A8512F283107CE
:108ED000CEEA2C57A9EA31D52A3D5D9B0989709EBF
:108EE000BDC2AE64D6BB1C36CE3983B6B023AF9FAD
:108EF000BE00DEC7E27E6449F125BFF85CED04BC2C
:108F00005E54C7F7FD8D5BD48E97CF5ECC3622962C
:108F1000CF2DAEDDD6DA53784B881D22E6AB49D093
:108F2000FF0E64C901306F29FF821530311ABA0D66
:108F3000CB33910B19474C0ED3C4506205C09E62CF
:108F4000BFC145E0F2E4924693B8F42374E16C8724
:108F50004A19CA1CABE5C777D4BA213D510281F842
:108F6000DE6CAD936C101FE3657A8D45BE6E82A6F4
:108F7000CE268D26FAD7702571512DD909A70E67F7
:108F800020526F092979969C553EFAE1E91B15BAE2
:108F90008D15DD16D2EF3C2B9B5DBEF2EEF5EE8B10
:108FA0008629094F26A49846A7D975A48E1427842C
:108FB000D7CFDDF3F1B0FAD835499EE27841CCF550
:108FC000DB3AC9C199583EF666674EF4048A402DD3
:108FD000B07B718163DCBA3CD877C3DAA043FFA6CB
:108FE000D53D58589D86E5ECFCF17FFC077188372C
:108FF0001E5FA70C0351F307D9A2CD76BBDDA0A15C
:10900000FF52B75C9A95B6A9A6FEC102842F409183
:109010000FE0D035A2018AB6AE5C57F7455E5ADB49
:109020001F20369C5836F7B50B912F68D65E8AA064
:10903000E3589934B2354734FF820B6B5AEC0B5D21
:109040006CA1AB3CFAAE187E8802F50CC05EABACEE
:10905000072976050D6E05F3F2E4E63C6C8CF2739D
:1090600075B2908D20C16D652366EA800C8BC33983
:10907000D801918F05C7041CEE38FDC31F78018B02
:10908000C28B18417018E737DC66638C96DDB80F29
:1090900044549AC82150419328229371736FD1335D
:1090A0007678EF8E1799670B4F6CEC6C7FA9CCB17B
:1090B000A694CC16FC90D40ABAA46B7E41BE2D7C3B
:1090C000C37D35F2ED7AC1F9359EC3D031D2A2B35A
:1090D000B1EE479885CF92A8D7A4BE9E794703BA30
:1090E00041C45E8D6110A11F62CE755906112D021B
:1090F000EDED9A9028B2FB3ABD17635A125E658C6B
:10910000BDAA043EF9044F1A70CC35F2E5F5D178CA
:109110006EA3E5908FA0ABC40BDA60B0E4F5C1009C
:109120006BA78F2ECFE73C52C43D73D654B8C367AC
:10913000312759912AA1E50E6FCBC06B7071C7FB27
:10914000068C1F654CB23BCCED33738DD299C7D4DE
:10915000402C291F4A7622A6634768ADEA0A869307
:109160000915A3255A0A7C231A9D7500A64858178D
:10917000133D743B1BB844CB11247ED33D1E27D72F
:10918000BD931851C66DDCC5CA3FC956A9109B7462
:1091900095BFEEB1C02AA163BAFCC70415AEAA6898
:1091A0003E135B28D31D50635C2EEBC359181BEB99
:1091B000205212450FE28B0928108CEE213C2DD253
:1091C00037995C4ACC60E0B378144BF28C21609FF5
:1091D0009947CC6A73A055F4BCBC38DF665AC25BB1
:1091E0007FFC7D065217456D42660AD419C3A75805
:1091F00044A652097D9695E28549C91A1B04FFE9E8
:109200003FFCDBBF6BBCC86598B18471F9DFBBCB99
:10921000A8FAB2EE17FBE2D3E15004E091166EC457
:10922000204A5790A5345AD2E05A0F19B2DD95B2B0
:1092300023A395B7E5BDCD93B80D9336AC3B1A018A
:10924000B13544514E140BC3018B21AC2427135F5D
:1092500070817C36CE4F540F61F3DBC3B80861E8F0
:109260000CBB9AD625A73A906D334676A59EBF369D
:1092700012634974A931D2BE489C80C9427644A485
:109280002230B6A54CF5B511CCD32DFD90A4DE024D
:10929000538EEA38D778D84F2353AC4FDD17EB7F86
:1092A00021ED33EB85F0D6454E27502D05F51FC433
:1092B000B02CA2960F9D62F6EB0CB9ECCFD242DE39
:1092C0000FB473C608AA4A63B8DB9CE6A3F97A62B6
:1092D000F36DA657924AB077060A6EC7B0DDD07C10
:1092E00040D1EBFB0B40506D1DB40330FB30D3A1DC
:1092F000E6A086942706AD26A107A7357D503CF948
:109300004CABA0C55DC6405AEF32517898193ADC93
:1093100066328086B6BF6FBB26781CB5D5540BCCA1
:10932000F3C090F668775BB07860F3A658C7E83C66
:1093300098D629EDF1A7B7A2C6D545D5326C31EC48
:1093400023A6F7308A30BC65DC80BD8F67816166FB
:10935000C54589BC0A240AB2B14DF85B6C865D53E1
:10936000319E30402669BCF2EB26B368EC2BD6BAAE
:109370006F3C80A998C6275F6581710626E02A4464
:1093800084111CEE58400C9A81BA130C83062D5799
:10939000D839E75C8260142E2F1856BD5ABE53414F
:1093A000D940BB9D6F9A68184051DBBF0A6C03CE51
:1093B000EDC7C11E061587BF60112BE9635C7560A0
:1093C000A2F09C601639C5FDD5257447C737AB435D
:1093D000258542DD57B17D4BF73863A03259141A09
:1093E0005C16592EDA1850D69DA76A3599F19273FA
:1093F00081EA6960FBF1EEB37395A637F22E98B05F
:109400007AA8E1F61AAB077F1D3B42A08967740E6C
:10941000403540B935C5622834DB2067E9FEDBE51D
:10942000F1E3030ACDD930A632B40595B584E40B37
:10943000926EF5BE3B0C64EB6404629DAD8AD4155C
:10944000DA2FE912F0DC65F760CFFF053C3B9A812B
:10945000A4396089C0A63020996ADEE69FC54E0314
:109460005CDBFC33B42BA4584AA5F96B42FFBB3C30
:10947000DB83E607AEC6442D7D8583154AFAF1509D
:1094800032CE2BBB41B5B3D9F5B9E44224CB425B14
:10949000FF25F828D893A9D530DDE1D2617F2A3A9B
:1094A00012EE17DA270173227974148A538096FC1E
:1094B000E3284AEA94438C9917675486265457D078
:1094C0008A2B7A1A4BCB839B64220AE36FA124E791
:1094D0007EDCE1F9CE3F7981125DEE5B56A329CEA9
:1094E000A6FA5CC5DC75388B4E4AE8B41A34296E8E
:1094F000C194397A075F9232C53DC6C77ACDCCC7D1
:109500005E4F8C874552F7B0A0338DE74BE32124A3
:109510006B420FE6D5F48E49CFC1A120DC6469937C
:1095200047A2829CDE2ED4E1166A64A1BB83D10AD5
:10953000035D47AB98F4E12E603C1BE4701DD751EE
:1095400010335852416DA1661622092B36AE2E27D4
:10955000C6C01E54A2740570D27FFB34302A166335
:10956000D82E5407608DDBF08EA84A57D48F58FC54
:10957000A6F79FDE043B7F63C527FD768716C18271
:1095800059A6A182E3203D7BF7F4C38B3995EC40CB
:10959000CEF75FAD14C022B0EDBE72CDB671BB8AFE
:1095A000234A3DBACD3C31AEC25A7D39BDB16BE7DD
:1095B000C3EE1E027B7E0FE304E4D217CA228B06A1
:1095C000A1C939C54933CEC3C0FA277B557FA768E7
:1095D000EBA562C67BAF887337AEA1559A4357DDC2
:1095E000CE18A90A7EFE42DB1558FF494500D1FB83
:1095F000889070DE94FE7D5BB6122C61F5C7BEB319
:10960000D360DEA830E22037015F677441CA65EAA3
:10961000D523A8080D2A933A64D89BA1C567EA32DE
:10962000DACCA873148041613228DEA991A6328E6B
:10963000DDA68C4125D652CE639DCFD2A7C48F8C98
:109640008EAB4E3D4B70EB8F2BBD42B4C05DD1D382
:10965000F91CFF927B02A7156055DAEAC7156984E9
:10966000AC2E42E343A2EE373E6457BBC63488F9C2
:10967000498C1DEF2FC7133A04FFD201E225328F28
:1096800052F3D80FE61B76DC8EDAE3703AF3897179
:109690008374F6934A9595585D7FB630B45049C9A6
:1096A000FA5DAA2E54EC4A59BF4BF5659DABC7D95C
:1096B000ABB758C9FAF3FD4FAF5FFFF41E4CFB7810
:1096C00026F600D4DF72907705E6A3495765D0559A
:1096D000C5970C8B1B22C3552D581FAEE42774D49D
:1096E000C713280DE0FC41CD001836F8FE7642176E
:1096F0006B411A2A2D4480A59DB545D00C55A64C2A
:109700007D65F28BA1F3A332834E86198707C80BC0
:10971000F41674FF36263C72C6E78408BD4834C48C
:1097200047CC0AA27E0A76DEF341C3A1D4540019C5
:109730005C1BED2A9E69E6517CC1D13323852BE762
:10974000DAE5F39B6D050736B5AE34A9CB1B54178C
:10975000E905AD724143C2D8DAB23411B0D15EB777
:1097600050B893F4ECA9ADDA2D18DC6CC5198FF95B
:10977000FD62D59C2C075C35DD40123639B455CAE4
:109780002C731CF9DA3DE76A277E7CC67D4E9CB7B8
:10979000BC62AE48D5EB2FF74BDB03FA4545A0CEB4
:1097A000DC26BD07C795EEB5C6FF36117459C572E4
:1097B000B5DCE2E469A5DAFC7BAAD50142A8C0BC0D
:1097C0007A5FC01A7787D26989130560D573B2E0D2
:1097D000644934A19561DF3EC65599BB5EECB6067F
:1097E000E2877CEFC6D1EBFC0A6E5EA56D14B00675
:1097F0002EA3F355547A39C68A4BEED912C58DD2B1
:10980000F121B0E8E379E12FD1523523AA6CC8A643
:10981000FBB15B1ABDAAC18DDE8B83A2EB1814AA23
:10982000020EF72B2B39D62C7699A7C79215DD6F30
:10983000EACB70CE68AD6F74DB38597E1594C901E0
:10984000BDA42FE8CB9ED8ABE32AFE99319DEB292E
:10985000E0730CA3BC68081F049EBBEBA36A81984D
:10986000200E241EAF8A2AACBBDA91D822037E24B4
:109870006FD0891FEFC08D1FB8CECED708D2E1249C
:10988000BFE82F29187C5152C8C2A7906C8875D2A6
:10989000092C824E859D0F7A73EF4E675857A5901D
:1098A00013A36822C124436601F5FB3E989973DC3B
:1098B0001A1A8001B3935084A3462DB4FFB5C37B1D
:1098C00051CEC4746630F84D76589F628715973E26
:1098D0001EE24E2D2A9B855BC4549248EE5913AB71
:1098E0005A014F7B45E88C29D5C3E710EA19D87394
:1098F0006876C4EE754C99BC4C904D094B8CAEE625
:10990000126A7A6E999ABC532D5B61FA2772D3382A
:10991000DFC482CA10F7E78980B6A0869BDEFA5EB4
:1099200090FEB2AB920BA84E14BF8346BA0B136FD6
:10993000C91E25C4D0A20CF6459529097475AAD173
:10994000A3EE7ABDD5566FFF079EFB22067407C9AA
:1099500028D737216DAEF1AF6F640350C95F3E0B5E
:10996000BAC4B57F8694CE521A07C0510507050CBC
:10997000E49EF8B090F7088C09AF6A5529299C99A4
:10998000A3AC36F5852410CB4AF56DF741BD06C072
:10999000865D0A1C9F3196E46C4D4CA45D4A427072
:1099A00034670AF8078D5961611614DD4293AD4E94
:1099B000F2E3A28A5C97D340568138F3640475A51C
:1099C000020078411DFD4ED093A535195997DF024D
:1099D00031FBC5A8A6B379DCE6863F4B8717F91E95
:1099E000048E62C432F456867BC3644437DE1C584E
:1099F0001E2345979087DF27E6320C62321A3CA877
:109A0000C41F9E4FB0C7E939B88A9A779E9E33A685
:109A10000F7AAD9F1FA8DFC82201D8003D7975409D
:109A20005D2A55D4A19F0C300A1BBC866E1F52E9DB
:109A300090240805AA8EC58E46FCC4C6F20DA66AFF
:109A400077F7FD87776FC2DA402489198824F927D0
:109A50000D44922C1C08D4FC4F1D08563177200C65
:109A600091E14A58341982BAE5922208FC17D4E8E9
:109A70001729CF4458A14A4C1E0D948657017F994F
:109A80006503BE0A8A5E03DA0515665AB54CA9BBA2
:109A9000995B620BA72815F07AB37823FAAA248A77
:109AA00089804DA4F3F6605EECF04EDD845DC50068
:109AB000EC1AF56D9628CC5A5C0EAFF8AE0573B073
:109AC00006034387226FDC924447CFAEA0792D79FD
:109AD0001D1BE834B4405752432330C5676FCE98FE
:109AE00035722192A72270BA0EB41ABA58CAB4427B
:109AF000939166160A40DC90F636C94CD724BAD248
:109B00001FEA1296D068922B835F55151F56FA678D
:109B10007B299B44BE088AB753DB36F33AFD6AE1E2
:109B20005C33DAA268DABA08478BF60A5A0B4AE3C2
:109B30007032A5CD4899C2F23DBAD0C9C840A2360C
:109B40000E87E7D4ABB74CBBFDC3272D5905EE24D8
:109B5000C328A8916602A7525815C4AF5DEFC35A37
:109B6000E61CD668B3A6DC6A7419897ADFDC6669FC
:109B7000B71D5DE0FF61B7AD69EC22CA8574831340
:109B8000CF232885A213BE08DEDF37ABB94002A67B
:109B90000D33DC0234B992DA5EB804CAF16F058E77
:109BA00043D28F325B9EF01B26650B7216BF313994
:109BB000489D6E6D60946B95AC2E551D1B732BDE0E
:109BC00019BD76D00B2E369DAE89E9AAACA60E67DC
:109BD000AB153E24BDCF283E2F3EE6CFE8A043671D
:109BE000702849DFDB7C27F4C6E05F4A7DD8DD6F53
:109BF00020EA7555120011612CB140E3FCF4F65DCA
:109C0000E3C3A6E0058A8F82D08B732278C50DB09E
:109C1000F03495C6C7E882BA4B12C57F8ECFA04BF1
:109C2000F31A31D9963852C661043DE0BBF1883C45
:109C30009F63BED066CFDA1CD07F24881E3C1D0FE8
:109C4000819ACDE35EA0B5D8C6DC430452CAAC9E6F
:109C5000B4F46AC54310085140A4EA567476A6E8E5
:109C600021C64156C083C43AC36853BE0FE7486655
:109C7000C12116C909E8302A15FD43601510287660
:109C800001E7D84012A638AD84DE0C5B0FA2FD7D43
:109C90009058791994521A1A446206B402A4EF8CAF
:109CA0008A5CA2E9F54CCFA1EDF6979E8D1EA136F8
:109CB000477B6E905268A9729EB86E9B5A67E1838B
:109CC000683F784D0C4A09D0FEC7FF3DF02A3D3869
:109CD00058C4512ABB59652879EF5BF8492DF767BD
:109CE00062272DB748D76FE156BEB5C2B715971D8D
:109CF00047AEB049B1088AB85BF3AC107BB33812F9
:109D0000C563664431287567867930F46BE441D7C2
:109D1000411995C8F122E727995D52BDD2F65C49F9
:109D2000CCAC9FC52C881FB5A39D2F9F7EDC5857B8
:109D30004C2A3136F6640E8F65A9C2FC27C770B075
:109D4000A7871BE367137B6A393A8431E17863BBE9
:109D50005F14568188436515081EA117175BF8F834
:109D60003636D6B523AA8A5E667CA87BC0C85F312A
:109D70000C66E1406A0CA7A9DCD4E90E57060EF088
:109D800053B9A0EBB3BB78019D8ABBD01F3CF4094B
:109D900016EF22CA0C4BA6FCB7C780F9908675D681
:109DA000CB63DD4DCAC429DDE650C8D80DBF974B43
:109DB000AB7046139E270ABC08F4A3923D5BC49D7A
:109DC000E94BF0022EDF990F643CEFB5497C959486
:109DD000EFEDE557048705C07FFA4D4CE0C4251C24
:109DE000E2DBB348A8259BE56B7875FA28CDCCDB80
:109DF0001FBE4F922E7C5D60BD748E56711E8EBF4D
:109E00008816EAB6B8C70AECB6920365540EA40CDD
:109E10002AC8B12C1F1FC14A105370F76D5003B3ED
:109E200012855EC728F47EFCD1D3DEE5752DA10A2C
:109E3000388B0CBBAC7D0F231F680BDD88CD9A9D42
:109E400025430CD592AAC39F3F1752E5E8135091C2
:109E50004B665A2CCF6309772FF7BF8CA7A50366F3
:109E6000CB073BFFE93FFC6FFFB1B12782A4C72AB4
:109E700056605C54D9596580224B82A527A5FD9771
:109E8000E7079715F76573C5167A6B75266A4E3620
:109E9000CDAD598DBD3098A4FFADAE15DAF20B9F54
:109EA000CD1D887F850F5B62634BC1C90ECDD0602D
:109EB000208097419F4DE4B33853AF0CBA5F0B3EFF
:109EC000CABC61CB2478989D11AED12A5B482CF195
:109ED000E9A31CDE8C0EC441634D8CB7471500E12D
:109EE0003B017539B95F30564F45B7AFD8427672EE
:109EF000F590BD0389BC09239012F2DC93A660861D
:109F0000BCF8C77FB0BC3AE150270B8E97B086CB28
:109F10005B0EE93C89C8241463D60562E51445EC60
:109F200020A8E4A8684C6EE0EE7ED6B571446323A9
:109F3000D6A103EF9FDBA387107786D751A4D689DC
:109F4000738411FF2AA928B53B5AF028242C2FB975
:109F50001319FABB2DE3F7DAC5FDCDC7F9A9796A64
:109F6000EC19C5CC7C570DBA5E701B9817E11D55D6
:109F70006E04A68D9E9BB959DC17EC5B4F25E8C299
:109F800099CE91970537BACA6021F48D3F96440562
:109F9000240FF813363BD951E07D4FE9CC54EE380D
:109FA000C3C6591E60224D2743025F7313D19533F8
:109FB000AE4899A9113F3F40AD7D44B548ED9401AD
:109FC000061D688E6178D79898D154E7A9DC6B8616
:109FD000F9AB290FD1D61AB7E72847A261B64D6A67
:109FE000E28823D0FFF1C7D067B54C245BC0C25CC8
:109FF000041D809280269B00261781592A6317F53D
:10A000007EB687A871004ABF02DEA54595E9C471F6
:10A01000BA7B1E2BA647073577D3459D2B01433EC0
:10A02000BF8E47EA991A6508E4324CE82DF98B6E29
:10A03000121198BD1B4714043536233ABA4CC7A5F4
:10A04000FE1461E6CC6C65854C29C2B85609064BF6
:10A050002A5E9DA83D4AD5B333B62011FD5B6A87C1
:10A06000BB59249BB88B02D95537E58CB944E931EB
:10A0700053E121FDB55A7DF7A5A507E27C639A5807
:10A08000A07D69B788866702CD4CD5960DFCE8E7C0
:10A09000FE5B6C0164D4839294A792F21D7CDF5B1B
:10A0A0007D8182034F29D40A2DE30415D3A91D75A0
:10A0B0005FB16D5C2F93EEED745A755645C5F9414D
:10A0C000351F256AC4A8D2EF9006090D7828C4BAB6
:10A0D00081505EFA750C5A10E58C484C70B0930CA8
:10A0E000CF628012C4F2F07CF6E1391E9E4341D16A
:10A0F000925670E8326BC64F190AECFBB69E7D2E65
:10A1000027146E237438BE63568F8FEE9BD5C5130C
:10A110007ACF744E7B56CB103BF794DB296A3B32E7
:10A1200039CDDDF4D8B6DE4E23A4269E1E58E9EFC5
:10A13000A267D3575B6BCFAD00D0A11398B962DA99
:10A140001FF7C6709CBFE823B6D4E2FAF55D7269CA
:10A15000C9626D924B132BC6C5AF4A9C2A11FEB43F
:10A160005543CE98C6EF6A432EC25987E45ACEE1D2
:10A170001410235029A0D3B15DAAD5391B4663C85A
:10A18000F32C308C86D37066D14822E33CA47D9BAF
:10A19000F1B01946EFA82BB82A089CCDBBB1B70384
:10A1A00024DF4F3FAD6C8128934D60B2466748165F
:10A1B0009D203774ACA9A00BD90758138C249E039B
:10A1C0001A214E77F440133AE3851B4FA9039BFBFA
:10A1D0008AC9C9370F61827364EB800F80A7642A34
:10A1E0006B4678F56C66239C01F69E87356169E9BC
:10A1F000B7643B12C3155E56B73D5F97729BE51F70
:10A2000084E87597DA36C458A9209894AB78E2E9C7
:10A21000A7E6E4C95B5E9E496CD5FB7FA87BBBE5E6
:10A2200036922D5DEC5520482D018D22488014A5D5
:10A23000060422D814D54D8F48719394BAB7D99C8F
:10A240005611044984C02A6CA048519B8263AE1CFD
:10A2500076D8E10B7B9F999B71C45C8CC33EE1E394
:10A2600088E371848F1D71C217D36FD22F705EC1C6
:10A27000DFB756665656A140B27FB623BC675A4434
:10A280006565E5EFCACC95EBE75BAA72D45894C735
:10A29000360040DA6A137ECD36C645C8F4E0D8FDF4
:10A2A000CC7EC3D3BC02AE98CBAB6290B6F1C2B544
:10A2B0009F1443876B2628417F3FD8F0FB00B76689
:10A2C0005158092B72077678388BC0AA8A38C24158
:10A2D000FA5AF8FED44500ED150E8E65CA2D368962
:10A2E000737EEFE783D2E9A5D9C0137843997359F8
:10A2F000EE070F1AE62A30D31A45EDD531BE8DDAB6
:10A30000B28416641D460327C88EB83167C2A4B74D
:10A310003D9888430B7BEAD05A52557F4255BF0087
:10A320006A1156A95A337A5891798A4348CE252220
:10A3300045D1B0205353E7599E0EE707896D2D573D
:10A340004A11B393E3F7210474F0A5260067C1070F
:10A3500062A75233CF2EF82CC3DD79C83180921218
:10A36000B80538A881AB71B9A7BF76F0A6F377A876
:10A370009E9456BC4505BF6295FF027A333B169DFD
:10A38000D46688093B1F5947406C9CD230D7DF897F
:10A39000D40FDC4CC403AF1E4CFA4C4D6EECB2D45F
:10A3A000ED339EB3980D61B69DFC57282480333F52
:10A3B0004E137BE685B4B012A13A7F12E3597E4B6F
:10A3C000CCEB40035CDB80AFA544A29C4E0BDB4D85
:10A3D000C17BDA70DB623FB2688A3567B7F30F186A
:10A3E000E15AAE883B7B452A8B18A2C6FE801EA38D
:10A3F000AF0EB4391C3261F172699F3FDF288702CA
:10A4000086311096C5190C1AD625F74157F7F6CFA5
:10A410009FD37E48347BA1D61C405B582D1E9BDF0A
:10A420003E3432325960865CE753E4321F99ECD7F0
:10A430000D4924C85DD3A0A1D870002B466D8DA313
:10A440004E2315AE7BF0561E3656ACD7611B010D60
:10A450000AABE170E17214A87A712B12139BB273EC
:10A460005BF2ECF600D5D4BA5FE11EC258548830D6
:10A4700086A2A6A9A9502AB5E8D87D8D76101288A3
:10A48000DB249978DBFEF0722B98D9CD0A8AEA8614
:10A49000EEB28B9B4BCBCDED60F20DCBC2E04133E6
:10A4A000B3929DCB0F292DB08E95A35AB34D60F674
:10A4B000CE3AC123118026BEA8DC18D7FFFE343067
:10A4C000D26A1BEBD420A74CD338DC76DF768D4ADA
:10A4D000CBBF3F817DA8B61F6060F458E813E41E2F
:10A4E0001088F621BC066FC7B6F6390C38D82F464F
:10A4F000EE3190CCDDEE42A3FF552079BB5DFCCC64
:10A50000069BD6D9F0136ED9CB2971B81F9E19B40A
:10A51000E147042BB29DC0735BE26171286C6C66ED
:10A5200009531D942D040E9233B1BE0355F8EB2B45
:10A5300017C53BD0F8C39A3AFFF8F816992A3307A3
:10A5400009CB3400D40FB40001E0E16F909E16E611
:10A55000076CFEFCD987F6990DAB8A9BA11723DA0D
:10A56000F74A93F3BE30DA767B3EECD9A18B2E7995
:10A57000A4D867294619134D89376C59CBB436C016
:10A580005DA396CD36F5AB0B1C22CBEC60544DDCB5
:10A590006F0B619291C9DE43F241289149C78095C2
:10A5A00074055964A9D570C5A6AE92B3525BE33663
:10A5B00059B18E390D75F52997F30E3A2A20CAF94B
:10A5C000E8E4BC688C6827EF8209CBA8CB494C54DF
:10A5D00013EB8FE77C907C6F12344EF8824EEA7E4C
:10A5E00022D9A0776065934280BFDBD89A76D119D3
:10A5F0004CE6D43F68FC17EDD9C3347187513BE971
:10A60000CE9C14721424F6544CC140A7AD5B90410B
:10A61000CD674B459F15A3854E834226501D748AF6
:10A6200039422FDC7B9E47B49BE2CC11AC71418A4E
:10A6300006475FA959AC6D2C0E67D9D7E518E2958E
:10A640001DBC5C0120933FA4BAE2F7FAA7134A129B
:10A650009C95C56D27AF9EB6E9C96D062D9ACE199A
:10A66000133B0CF37B09215A711FF1A25D84CA7858
:10A670005BEB2891CB9C6F33ED9A9A45782B15DFD5
:10A68000263EC8770016E72137A0D4F0BC967DE9B6
:10A690006C8D3BE985E21E6DF805878A18FEA728B8
:10A6A00099058329392C9FEA43FFF85C1836788591
:10A6B0007731A3DA4D194ACE7AD717171BD5A8AA36
:10A6C00016249487E179ACAA426D37327659554504
:10A6D00093948DF2BD6C942CBF8F75DCA1F4F7F1CF
:10A6E0005547F828B58DC63AC59E09CEC8B8306220
:10A6F0001CB46A170E254594C5790883AC130A016A
:10A70000A00BEB96FF406C35EBC0405D8A79AF2023
:10A710009CF36DCDC4A3D0E0B3A97304954334F684
:10A72000026C83ABD788C66F83E9F44CDAE58AF60E
:10A73000F8B158CDA7339378D6EDED3C38320DB152
:10A74000F369D6678564A606F95BA4516E52537B04
:10A75000FF576BDFF9A4A42A82FB1014AC0A335C08
:10A760000A9E0D6D51902318C5127775F21D0E4388
:10A770000B2359CDA91CCF936454297FB37900656D
:10A7800082CEB68E3BD51DD66A92DC0A82924FC627
:10A79000BD4E9F080028452F8C7051AD26E774C729
:10A7A000A1A183A0D454C49E49272E92D8BB676A26
:10A7B0004952CEDEC07C3B3284E113AF0169106C9C
:10A7C000FFC9AE7E7D797A4AB39BAAA5F320D79CB8
:10A7D00075CC7F62A83A630F488802BE8B6F3191B7
:10A7E0005438CDECF890BFF386C7DA7BB236E9ADCA
:10A7F00036CF7771ED968D1580EA63B51D27BE15AE
:10A80000D0DD662C5D34372DA5C828461169ADB260
:10A81000B7F4DA693661B8A7DEB5B58A3132A4F388
:10A820001C21F59FB890109991098CA9A46A23C5A1
:10A83000A30E06DE75CCBC6941D9895CEEAD3F82C2
:10A8400027DEA4DFFD781E2664A530244221B466ED
:10A85000769C4D4A101666177EC5AA43D2E288E25E
:10A86000B2851E546C02AB7B85EB8A9AC909DCDF8A
:10A87000D467A7EFDFBABE7CE59AA2E6B3AAE3B637
:10A880009363A8C6D86B55BD6085D99DCCA20566DB
:10A890008DFEEDC2F6BC256EE5B78ACE4A5584D84A
:10A8A000552E878F0162CC5AD65302CFBAA8599839
:10A8B000C39916DA133C996F4FA09095698CA40C3C
:10A8C0005283A7EEDE573071D0277C7A00FF854592
:10A8D0008D00516F33062C1ABDE1AA6F00A3C4206E
:10A8E00037CD5DEA5B6B539AF7F549876A876D62EE
:10A8F000FD6D79862BA1AE5F8BCA897187067F12A9
:10A900005B104B38E65D4A28735F633E8C5395B904
:10A910001FC9C59719533BB5CB5D36AF00A7C28A97
:10A920005EC85F1B97840AF0D7AAB490B00916D10D
:10A930004F54F08CA410188904C7D8984E5863C699
:10A940002122496F01FA69A8D0160A34212AFBACEA
:10A95000E54BB6095473B2098A4057AAFCCD9B5DFA
:10A960006901E5ADA158191E03B6322298252405C8
:10A97000746CB1B073B62951697F40589249E900AF
:10A98000316276214B0A8777542ACE98ACD501F8EC
:10A9900031AABA40F2F9A07B701F315144D01F9AFE
:10A9A00036F4B185447FEEABFCC5C1DF99A6DB4C24
:10A9B000033830F5FFFC67AFE3F709C2F45B8C1690
:10A9C0007CBB0318E9C9B41AC300E38CDAF73C5026
:10A9D000FB59C592B35EF6F594E09DDD3538630D05
:10A9E0009A376CFE6536CD775BE84ADBD5AFC51983
:10A9F000EB9A1B60FF7A84B99DBDF3DECCF864C18D
:10AA0000BC781ED051283AF5F371FFB4F376EFB558
:10AA100079ABDA463C57789E83F68FA11A54AB8007
:10AA2000A3E08622A0569978A59472801E166338FA
:10AA30003903010AF140C130A89E9C601BDCCF3B6A
:10AA4000157F77C33E661777996613E2B15C593C70
:10AA5000FCDB1F3EFEB0F0D33FFDF4BFFCF46F7F84
:10AA6000FA773FFD0B0C388F6A8B6783A0FCA39CA1
:10AA70004CBC329705CC4250383015C9C1E0A20F0A
:10AA8000D9B16CA06C384C47E20F5EC3B54FC064BF
:10AA90000658A00E1741628A862B7DF74AD81357B5
:10AAA000CBCC0B77C7BE8537E3B63301FC82EA8295
:10AAB000FCAD9C6281B04A966C2ECF13CEE579D85E
:10AAC00002B31DB600AC6A03C3DD75464D03CF6407
:10AAD000F857F19A86A964CCC8994C7338C7D494B6
:10AAE00044D9C3B0903D141396399C616E1CA6EDF9
:10AAF0009491E5D8C1377CDE0826368F3F78860DE5
:10AB0000B4C62B1C3ECD431C74C87BF2BCB014C22F
:10AB1000F4FBB33F965B0ED8C3B7F0717A2EC256E2
:10AB2000BA16DF9BB999E5934E528B1B6934DA0450
:10AB3000073C83C21967EF6B8E6F413E2A852C77E5
:10AB4000E431AAEF535357462C4A8D79CC27538DC5
:10AB500010546C39DA85BD8F672A5BA6478033783D
:10AB60003405C880E29BA2BAE730B719A322FD7A68
:10AB7000CAAA1C27FA0BB83C9682EF85F6B4A859EE
:10AB8000EBA43B578C956C6E7EBFBEBDFB7A73BF4A
:10AB900073089B17CCC9E022F6D1820D3F66F801FD
:10ABA000F42A221E34AEA5E07814FE9267D1D8862E
:10ABB00059378E19A7BCA85C8C48F1662488319A55
:10ABC0003151AFBC6C00DEB40CCF85C672A0E80278
:10ABD000800B672E9DE7A3233A354C3E9683D560C4
:10ABE0006529585D0A60D862152C02203011A871C1
:10ABF000F138002261D05C0E9ACF979817A1CD97BB
:10AC000097968226FF95D78017C4FBE06953CBC186
:10AC1000157E799A96BF14C8F74BB6203CCB074BEC
:10AC20009205E535506C7943A1E1864F32BD16A0FF
:10AC30004C50C4F887C891AB3FEFE84635E0C06E92
:10AC40008BAB06427061C513631D230B7968CCF092
:10AC500055115864A1487B6DDADF93E11D59DF8FF0
:10AC600050E112021B27AFA4B809F59289EC616D7F
:10AC70004535EE95F96C50BA1A8C934B72671CE40B
:10AC800066337017F6C0B4A68CFE3597FDF475D305
:10AC900038BCF066653B96BE56303B55332FD80125
:10ACA0001A1CEA15194E14DE805884037875612643
:10ACB000ACB1AC239D4E9A1982CAC7FE7155A72D1F
:10ACC0001E37504E43E66D55C63F34E5369F6AC188
:10ACD000CB69C1A1297879255FB06975B6E4A62B47
:10ACE000B9F94C8A9E00F9A9B12A44D0782A2931B1
:10ACF000C569CDE0D9AAA464E8E242C840DAB764E5
:10AD0000BB65131AA6A1F2DCB419BC8486EB1B52F6
:10AD100058ED926B924968D806F113B662C9D2C950
:10AD2000EBCB9E3AB1F5C9E9E3B008B026C9C368D8
:10AD3000D45B4713F48362D6B108954821B0B57D42
:10AD40000ADE548C9403BBC3895FC758B158C70C43
:10AD5000DB88831E4560AC0E76AB0584615D8B722B
:10AD60001420ADF2E77F3477FE4773E7DFF93265F1
:10AD7000E629470009BE477188F7284BB5D17ADA32
:10AD80005FD6352C53B532B3824766DCED3CA4CF99
:10AD90000D5B019E59AC2B9F0BDC1BF2034682110D
:10ADA000405F0CF65BF2F7D14406CB0152882F16B8
:10ADB000A2BF8893240386F24C2AAD2F55C53B329F
:10ADC000A2542F0A65AC092A0C792382D330263B82
:10ADD000886AA9F4AFFF7EA3CDE962C67828F7465A
:10ADE000B3A071C51B216FF339F3309AC1C0AC6CAD
:10ADF000BCE0A9D45CE50B99A5A72B81838E903D7F
:10AE0000992DCC4DD23B53813F4F9372B01CB8412A
:10AE10007BBA224309AB052437B930CC8B25CEDF72
:10AE2000127750FC5C6E61F4D3693BF0BAF5D33F06
:10AE3000349674E2C0DC2F2F7B3B2A67B0D16AAE18
:10AE4000EA867B65D7553A599C0BAC08B4851F350B
:10AE500031BF372BA8ECA954482A11AB3BA90D9C54
:10AE60009FE66F4A7E9663F23799DFE5351D96ECD3
:10AE7000B6B7985BE9DE92EB2852CECDF3B93C5DD4
:10AE8000E5DEC68DCCEBB8E9D186DC4647B8D5C146
:10AE90009FEE893C7087E5B3C478269061282EC068
:10AEA00057B2E58AD3ADA19F3603292E99CC76C639
:10AEB00039FF14C920705F289335C2710AE7E01288
:10AEC000B1421213F9C2ACE2D8AD7671F0CB2E5478
:10AED0004302527C3CBB914B7139FAD8CF54E946BE
:10AEE0006CCE3A9ECC5FC7ACB26811839C74631D74
:10AEF000CFDDC57B208C1559DDA0971B4CFC52760D
:10AF000071371A3EC1006D1C14D09037CD664A319E
:10AF10008E02D894812397A1920BCF88A7B766F6AB
:10AF20008825DD3826851B47CFBC764F4DD38D86CF
:10AF3000D944F4895B4AEF24F31CFB7B0CBCD5801D
:10AF40002C55227E9BEC318A7592E39AE0BE19ABB8
:10AF50007FEBF0124C613C192490039DD089CFF017
:10AF60004FA5975F3194A568105016BD53840F3BD1
:10AF700011CE63CC102F12B0DC45DA95CDE32B9FB8
:10AF8000BFB2138FD63D4B770659BC4F9FA693FC9B
:10AF90003A6D818E2E6203627883E525FBC957BA2C
:10AFA00097003D38782EC9007E90D93645A5F560CA
:10AFB00030E46B3D863541BE73C3B30F4B2A483135
:10AFC00018F2984B0A8BAD7C80DE58C48CDD9072F1
:10AFD0003146F6C4A53D0A8D00083D37629C1665D2
:10AFE00066585D2BA5495002CB4956BB113CE5D3B1
:10AFF00038E6A7F202A031DC62198D5843CD8810E3
:10B000004EF9620AEC24988C80E14B7419C6B3C1E6
:10B0100095D03B246508F75860BAE024ED1BA9528F
:10B020001257BCED184D32A38DBBE75359104BF9A5
:10B03000C5849EC37A87ED8FCD386337E286F7DC0F
:10B040002ECA06F6C7151C82EE132D5833375D66DF
:10B05000591F585099BDDB344CF32E7B054BDE4C09
:10B06000A9DAAF74F77E9AEE0A7A6A9CD954A98954
:10B07000AB7A6A1686CD6CF610494E74AF7F66BA0D
:10B0800061B66E9C2FE956FF6E73EFE526A20EEBBC
:10B09000DEA955274DF79959F0FADDAAF7DD375BA0
:10B0A000EBAF5FBFE1870EB6C07CBCECD559705EDC
:10B0B000ECBDD9DFE777D4220CEC36C061C15A1E53
:10B0C000D943803FF86C193BFEE0F3B279FEA0F45F
:10B0D0006CF940F3D8CC3E2E9BC7512373E28C947D
:10B0E000033CB38FCBF238F66A26ABD2309B8CC9C7
:10B0F000CD21697AD9D9CBA6BD9A2C63772EBF7E94
:10B10000023722B9B7C93AA9ACBF5BDF39D8AA4226
:10B110002B4A0012712FDDDAF921524D0DF229F878
:10B1200086CA34435D12231814D4DD65653FBE50D2
:10B13000B7741305E1D51B086835784255F62F170B
:10B140004A61FF00BC8A282DBD10C2F4D6D9B16770
:10B15000992BA18D34D6A59B9CE14FCD3E282B1178
:10B160000ECBE8076F5057A1B718AD7C3DDDE5B8B1
:10B170002465EEA2993DECA947FC3B4A153CC8C0AA
:10B18000EB7CA58488D7E2FC50AE7C695A4EAD704A
:10B19000B6ED5B3B8DD297D51F227DDF6214EF1F8A
:10B1A000228EC1800F8DD2C11BC9F2F20D25BB2E9C
:10B1B00093FEA89506C8BCB9F3F24776F987085BF9
:10B1C00041C3BDD5E7269F51009EB48517DC41D30E
:10B1D000F5E6754126C210B7F24E3C23570B0EB769
:10B1E00046AD5EAFDD34A7B001BC694C2D71477A26
:10B1F000E3B05BAFEEBC99A7247D6AC853C3DD58AA
:10B20000193BAAA4484A63622CA641039508BC10C6
:10B21000630AE520AAB78D543CBF3E3EB91C30A856
:10B22000332E323D73B249442A9E692708E9ADB3F3
:10B230004F4001CB1E3D71B571EA2922304C32B628
:10B24000B592DC7013E290C835E22A067485F8D016
:10B25000F7042F227681C3ACF17DBFA431E9F362FC
:10B260008675AF12CB2987869656320CB1B7EB6A3A
:10B2700068B175237030B9CDBD716EF6AF35FB295D
:10B2800068705968D0C831D403A7BCB858DAF6073B
:10B29000440E6D8E8769A0EBFB0F11B26AFFFB7243
:10B2A000589DF4358838F30DEA3F440C382F632B52
:10B2B000A1E77144F2CF319528F11041D9B53C4D49
:10B2C0007D2CE337409879A15F1921CDA71AA68E6E
:10B2D000865A6F974AA8535FB7E4D41C9F0867A1AA
:10B2E0002B3AC5DA6229523DBEAC700520B8FA622D
:10B2F000A9D92E99FFA194882EA3700AE34E232A80
:10B3000059C0D49C41BF2245F17BDBE10E4A596311
:10B3100087DB52EA299D5CF5CDE3C7A507D23ED372
:10B32000EE9292C1001802A5FCFF50A3528AE8E4F5
:10B33000980FCC744A5B4A2F2C64CA7F6CAFCD6BDC
:10B34000A9D946F0C3C374669936F3CB54E6B09CD2
:10B350001135799CB39E937F725FCF7CAEE4E84E4B
:10B360002495249C5A89947D6A1842F296F0A9B2D9
:10B37000A1FD93F4B919B026155D91DE961BA9ECD9
:10B380000A7BAA418D159D153C39FB1668931C4F0D
:10B39000EB87C88BE1C785A5DCA90B0E6B55FD14A7
:10B3A00099FE1031E87A1C51F8846D3D62FC1C5006
:10B3B0009D91480DB047D8E3E41B2885C434672C21
:10B3C00022507353EACB7E2E57E98AE1E2B8AB6C88
:10B3D00019E769DEBA899ED8A346AE250BDB888FB4
:10B3E000FA262E8D29CDD5CD43C3940DE35CBE79CD
:10B3F000B5F1E3C9B5B27D7A12BA1AD30C93EB7AE0
:10B4000069137BFF991C85A04E6A11590355596C2D
:10B41000841823306A579822E8F7F58E265AC0D848
:10B420006A012D96695F2D7CFAF3A56E3293D9EBF4
:10B430009AB4C4BC58C9BD38B12F9EFA2F5CA3F58D
:10B4400065236550D7959DCADEFDB64CD765B323FD
:10B450006D3440474BB0C6437E70519390472A2BC2
:10B46000416213DE3BAE98E0F0E64F3C4A03A02F6A
:10B47000D834A1D365E45C919CAEEC4C5E978ADC39
:10B48000B6C206DAC44A8EEC5894D6775EEA349493
:10B490004DE5CBF2FA70F9C8F6DD54F554D2F8B99F
:10B4A000192C14EA0F02D68D7B6AE11A24B72132D7
:10B4B0007A3125204DBE47870503ACEC7FC86583F4
:10B4C0008621EDE340252A7804C7551ECB0DDA1FEF
:10B4D000CE72635E018D6C018D4C01DED0FB0BC220
:10B4E0005D7948DB141D09B490529ABF22780F92FF
:10B4F000A87192D1E8A577843FEA8B901D56036D21
:10B50000929DAFC0BE14A98495FF79057FDFA81F67
:10B5100060833D78F874BF2AF60CFF1F5C7FB2E4AD
:10B52000A6E9195231179A8049DBFBDF94032256B2
:10B53000B6CA6C0B00F9DD55A14C5762EA9BE321BA
:10B54000FE1D9D610BCD92AC6947A66C7B03BAA52D
:10B5500070BD4FCC293D2573ED79A6707367BAA5F0
:10B560006CB97214165DB026BCC929580EDF37CDF0
:10B57000DBE67EC1A2F87ED9FB56C88C4EE9336A61
:10B5800007B03CB25D5567F40FBAEB2A50514F6DCE
:10B5900030442F66D712F83907E05E0A3D493488F7
:10B5A0004B71A8A8684B04DB41C4D1B2CDF6CE7F65
:10B5B000FAB70E758D726CDB905FB43D5AB5846E30
:10B5C0007579C58423B26C8FD2B6F3F29DDF015238
:10B5D0000D88BFAC6D816E53887AE58C56C46C0EB5
:10B5E000DE5EB19C7D5C29D31162302C675A273511
:10B5F0001F79F39217F3FBF3825569A5F407BB1C7F
:10B600005E27D6F7C58822FD376CD468AC66F88A09
:10B61000C6E1A486B788F7F323C9F6A4E37890D5EA
:10B620001A4855461BB14282CD8CA4AF3230A34696
:10B6300021BB1884DC84AD9BDD0348754996D3E9B2
:10B64000DC013423665AE18F93D122EA3649161978
:10B65000175D86C84B87EB25120FDEEC883C56EE53
:10B6600097D87613415883068CC305E286C106122B
:10B67000706A0F5D792714D263645BA21FC6C71777
:10B6800061CA7AF04EB8FB7AA3403D696E0B078D14
:10B690001F4FB94250FFB161BE0E9A7E52E3281D82
:10B6A00049B31EF28347D2721F798347C9587EF48B
:10B6B0009696B6EF3380AE59B2BF98DAC199104072
:10B6C000BD60EAD2ECBF4FEDCD4CED6F554E299BDE
:10B6D000E1BDEACE9DC0736844E6C023915444AFF7
:10B6E0003462424EA414F264E3E0ADB90F18D97D80
:10B6F000A0A279BB9A72C2F836B740DA9CC96198A9
:10B700004A54DDE56BBE38BE68F352517C7EC1ED14
:10B710007A42F85DD52F943F5AC65DFA2455158DAF
:10B720009CA7FD3103D74B2EBD49DB6BD93A77DFA0
:10B73000413080EF36DE19E9F73D26D1368C2F4CAB
:10B74000F80E72505E2362B970B8EADE355CE1C172
:10B75000A8759378A2764A22FCB36F3A959903B400
:10B760007D16FF2F85A3BE51832F7DCCF88D5B3BCB
:10B77000053F7445C641BE7F6D02AB64D0DD8AC310
:10B78000CD3EBAC1DD0B5E594A2365315C0323A06F
:10B790005C57797AA8B89D8C1402C34817E594D6F3
:10B7A0008269949E3A2140D2503D59ECB5FEB54194
:10B7B00065BF05E2CD8FDCE161A8E5B1115DD0B8D0
:10B7C000D47AC744B183E1B18D9E58163872DA8BB2
:10B7D000F543EC65E3CCD0955F9C370B829435D76D
:10B7E00060C16CCA020EABCBA176D8F5D26C8031A9
:10B7F000A0FCDE12657526F218038DA571C604291A
:10B80000F64936A858815DA40FD406232398C2CCEC
:10B81000461ACB060011935ED65C59F9F9EFFE8704
:10B82000E729F666351339E4796A5129986AFD8467
:10B8300065AF99E0F2F8BED06C731E1E16EB3B1993
:10B84000881D28378F2E80ADC442C643E20A05F911
:10B850004A85635783D28B0FC7276B743F9113EAD6
:10B86000C5221F057F11AA1081AC2364A306686B53
:10B870004045BA543A0E2F4F8059AB77571D4D05AE
:10B88000AB9D01D7FB86D065C9E58958A58EC894C4
:10B89000E2B433918DC5FEC6033CF3C1A0035E1430
:10B8A000E4BDFAA2A43623A5BE0BC491DE684B1BEF
:10B8B000B744AD5B2C8A59F727FABC64E3D65192A2
:10B8C000740E2F1FB9C76314A54BF3B0F4A87F17EC
:10B8D0006FC7358DC298423DA7300F87E5FD7301D4
:10B8E0005A239B99B0D18C430E81C315CF7563C782
:10B8F0002CF6365417A819C5CB6F377699C7C62DC5
:10B9000087351252AA99A489880498DE12C901F9D0
:10B91000A15802DA5D5024060DD3EA57F5E6D39517
:10B92000FA75FD53F9E850D60A50938E18ABD0AE95
:10B9300046B179CBAC456C590E1FEEC3958B6D7734
:10B9400092AC6DD93A407E09B61402554AFC91F288
:10B95000248D13CC200C6149CC58CB34486C2D2E4F
:10B96000EA7624D59F6394AB53051A592CAFDD9E1C
:10B97000E1C562B8662208D8D78311BCBE89267299
:10B98000E2B56BAFCFDDC235C9C507C3135F6FAF7B
:10B990006FE4DE9AF003BD6ABE2487D7EDB23B3F69
:10B9A0000E72B0268A2786461C422B198F2803590F
:10B9B000574E2B7E6550FF8B6A3FFD685BB878322F
:10B9C000BCC300DB87976CA6F0923B46883D96EEA1
:10B9D000E7212439908C81988909E40D7166E76923
:10B9E0003C2D0B92580E277F3505B3CCAC663B3D02
:10B9F00026107ABA65B168C16394D272F092195B6D
:10BA0000F3A21DEB6538B0F7050B1518899F8583E8
:10BA1000F81633171CA130436E70B30ECC43930F4E
:10BA200055B7930DC5FAE5327AD24F18D13921981E
:10BA3000DC99BF038558BF0E91D11021CBB41D3BBB
:10BA40005EAB032596EB50AAE7BAB5BE04C6469096
:10BA500083EEDC862EC19AC94EA59CBAE89D50B0F3
:10BA60002CF51F516E7DF449C01D4F74C3CD633357
:10BA7000BE0FCC627C33ECCFACC5FCD9A3108C06D6
:10BA80006ABA3F7631E935A2162781DCCF819981E8
:10BA90005C542C440FDADF87CE6269B554C15ECAAC
:10BAA000A8BEB8432F055FAD96AB2E2056EE9B4641
:10BAB000D99EB3127A1D2011B9685AFBDFC2262223
:10BAC000532014C27E7936A896997A69B0DB4B4A26
:10BAD0005BFFFA2F1BB3E4CBBAD61DF52E5D030B2B
:10BAE000D06B43D8EDAE2E312AC63EBC72A2B34A0B
:10BAF00063950F6F2183B2D0103940D4E7A464332B
:10BB0000241EBDB2B4B9F4EA35D74E416620100DFB
:10BB1000B20C13580C02A957A297E5DE2A1693DD42
:10BB2000DF5B65017386D287207E29CF7627DEAA68
:10BB30003003C0329463660322E75023A64C881D6D
:10BB40003A300358BCC8ECA760B7CB052BCE73CAFC
:10BB500029F431922560EF2BE69E31422092A15EBE
:10BB600018B95C7B21D6A591E4517C230A8D816AAA
:10BB7000B9909F10CF581B13F556B2E6A13D47BFB1
:10BB8000F53B9AB095D60FB6ED34C47052DF7315FD
:10BB9000AB359AC1C9B7A6BF6A659AF2376A7458BD
:10BBA00031D8E51C39B4503698652BB1A872A5F38D
:10BBB0001CB5A61CB042525521B6109193D98E7374
:10BBC0002B08BC83766BB7A4EABB380B832D4BDA0A
:10BBD000A13298C3263E3170F6CEFBF6D957629457
:10BBE0006F96FE5ED2DBD093786E0429600A267AC7
:10BBF000FDD0FCF7DA29DE8CAD9C8981FD5A6ECF31
:10BC000016CA1827BD1DEF9C91E8E1A7E1C560F8B1
:10BC1000C9F0CD60FC100B714DC17833F4884FF73B
:10BC2000FA7490DA1B88DBC00C4EA9C9B40F1B71E3
:10BC3000B3BA4CFC5EB9030F9F90FDC68E21FC1772
:10BC400098E38D39BCED3CA2D0FE945EEE2F379781
:10BC50001BEAC3A6DC6DA81ED4FB2FD717F7375EEF
:10BC60001B4D6F4A44C6438AB375893957361C0445
:10BC7000AA62416D568E8A443A919DD670AE835F1A
:10BC800016FA7D2CB3E407939D9A086766E8AB39F2
:10BC9000042FEC1A70F8C08EA2DD4B1946EC17F693
:10BCA0003B1977CFD530088D8B8C1DEEBB80376C60
:10BCB0008BE921F112F64A6DCF7EFFBD6D77F71348
:10BCC000BDCBEBE8CF2B1C787FEC8774FF787C1121
:10BCD000DBD46DB4196019B5C6F4F1894D6361CC3C
:10BCE000756E13BE8DA13F97EF06EEBB01649F7D7D
:10BCF000499CD8B47D598A92066F25A4564C719FF1
:10BD000050C16AF58B67357AB45BAF8C37D839622E
:10BD10000AC80CD3EE39AFAA63810DB3CA85079B5D
:10BD200037A01E25B8DF87ADE5AFE0090603EB318C
:10BD3000AC6E462DCA47684FBA0223C0A0B90AE3C9
:10BD4000C0A3A9E58A5FF7EE7B0EA7F1FF0A4E625A
:10BD5000543EFF203678E3083C3AFFE45DE3DE5EC4
:10BD6000AA186AD8DD78F5FCE9B395B92775139759
:10BD70003E2700AFAC8A57E41DC7F04B5E10275E2C
:10BD80004CA55CF3F74DF31FDD40CCB82A563EB40A
:10BD90008DA5A408B697FAB472749482561E89D001
:10BDA000231F8BB33FBDB60139095F8710E87026AA
:10BDB000911FE3A2D89C3FFD0373DF1EA173FEE930
:10BDC0008C66171ECE4B526142A94436DFFD8EE9C8
:10BDD000DB3C25CD686D357B454CFBF39467BF8B11
:10BDE000ED412159AE07C057BF92CDF147C6DB3BAD
:10BDF0003DB6EFBAF9ACC43FCBAFE6F5D134095448
:10BE000035BF5FF995015229EFED530349D137B59D
:10BE10000D2F9FF29F55FEF3AC6C6805482B42290D
:10BE200019387217D500937F3CB6E322E2AAE1C825
:10BE300045E8CC80E23B12037A2E23E1E6066475E6
:10BE4000251D10172ED4A7A63BCF1A2B35D1436141
:10BE5000EF3B9C0BDFECBC344A7EB231825E5E79F4
:10BE600007537BB9AFD04D1CF2FF7A49D034062678
:10BE70001EA5D8E047B10D2E950C54A8700FEFDB2E
:10BE800099F1F6CE572ED0DB6F5B7AB5907DC80660
:10BE90000DC41230A7589C7552ADE5B3B64D02C91A
:10BEA0007A3E5FD2A0E36ED5D64352999FB72979E7
:10BEB000A76DAF26E7CA190771C5023D19990AE3B4
:10BEC000F364133C077B423055EDCD8982329BDB16
:10BED0003E16BBE21A777DCD6180590D36EA8B950F
:10BEE000AE39628CA0F00428E8E23B451B336C9429
:10BEF00034D375B23B8BF5DDBA873F9CC2BC74511D
:10BF0000AFC4DCAEF5235A57BDDDDB22A42B36DFF0
:10BF10002851FF446256F5EF1153BE5FE0CB687DB8
:10BF200016D16E956EB973716A8173DCF5FCBE1C17
:10BF300082FD68CB0D968141C802F1B5E77598DFA7
:10BF4000DED2DD395D10C18689BE411F5B609AEA91
:10BF5000C5DCF5477AE32E6FF7ED0DB4C313E0BFF0
:10BF60002415FBF5BAED152C16D5439678EFCF05C1
:10BF7000EFBDD100B2DD8CAF6CBA7F477ABE0D4EFB
:10BF8000E2F2FCFEB3928E74E0317F722C6CDD071E
:10BF900069440ACF89DA0E06CD83DD7818D8F76CAC
:10BFA000EFEDDABF57E7E564EED8CFDC5C82251E03
:10BFB000A0FC6B13C4085141F13A01FF95DF09A6BB
:10BFC0008FF1D453B821FC1A77B845BF77A0BB993D
:10BFD000819523CC1FD7488634922125682D22DEF7
:10BFE000B11004DAAA6101836BC1B99CAFD0CB3721
:10BFF000E2A039A4DCE108083B69EC1E1D418B5826
:10C000005C7644353B15E55A329FE20A47D85EB963
:10C010008B503DECFBBD7E3EB06A796F20174DDC46
:10C0200099CAEDDBEE06FC3C773938955098874786
:10C03000E2B8DFB9595DB2961AAB0DFB6BF92BE88C
:10C04000843698B46C7E2C37E547D75C108A5BD574
:10C05000AF4BD93688116C7678A918C8EA32AFCCC4
:10C060009882EB60DA7C9E031A19625BBD6714123A
:10C07000FE9A563548B4071B0DF313656E53318590
:10C08000323CE96526552211BEE0D301B4DB7D4F79
:10C090008124A84CBC03985D2FE17B4C0F28B5DFB1
:10C0A00075080AF687C15070B84B92BBD3B730748D
:10C0B000F7CB3FCD29F67E838F7EBD7F9D42C8851D
:10C0C0001EB872A530E62E502F1C3483096AA0B228
:10C0D000021BB22E1B574F8203D860BB00A4B1DFF6
:10C0E0000AA24517084AFD912D79AD31F35A8CB05B
:10C0F000ECC78F1F6741CD662195CA3E0A8CA724E5
:10C1000064F846A3BF395701A9F12E8612860A4565
:10C110008D977219E17E8F5B3544E7301F8BBBD45E
:10C120007150DB689E5374232B2DF9CFF6DFECD4CE
:10C13000274279801C7191DF00D29789D36755AD72
:10C140008049AD9BA80655178640CA902DA9C230DC
:10C150000C1E4041143CD9D49A1D82034D7E06C565
:10C16000F1307D3CB3F889039F23ADEC1399CAF0FD
:10C1700053F349359FDFB13AA41DFD6C92FF2C8B20
:10C1800054816DC05B1DD3CC9319B3014328138632
:10C1900093A53A3A92541740D1464910507D143A2B
:10C1A000BAEED8E0118C8E765889D6D696AB5F86DB
:10C1B000B5E4686DADF2EC71547DDC4835E0E4A780
:10C1C000AEFDE82136AE46FA593BEEF60F07479F23
:10C1D0003B8D172FE4FB161F1F77FE8B8A4DB0D7C0
:10C1E000F263A8AD3FBC1A135FC9A8C879BA1A8810
:10C1F000862FC3C5E712F071580108A36B8074063F
:10C20000B285F0ED78C88F3A4B44FA7EF8ECE464DE
:10C21000F9B4C718C8E5874BC70D582D976DDBE2F9
:10C22000B9282B3D0156C436129BF0E308438EA873
:10C230001BE7FDC1D939B7C9733BAC082B826990A4
:10C24000FDF31ADF3521100826DC47D9F60908EF7F
:10C25000F367F740901169F6BEF0EC51A04F7BA454
:10C26000395A15B20E145D0DFC5C89048B90E08187
:10C27000887E18BE60DD61AD56B5A9095213A47E53
:10C280006C27481D5D5726520E70BCB96CD30A90BE
:10C2900000DB878683EC88B15DCB60017BC58EFABD
:10C2A000D6C69B9DFDCECD6B31C684235F0BA612F7
:10C2B00075F9DF43FC4F7F81643521FD5793CC7BBB
:10C2C000FD21492E457EFEB6A482E25D9AD708F391
:10C2D000F0B09E497AE89AFF9B73CD8E84FF3FDAD7
:10C2E000C158675E3776DE6BF7852DE3D6728BAA71
:10C2F000CA7CE84F02FED5243EEA7F5E52FABFDBDD
:10C3000092663E9C29FEF76CFDCCD8057346CC1591
:10C31000243F6CD2C3B41243210F5DEB3D327DE864
:10C32000BEBF65A2EFD9FE7B25CD163FDB88D9A61F
:10C330001674A8A0DBB3D4263EFFE2C9EF115CC19E
:10C34000FCB8C57267923F7CF7CE356760EECA5580
:10C3500038562EED1725DD775AB3C3671CA86E1F1C
:10C36000BBBF66B36793BC75E9D1469A362F69CED9
:10C3700056F38B97E1FD92E8B5F00A9E5334979EF1
:10C380005C96FF0A0378AF71F89DD7EEEF9A74E7D9
:10C3900000AA5DB51BBA994149D7FFFC13F5A15F0F
:10C3A000A8D9B6FD0F2529DD7E74DF314966B7AF08
:10C3B000FB49766BF293B4BC6C92DB094C8D69D26D
:10C3C000C379ED2A3ED667FA3867296787EE9B98CE
:10C3D00094E7535DC1195BB416EE4E7A38875CEB77
:10C3E00005E45A2F20D7DB921EDE4AD46952FD1E87
:10C3F0004969DAADED9A19BA377F733B6BE29671F2
:10C400003EE9E14CD2C30C57507C54A52DCE1C679D
:10C4100036E9A13F09E9B1971B6FAF5799AED667CF
:10C42000E6EE97EE63F75EAC22D9EBCF1BBA873E00
:10C430006D3FF4FB9619A7A2233D33067F0DB6E5A9
:10C440009E0C49AE11B34D2DE85041B78B0E5907E4
:10C450006F70EB31714FB6728621B17C6B86717F44
:10C46000F8B09EEB72DDF223DEEDE1E1C3CCED210D
:10C47000E58033B71ABBFDB9A5E8B537DDD81E3E58
:10C48000F4B7E502CE7C66477C98FBDF9CE1833CF9
:10C490002DFCC5E76B7E480AEE6BB3A7CB4CCF668D
:10C4A000E7B7A8CD85679047646992F74F2657266E
:10C4B000C99D23B724CDDE5F8A06EEF29615EBC840
:10C4C000D9DFA0F477CA6014F4F67E49852D2CE2FA
:10C4D0005F6677FFDFC6DDFE2EACDDD413AA4032E7
:10C4E000B045C14AA59F4604153901A3531A61B04E
:10C4F0007B918A6D201016A9BE8D86C618099B21D6
:10C5000045D87D51E9DE58F94504F945F4A2B1DA80
:10C510008E20BE283FA494BFD247044CB82CD4052B
:10C52000B352C44A2111EF2248351A5589706A0B5B
:10C5300066CC4B4886105D06C23F0D68FA91B61B6B
:10C54000B44A0D54EC8238981713C2C94CA7AC6F8B
:10C55000702158BEE2F581DF2A635AE2CF0320073B
:10C56000C0641B60FB7CDA851990E432929EADEDCD
:10C570006F7E3C78F3E635F0250F35130C02FE3B59
:10C58000387303DB5ADDEF04519DC9FFEDFF5AFA02
:10C5900046F02EC4957DC018C8E59FFFFE7F2EEDA6
:10C5A0000D28549454C06B4BD67FF3BF975EE3A71E
:10C5B00066053B9D48D6FF0D285A74FD02C088BA17
:10C5C0001549D84808454B07EABF37E3782253E4BA
:10C5D000BB56CC4AF8DA2A67D6FE23649F15085664
:10C5E000340512E28A3736D5C0CF0E5597910543F0
:10C5F000E36272F521CF9268440ABB7B460178362C
:10C600005CA35523F42D9D64EC63F009F595B4ED1E
:10C610001181A3160B24FC3812138FB26AF4912CEB
:10C62000A6218CD05A4E75F0482E31AE01AD39326C
:10C63000723F1A3BC07A9030D3C69B25EF49232620
:10C640006AE3197BE592332B80FC4C6C4B206A9B90
:10C65000F25FA523272B4713616D2E1A11FF05806A
:10C660005E4FC1D0AB3B4159DD433C738919FF9804
:10C670009CF383AD5E5522C437BC2098169D15E807
:10C68000F4D7174B49BA88C0F459C20108CACB6520
:10C69000F4C3132E51B53B7BE2ECCE6666D7DA10BD
:10C6A000E271D34055CF3721447CA907A93EC22E61
:10C6B000120DF3651F21AF0CB303B0D070B460004E
:10C6C000F555F2ADD8C7F6D5775EFA479BF8AD972A
:10C6D000786E13B7275EEA056898A053E61DD76AFF
:10C6E000D6ADCAADCFBC9191EFCD94C812A77EB2A2
:10C6F0009C5A03F595F85864573C3684FAD4BCC468
:10C700009A4978F3669B20A3906D831B10E3DA951A
:10C71000F80D30F5490E98A868A552C80CCD4B1EEF
:10C7200067C8C228D49DF22B4B5B21CC381258BA73
:10C73000D1C168CE22A0D5CCD4DA1269EED4F36B85
:10C74000A6434EABB25CCBCDE8979822FC77BEF8FF
:10C75000BC6D3A4D7D684E67F89ECDD470B15126C0
:10C76000840616096DDDFFA4E1622C3D5BC02483C5
:10C77000DF51DEB2E9D68EF6D18DC566B77B185D86
:10C78000D83846D69D11532DA3557F1F9C8CC38F3F
:10C790005B17672E0E92DB16B32FBCB3AB7065A48C
:10C7A000D46EC7C2F477C3E801A03DC8A47C072DAE
:10C7B0001952630D680A1789CA72203F4F87310EDC
:10C7C000364DC5F0225A37D48118A6EFA845F8FC9B
:10C7D0007915FAFA8595E05973A9BA88C185027767
:10C7E000D0719963BF8895E6127250711753A39068
:10C7F000AF47F323F0342205AA868273350912ABC2
:10C80000A3C0B7F2E8C2884229D79998FE214EF614
:10C81000ACDA624C607D4B018796388FDA434F1B50
:10C82000E15428C130ABBB30AD70F55783EC67469F
:10C830000BE3B832CE903CFA09C68D276A1B2367FA
:10C840004A3B4F94ADF4ED1A99DA05C68E9565A969
:10C850007C14CF994A1765BAE230379394C275A118
:10C86000ACC9ECECDBA31B3A68E4517E7C3C81460E
:10C87000D27C800070BB1F7E79F5A26F964C27D9C1
:10C880005AE9B41F262B71B999E18299EC2106A8C7
:10C89000E26F906CF71F0F36BAEBA55A4CC73E59A2
:10C8A0008D7BD94EBB97ADF637432372C94882447E
:10C8B00036A18871BA7DF8125DD0F1268E78444B8E
:10C8C0009B3CF20170BD116DB893EA54CFB0B5B284
:10C8D0009A968CBD973492AA10A798DD461B6E637A
:10C8E0006B73E959D15E3B6F1B90980664D37ED978
:10C8F00053AF125A516E81EC0732D7E9743B9DA8B1
:10C90000B3DEEDAC479D0DB9B3893B53A1BD66665F
:10C9100012E77790F99A7267D221ED76C3DE142A76
:10C920001ED32F21875F42D1BA863742014AF2B91E
:10C93000EBBC2E92D575E77741BF04699A1A63E084
:10C94000A700AEC5B92144A7C9186CA01C0D534B54
:10C95000D2B91622B82ED8B30F8B7212DDE2DF8265
:10C9600095EDF3475921BE16462C61C96CB354634B
:10C97000E3400BA1B89ED68E8AE7BBBFFBC80594E7
:10C98000788BE7C772F194BCF0028B9AD30C6118D4
:10C990004C9B97960A21CAA54D766793F32AEA68BD
:10C9A00073633DAC2F97E7E62355632BA8028E8F68
:10C9B000CACAC9CB95B3B52187006493A5B2A13982
:10C9C000EA08C10A28C1AF2F1B100E4EA1E9B61EFE
:10C9D00008983E38AD5D777399BFBC3A7FEDCAECDD
:10C9E000E5E5606F464F66E72E97B9331FE734E5FC
:10C9F000B5B7DAD16638E534797445C8BF2398C233
:10CA0000F30E328F1136EC102FA807F14FC17CA71F
:10CA1000BF1E0EF8A1841F92C2F6C5796507581093
:10CA2000853B14B12C707B757DDA05F38CFFB189E1
:10CA30007CB9984EC62A4B34936F9286DD56AFCAA6
:10CA4000C39664E46429607A55460963073BEC7435
:10CA50005A79E8AF859209F1E98965B3C248B6CE43
:10CA600048CC681EF1195A85676DB5DAAFCB3BC566
:10CA7000B45FEF9FC7A5C4FECE574E253E1073ACE2
:10CA80007F84D1B54AA9C604F4DC9ED0F413742B7C
:10CA900077684B8CE6517C2B7188AE55788A1E05E1
:10CAA0008FB83F4F6B1BDDD2698F1A1BF8354D8D48
:10CAB000AE15656FC56C2D2E279422B0CDA7177AC1
:10CAC00092B0D9B7382FBA437B30E24F5775B5F6DD
:10CAD0000ED228245D1C6CB4878B401346C3F2F041
:10CAE00053F9241AADF4ED636DFFB93BB06BF43C20
:10CAF00076EE1B85EB53FF5C965B6195C74B7169C6
:10CB00001FBF5F3882E576A6833DF47AA65F59A5FC
:10CB10005FBCD6167BFDC94C7FCE657C0AA55966E5
:10CB2000B40A375A7057393E3643857F2B4334B5A4
:10CB300083319D37999B6DEBD9B6D95932860D5803
:10CB40000DE839148EB515E0BC7A548597E770C9A5
:10CB50004969C995E0E7363461A6FC04ABCC8A5A32
:10CB6000D1849FAE30189715A90DD6BB7992762245
:10CB7000BE88226E935881345FD25C6D2E2D6F7902
:10CB8000D6BFBD023B20CE106A23143FDAB8228FF5
:10CB900047E7E3EE65945DB384B84FC025BF7B0FD4
:10CBA0005118A842D17AFD925DDA352D8B3D4ED8D1
:10CBB000ED849A74E1360037E0795A711E363DF300
:10CBC00094387A8776716069559D8AD3B36EB3C203
:10CBD00048D63F247DCE39FB939277C77DC33AC2B6
:10CBE0008ADEBBAFABCD33F96B2E235EC14739FB79
:10CBF00022E3A50ADEA880076E8BEEB2F095ED1A4F
:10CC0000C5E4142680B3D6F54D3FF61A758D6FDF57
:10CC1000C00A8E5A8EFAF78C5E6226B3DE27B9CB35
:10CC2000913B6B9D64F75562D8B04444552C5C3DF4
:10CC3000D242ABC654BBFC8CD46EB4DF7C884DEBC7
:10CC4000D8AEC16053BF9B155461D3BFB8DEB7489F
:10CC500057FC010759340D83D285EBAC353CEE9B74
:10CC6000DB73274A17860CCFF1BD3D7326AD7A558D
:10CC7000C73077874EBE3AF1B763CD047E86CE1CAF
:10CC800053585E59EF3CB4DB303AED1FAF4CA2ABCA
:10CC9000FEE98A234647FDAB95BC25FCBABDF5B934
:10CCA0007FB472622F7E10E229F2C0B3CB6380E4BE
:10CCB000353F87D15E5D52F8218CBEC8BD1788B163
:10CCC000F92D5CD371A7B7072AD87FD28EF6E8304A
:10CCD000B8B585BF70F55BC79F8D034719A22FA418
:10CCE00067ACA9B30516E573B40481C7BFB7151DBA
:10CCF000CFDC7B124D66EE813B3E9ABDB91EB98EEC
:10CD0000CC3CDB8CAAFD1E5CC18D7FA6D45634F4CE
:10CD10006BD8D3C3AA1C772786EA3CAF7730F09D47
:10CD200027A19351621CA5F1B635C0F5E295957027
:10CD30006F7FB3BD0292E68C6274128C67DC9B2D10
:10CD40005F692711E359D06DA7A8D5BD29957A7AD7
:10CD50002A71A261E9950E3F93534145C60ADD0D44
:10CD600007EB0F33A373380A31F139C21C1E4DADE6
:10CD7000B2F11CD1027F89EF437B7660684B74E18E
:10CD80006B06EC97137C39C197137C59860BD1CD78
:10CD90001BEB90AE1FAD403F11B5BFA674E65EA27F
:10CDA0003BB63014BBFDE33A439186662CA3DD30DD
:10CDB000DA9D11211BFA74189DDA4137B3155DD93C
:10CDC0001B27115842236AEE45965F223BDAFD1C71
:10CDD00071ABBEC6A9382997BA7052919CCA238FED
:10CDE00003B39DAE79A4434BECF1C0BDF9F6FF9CB3
:10CDF0004B1C23B8ACA6F1AF4DFBFBD141B8BDFD38
:10CE0000A4BCDEE2351653CEBD10CBA1DAF0CCECDB
:10CE1000A8089B62EBD1A38D47144574C4C5D84EB6
:10CE2000D7E1AF58C88FCB6A3B5B5F9B8FCB5AD79C
:10CE300037BECEA810F8F0C9C1DAFA236A0FB636A9
:10CE4000586ACB7D746BDD1EFC2290E8C19F09C738
:10CE5000ECFC4F247A608E5F4AE9595ED2720E6014
:10CE6000384743B0AF8F686CA9F09386F7F2BC8166
:10CE7000A4D83A74B54FC0D64AE371648AD7348DCA
:10CE8000E09DEDED184AA0AEBDBF6CEFF4F2FDA23F
:10CE9000FC847FF135DBDE36579D0384404CD5A200
:10CEA0002FD39509C7241321D41F3FD7F9939C533F
:10CEB00024F30066CCF9277A0AA76CC14AA1548BE7
:10CEC000B6F9010B229C73CD70A164D6EC36BB8001
:10CED0000630496C962B085C638E39EEEBEF9D9D16
:10CEE00027CB78825B5BE5ADCE96B9D7A613762AC1
:10CEF000F7D7D585ADA9BF43CA77D22768E83D3FAC
:10CF00000EA9D97E69FDA0AC76DDFBD2E3F296FBDB
:10CF1000126B8AA49DBA327599AA2F09D6278283EB
:10CF2000722CB63E6471E36AB2232F4BB1504714A2
:10CF300094F3F633940EDC95DD74BA7037FDD3C7E5
:10CF4000A2E38D45C78E051DD667F7DCADEF7321D3
:10CF5000AD6EF766BA19DB1EA229B1760C9B51DBC8
:10CF6000C1EBF58DE5C7DAFFF5470F9B72075DDF73
:10CF7000B0FD9E969BCE76D79EEEF8B5E9931169EB
:10CF8000A68CB6BEEA1A5CDF94353DE0FD7BD33754
:10CF90008B975BAD27D6301DCDD8ED1C7420B61B0A
:10CFA00047365A818D1639A39A581C1F53625AE688
:10CFB00038E087D6628D6B8CA3F1DD5FBEAD85084E
:10CFC000B5F1AC7661F8A42FA113655B190EF1E8F9
:10CFD000D1FCAFF5BE7F3C72AFC3982323D27B0B4D
:10CFE000B4DCF523B13D7C88BFD46D0B1EF793589C
:10CFF0008B82E37EA0341066090A589E4FEF709032
:10D000002685B978AD7A3EF14CB29A439CF1E82579
:10D010000532AACCB132B6E4271670718A60630675
:10D020004E357669A56F066FD53D46724E4950A4C0
:10D03000649D7E9DC00C149416E318E326F4877E4D
:10D0400046183CFE99ADEBB716E06524D69A7152AE
:10D05000F17E2BE2A0B43DC40C3949756B38D66C17
:10D0600049AC7FFEBD27726F5CB9D751B6EAA27A90
:10D07000735D6E0EAB3737E5E6A8CFCD920D2A8FE4
:10D08000E46BE0D0CE7D0DB0F221B9F0214E4C37EB
:10D090000C53D23B377A2DA87DF7B303AB808CCDF0
:10D0A000B19EAD74A00487625DD567D0B2471B07FF
:10D0B00096E3964F2B539319A6069F0F9D95EDD29D
:10D0C00034B1F3A4DBD912727FD6BF5413CCD9F696
:10D0D00026AC69F1FED9412F3C43AC041F9E50F2AF
:10D0E00015332D96EE89FAAB6275C22F11EBABA505
:10D0F0006BAC691B86C0CF950BF2F9466B623E792B
:10D10000DC1F0E6C9161340EBBB55588813BEDDBA5
:10D110000229F87CFCBF3272DA2CA8F56C04E5B960
:10D120008654FA83B14975731B632112F59C465DE1
:10D13000461429869030BA0CA753830BF4C1263EBF
:10D14000641B1F63A7A1980E8B3240644E4578077D
:10D15000166C281511DA11774F086230E91E47E97D
:10D160003BAA482226E8CA34B6E17466174A90EE14
:10D17000A48C5E148F3DC479A467A5844CA760710C
:10D18000AA3F2879E8B4AFC417950F36BB1B58B235
:10D1900094AC4F265C1463F77BA5435D98BBC20932
:10D1A00039EC4F1E8ED79E603D7A4B4E99EE0B6147
:10D1B000BA47C6055C1800BEE79656BA123F1C4631
:10D1C000FCDB8C61D97B380C0FDC4C309E43C7B93B
:10D1D00088BE7427D169771CA929A74B1B6B379F81
:10D1E0004EC37AD77DEAE393248902E3208807358A
:10D1F00054205628155ACD2DA46A1123057B8A4246
:10D20000360B2AC26A9C325CD63D7FEBAF5F63F37C
:10D2100017E0E6844580E93909220D319D91579A3E
:10D220008938868E072DFAF093445BED46FFF64C65
:10D2300082558CFAD9159230538A0835DE91E1A8CF
:10D2400032A3B98D4B2D6B4B4457D2EFB0A9AA1D19
:10D25000E95716475CBA4E58FD28B56595159244B6
:10D260005490524520E6E09EA72A2EEAAA92A2E216
:10D270003895ABC2446F4242B26A12B933826BC472
:10D2800017F117CF4563626F162772B356A574491D
:10D29000D4297D17C7665E38B9609C858B440EE53E
:10D2A00043D45F715EAEBF7EED442E903C17B55700
:10D2B00036C568E814F7EB739D1B6F9125772ECE6A
:10D2C0009E03CF4C8AB154F3F0017E04D9D886E98D
:10D2D0002571301135D82ACAF056188D6E3079393B
:10D2E000231620C6E6BF7AF4707D1D12527BA5B3CB
:10D2F000D57E2822C8F13847A5F91A492B0ED5B199
:10D300001EAA17D3BEC741B74849A2143FAEA8ED25
:10D310001A6AD82CAA65CC2C8C45D7DD0939C01BDC
:10D32000FCE990408FDDDA191FE1F32C29CB87440B
:10D33000BD3CF0B92C4B99CD0F6851EEC1049E480D
:10D34000485D17A6856CDFDC015F8759EB7696CDCB
:10D35000355665AF8CEC149EC419723DFB224E8984
:10D36000CCB6061A248C12236986350BD750833E1F
:10D370006159B34613E7B4C8E360A8419B17A52FD2
:10D38000B4DC94085C585786E507E0C813955E271F
:10D390002873CC4D7FEC35418373861204AD018F29
:10D3A000F4023AAE2E7EEA5D31245E7859A2E4287A
:10D3B00056C25B4CC3992D69975769C74AE6792FC6
:10D3C000E70B02DCADFDCA781C6C59DFBCA86A9380
:10D3D000CB69D630D434A3653096C01C44EA1F68AC
:10D3E0003008032507955049921EEA3B4CDFC5A43F
:10D3F00014C5756F97BCF47631B196F27E81839E29
:10D4000066A723A3111C786134AD7C0586A6229CF7
:10D410002E1C89527E9555C017A5994BCD8A6A322C
:10D42000DED90C6B23658DC1993106A7BE3198AA50
:10D43000F37EE2AF215A226642892CB7B368C84B0B
:10D44000ABAFF4082BB837296D0B30D8791F88950E
:10D4500099503E22160DF5B869C398343C8CE134DE
:10D460001ABB5C2E634773F29A7F225D45E4B33B9F
:10D470007D5869A9119301C6565F5EAEC557E74254
:10D48000DDA86FE552CD8AD9A58AEED3328C651A14
:10D4900064C14A06D290802EC44A55B8564BF2A8B1
:10D4A0005B33BE6E2A9D6C476246F1F8FF6D36878E
:10D4B00077F3AAAE76858DA54B1BFCD956E690571F
:10D4C000C38231FEF33DA380F04A45B31F563C6151
:10D4D000E09550AAA15770C850C36FD018F4C2A1EC
:10D4E0002CE8254EB441A70B9DBDDF566A2EBE2603
:10D4F00014E8235AD1DEE2DBFC6EE99FC07DE2181E
:10D50000D6C444E6293F167BB162FBF662B573C010
:10D5100040EAF3FCBCE9B960454C5C38FC0BB8A4AC
:10D52000B1F6D9482AA3BE36C722513B223B0CD6BE
:10D53000A211F9868AA8341E984B9E85E6A79C778F
:10D54000DAD2A85909A4AEAAED411B180AAE1431CB
:10D550007652337E0DEC5848E81B5C1065BF0B0912
:10D56000C51F1957F7D62076E698AE7BBF1A9CAD3B
:10D57000763B251E06FFE1A0369938875629954946
:10D58000688BACD45A18B558CCA2663227C6DAB725
:10D590000A1D90058C27A0B90DC7DC9D16C5B98D55
:10D5A000C215491F8E7AD6D5293D83D6361B8D6D7F
:10D5B00098AE93ED6E9DB7056156701064FBC1EF98
:10D5C0005631210176E7255D480ABD49FC6F98D5A3
:10D5D000563FDE9C277816C0CB9ED8BAFCF25A3E46
:10D5E0002C926215339DC46738568E13C6C2C4D1BF
:10D5F0002D78C9D39C27C2691243A18AC50FEC9A22
:10D6000011DC44A221A80F228FB31C6F21EC9A9C3D
:10D610005BAD371099B88E3C063DFE12032D487A5B
:10D620001920FB6F200ECA44BA69CEBC4C10B65A02
:10D6300024AFF732129BF26D7A6DA8E78F91A73273
:10D6400053AAB0B51A9149144C6AD925DEE2E58493
:10D65000B19216942612A4B98BA7B8267785E0F765
:10D660001C31B74BA2ABC3CF19FE28A3873C569100
:10D670005C31D2CC56EAB65156EFCD388F47AFE089
:10D6800087099418051EC266E50F39D4A4C576B083
:10D6900082B5F83C5DE3334498449CA29B67F479DF
:10D6A0006DF25618FDD00CFE05418B5E1F8DE1C654
:10D6B000CBA5666655DD3CF968E07EAD042DECA88F
:10D6C000780CC0072E25300C5D03C42245D273D1DF
:10D6D000878DF2E12543395A053DECFB81D31F3498
:10D6E000FEF8B7FF16659BAE3EF11D36A3053F431E
:10D6F0009C602793D99993B5236D7EAF4E0A4D2F29
:10D7000006A5BE00B4BBC69B21307AF54D13DD21C2
:10D71000636AA4244B826B404A8A9624DC196C7E8F
:10D7200073262B788D86222E50741AE63B67B1281B
:10D73000362E520506284337AC6C2AAD4C5AB167D9
:10D74000E60A67FAC9AB9730D9E9F45881CC353489
:10D7500096B6C155436B9B332A606ED2094C3EE9A5
:10D76000718AC829D7881A3694A947E0A10C0ED02F
:10D7700095A243394ACDF8A568090300D30E9C341D
:10D780002DE614400832C636DD8103E5F0A3802083
:10D79000FB99FC1F1B124DE2ABE405A4130EB0D99C
:10D7A0001B600078187A82A8DFF45BBFE96CA0F8F0
:10D7B000D797EDB3BE2CE013B508DB5F1FCF2F6901
:10D7C000710AAA659C75747742E494D18B279FF9FE
:10D7D0002814DF76333D7677A3877C610D06B5B5D7
:10D7E00016D11CE9016322F7BCAAEA1B3DAAD56C3D
:10D7F000BA50B6C244FDE5B15F631460EF6367D60B
:10D800001B7F79CE2DEEADF47A608E7F9663A5D224
:10D810004DDB44341B473FEB4025DF03AD069A1B2D
:10D8200070210D82456A43C30C44E598C0944DCAEB
:10D8300062269C230803D3B4488EADC969FEA5FCBB
:10D84000B663C8AD7B110D8C129C60832E445C1EA8
:10D85000E8C70FDFBB6D52300C246F9C10A12FE97D
:10D860004A48165F43B4CA8D8D0FACD4306D353E37
:10D87000A423A642B639C6E9070EACC243D3BAAE5A
:10D880009ECD507ABA4FD3A5DB7EF923E1DFB00DF0
:10D890005387EEB66243054C53887CA90129AEA696
:10D8A00079AD61A553F751B92BEC26359FF6CA7CAB
:10D8B0009420A0735DD3A9579524A1CC2D6534A3E2
:10D8C00025341EB29849AE074C461EB8DEC99AB23E
:10D8D0006B48D648B3E4CE933EC9B72E956705F59D
:10D8E000B3808B4A27316609CBB3EDE299A48193CB
:10D8F000D1A0DD859A98186AF03D14E027D3E03D69
:10D90000417025514370C4EEEEFB0FEFDE74051439
:10D910004F8205143C1430DE140FE134DC2BF78CFD
:10D920001CAA55926BB4D013BB1FCA93AA0E52A760
:10D93000E4C46E65E35F2366D6AA97CD5D84CABE54
:10D94000CD4462D29572A9691A9BC2667FD129C063
:10D95000C0E69FD18F5380A63F43067B12629F246F
:10D960004D21E5006405E1BC639C5876A80AB2A08D
:10D97000E5C076A6B3BC09B1F45EE7647DC57ED28E
:10D98000EB793B37B93826B00B8821F8BB2F4D1DFA
:10D99000406C5541E29B775AF3011A69F0F9A0F502
:10D9A000372F32F3E33BC1EA6B8A1A1CCF39288E3A
:10D9B0000AE2F7F27295666AF572CF2229D8D7C2C9
:10D9C00048C33AE57A84B56C7EA03A03D157F64154
:10D9D000032EEDFD9E85F0336F4473AA20B01FFD2A
:10D9E000666C13F24C4E00DB080C205991D728DFEF
:10D9F000F442A5BD0E76AC2E3C9E1DC1D5A4A7B5A4
:10DA0000F25CC6949F2116980BC65BDE49C98760FD
:10DA1000B2B1C306EBC946D749701D289536DA6DF9
:10DA20004852E12CF1AD0C97393EEA8BD93FAEEA72
:10DA300047B57116BBE3A8EED5F68279E3CEB58E75
:10DA40001324221936EB3620C9C77ADEBBAC521834
:10DA5000C5FF76ABDFC1F33B5EA5D5204AF1656E0D
:10DA600023A14D6A3B7D0FA2A2C931BCBF1F3CC59B
:10DA70006161B3F6FA842C888408551916AE487F84
:10DA80005B4D0FA2FDE023828A2470FC2C05512BF4
:10DA90001F23D2458F431DA1999AA035D1FDFCDAF1
:10DAA00075ED34D6040C16C351FAD22D3BCA30F9A9
:10DAB00007C90800B4173E2660B9A230910A74B9AC
:10DAC000A4287406F532111E181308FAD982A7C3C8
:10DAD00064C270B07E30CA8B86229B8162748323BD
:10DAE000287043BFA872B778FC5CF3A04B1079395B
:10DAF0004404D596760B6768722EA584790A0CC10A
:10DB0000F9709939E2B327BC69D3E78726008EC63E
:10DB1000748367BA75FC962A586A42B4A5811E5F61
:10DB200066FDCA9F8002943727A7A961C14A8ECD9E
:10DB300003A6BB2C2C54D4ED94810659FE135EFD34
:10DB4000FAB56C489490CD3906D7A19B837CA27B13
:10DB5000DFBF9F48153EDBC78DFB41BAFAF56B85E9
:10DB6000DE96EE0FA3BCD255E7FCE69A7B4FEF2D75
:10DB70009BEA59BFBC812369861C9A5EEF25E35A54
:10DB80002FFC51E7C784FF9C69C6B74EC29C6678DC
:10DB90003DB8BB19460B9E8C5F8DA0AFC21E0B44D7
:10DBA0008541AD3E6E0E5A9FA1831BECE327758124
:10DBB000DDE08C21BDD587FA4CC14B27F88638743F
:10DBC000F78534B252B08D73213FB14B6CE189D2ED
:10DBD000E1B1F3981AA8FF84B9B8E567BAA65D1158
:10DBE00095BBD05D4CBBE6B6B648881922F7C41782
:10DBF000BD94E34CA76F4DA925BFDD4D53A37FF323
:10DC0000EBD712A848FB45A83D2B628451C05CB5F8
:10DC1000F7BD31108429FE3EA8BE4C36B2F6B243A1
:10DC20005A15FFCC9A4BE79C1684DDCAB899B1F718
:10DC300018F3B23549E8A677C42DF197C98D4EB0D7
:10DC400080E3CAAD5527568F900922E83A31D99F13
:10DC5000A7724BDD8A9A443CD56C8D5850B73C4135
:10DC60001C0B601723B4AC42962EC78901D96DDA1C
:10DC7000D628CE2E56B13487F44DEF3C3FFD4C7A7A
:10DC8000789A0C3F27A3B201BE5C77EB61F42ED8E3
:10DC90000E1E39AB7FFF56C528E07929774A8B8362
:10DCA000CF74F990BF611500D83BE6CD7D1993E89C
:10DCB000C7767B56ACF64B78F2D482068B0885D9B2
:10DCC000AEE0114379A38D354255CF0F4F702250EE
:10DCD00025FC792A8AFA794291CA9C552594C7472E
:10DCE000CB5C965C74AF0A8C9C28607241A6CB32E8
:10DCF0006172E1CF8B5552CD55A4EC9D422C19D5C4
:10DD00004763811E451BE3340954880CEED469B483
:10DD10007C04EAFAF7EB2CA0980DDDFA732273AFBE
:10DD2000DAA8D956B7945D74C8B53D9EE60BE613E4
:10DD30001BBC5CA5CBCBE5EFC11C568AB993903FC9
:10DD400092F1C5A74C2540FE4E788B74EC60A3255C
:10DD5000013D58264846C5258A01AC5D72208E04D7
:10DD6000A5C7BC739A2803653227942C94ADDF7045
:10DD700050C2036BDF686CBF877D92572A924B6558
:10DD8000D6C15375AB15FAA773E5C1AD8311BF4377
:10DD900097E30EA913FC29CF415EF5E55649E782CA
:10DDA0008981FFFD3CB034B482B43213BF0E42DA35
:10DDB000AD95542495792543896CDA63B0C6520930
:10DDC00086AD360018C6F419A16AD03ABD3034FECB
:10DDD000FB28644565E5ABA948148B5820CC2796F1
:10DDE000477C0D40A3966016D35011E4E008979746
:10DDF000F525315D946FA9E9E21BDE331E06E1745F
:10DE00000111EE6B77E83BA8A7869609C4A7A9FE87
:10DE10004E8E15CA6D26269D721CAA2FD27672814F
:10DE2000FAEC17C2993B18D12A10BB0FDE0E23B6AD
:10DE30006ED54FFD0E80ED7FB3FBF4457F7D2BFA51
:10DE4000F0EE537F7D1DC8FC2FFA5BD1E4EA4494C9
:10DE500014F84B55D2B95C5C9D07DE99E6A1B198E8
:10DE6000786A13BEE1A88E5CF6EE07E3B2668B819A
:10DE7000FA95001B340C34B90D3144026B572C0D4C
:10DE8000FA023050F27EF917CFFBA7E16445C1CE0C
:10DE90004E6C5C7774F20E919BDEF5ACEB258D6DCC
:10DEA000F67CA5AB1B94EB8A0564611F3A1E2C29F6
:10DEB000DCA256026A57BA893726B089FC46183167
:10DEC000E87E281A4B9F31078D4E57FEACEB9F0D15
:10DED000FDB3D9356D5EDFECC98D47F6C6465B6F85
:10DEE0006C69C1C7EEFE96DE7F626F58E0AFF6C187
:10DEF00060034E4CE635440AEB5FF3D98EF96EC7EA
:10DF00007CB8E3BE6C5F301FEA3C360DB40D352F94
:10DF10006C3C322D36D75B6DD77453C386F9E4461B
:10DF2000C73D316DDD344F36DD934DF3CEE67AD704
:10DF3000AD88193CB9725938D78AC7EDC8CDEEFA09
:10DF400066F4B88D1896D3B52D18D257D6D7BBEB3B
:10DF50009B536D9B69FBD686FBDE13FDDEBAEB7629
:10DF6000E7490FD8E63118DA6E7D75893BED60BD63
:10DF7000CD20C4EA62FF8DB7CA36D6F1C98766E9FB
:10DF8000ADD8795FD9F214E3D9FB7CA2A62B63BB91
:10DF900060C41963731135B4B2BEB5B2C51AE06F6F
:10DFA000E5E710006F34F7AD954F77BF4796FA3D20
:10DFB00086A66A2A7383B569062E3E6248D1F52A81
:10DFC0006A0CD7D61DCED71BC2FA5C4F23FEB99977
:10DFD000369ECBE54AE16E50C97ABD2AD7B1BBB6B1
:10DFE00057879EA87056FC36F6F308A8FE29A1C5EF
:10DFF000694FCE786A432ABB65EFEAA4DAE612EBF2
:10E000009200479FE18BF6696D1D2EA6D6C1BE1FFB
:10E0100014D770DEEEE3EC02D67280B3F5709B0A83
:10E02000E086D0E97E401CA2A071CD1F097EDCF005
:10E03000478C1F2CB34A0620BFE0AD7C1AECA0C46D
:10E04000644828A9ED353EDD39EC7DEBB62DA3BB48
:10E05000C521BD5F202081C89B92A44870E800873D
:10E0600015746D8A8402C90F3A0E1606167C244276
:10E070008039EDAA453A479CF97EC7D222439406DF
:10E0800087DBC3F4028CB5ED16433902545FC4AB91
:10E09000FCD9E7D7BA0481091A43E9ECA7D5CE1613
:10E0A0002FB4C35C1D01405F82C7C1DA0E21965CAC
:10E0B000243EFD6EF118FEF12E8A7D7D903BB286E6
:10E0C000482543D6E0F52CBD1AA38D18F2706532B1
:10E0D000ADD2A89441EA588B910C4270949E80175F
:10E0E0003B83D20EBA92D0922FB3C2B64F6C478602
:10E0F000C5D8F403BF308B5FCC15F8064E1923CF7B
:10E10000839D6DFAC1D837265F56C16440C8D4825A
:10E11000932F65419D67C47E6FB9A95ED9C4CF2F87
:10E12000E908BE8EC1A3F5A0719A20B9124040D66D
:10E13000B7301E28DED9C08868768046A336C8F876
:10E14000120ECA23F321FEF43E3534DFEA6CF8C325
:10E15000FC5887B9D346ADDB6B273B872B299D98AD
:10E16000DDB860002F60AEE13C471C4B33308FEFD1
:10E170001F98F1E2816137D6E77598CB609DD7AEE5
:10E18000D74F027A70A33EE1D398D62B2BFC01A87F
:10E190000CF4D80E343FB0E93ED07954FBC213EFF3
:10E1A0000B665837EEA8940DB093373EAECEDE82A4
:10E1B000CFB4EFFE406DDAC6FEB44DC69F6BB3C65A
:10E1C0006FB8097BA213F6A39DAFDA792AD67ECE6B
:10E1D000DB1D1BF00C4E3133EBC25F149B66517498
:10E1E00064F3AD9755FA0373145FAC1E9D04B5C973
:10E1F000DCBA63323B662836D9F67A55C727735B9B
:10E20000B7B0F6F6FC7A81455821A7DCD50BEAD5E4
:10E210004E9B9AA5A1151A6B28C10EBC071C7DB593
:10E22000BC468D186D46DC2592450CCA14DD367B44
:10E230001067914D6D977F437FEB741ECFBEBE1F5D
:10E24000FCF15FFF7733D9B3B0E3FEF8AFFFCEBB8D
:10E250003D6276AE89DEFF770D8696336714ACAAF1
:10E2600052240D0EF633C500AC6ED659D646495F22
:10E27000E7C7A830D124788D90ACF0108767162BB3
:10E280001804F3292218AB99D6033C8BDF9D82EC4E
:10E29000F257E7C04144A2327B77E380764CAF511E
:10E2A0001B732A7AF7B6F1C7FFF67F6998FAE8E39D
:10E2B000F1EEE54BDCFA9F1BA6E26A158FE65441AE
:10E2C000C1D7BE9FCC7DCDE3E7DC3978F88362CB44
:10E2D0006F90E0C5272D811DC6BE873E4CAFE1A2E1
:10E2E000C72EB04902F6CB8A370FA64CB838968BAA
:10E2F00047F80AE77EEB60A07B70EB40D3058D6D9D
:10E300006A44E3B5A25910F5E0041BF0C7BFFDF75E
:10E3100054F7FBA94DFEF8B7FFD3CC7907AF5CEDFE
:10E32000C38AB9B3B1EE9D809BFE09B8E14EC070BF
:10E330005A63530B8F4DCD8449952C19E1CCE11ACA
:10E340009439067D8EC00EA3899EB983B12D0C63CE
:10E350000BDEC095023940C41D1E7D59C363C7BD85
:10E360006D4B9B1AA71789D056B962C8D14F176356
:10E37000209743A231BB15EF4FC0F5797BD6A73567
:10E38000138FD0E8CE9E1437F40392FA5655D60573
:10E3900007D7954C8630398C482DEC68E6F0F3E6CB
:10E3A0003AD6080199E66B3BAD5139E35B0753B3AD
:10E3B00050D60FC40D89E93CCCEA5877CB6C6A453E
:10E3C0008D793B653F60E24A8C24929BE25F5E6000
:10E3D0009DF2C2EC5EF9B8DD478AAE5B59BEA5E896
:10E3E00052D6AB24E78F7FFF6FF0C26442731AB03E
:10E3F00058418E64F5E246851C6C79CBC172B51E1E
:10E40000A6E244DC75032610F29C01E1BE413D9B6F
:10E41000E7C829E804C2C44E3EC151A089B44A41AC
:10E420003873736D2D2080A45D9BD6CF0D0CDD3726
:10E4300020639383360E2B25308F974CA64AEAC172
:10E44000E4C971D12E4FE44DACE58745B9168E4134
:10E45000268135757E4D98C6E62ACF843CB48C74EF
:10E46000E26DA764CE764A4A46DBC2E5623B3601DE
:10E470001F5A690606BAD68CCD4DAF05293D32E547
:10E48000E370B570DF2E9D96D7E158ECBED30DEC4E
:10E490006A8230380FEF69F10676F0DE8B377056FE
:10E4A0002634280C2A0B44018570F9A69429CAFB4E
:10E4B000E72E7F45704BF781FE847C37C88FE9D308
:10E4C000042139F7AD2A63F240C4E46DA07652A46A
:10E4D00073E20FCDDD77D1DFC730135A121D9D0ACD
:10E4E000C6A4EC53C104AF255DF0A1AD81CE5A584E
:10E4F0009D0CE610CE45E303BB869F014028890DA5
:10E5000018DCD0AEC8124FBDA8E3A90F6757E3C50A
:10E510003FBBD538FC73ACC6E17DABB15444D815D4
:10E52000B761689044DA3CFFF80209876017C7BCFE
:10E53000023B1E39DC4188E22BC9B1861447E6A6AE
:10E540005D8C5691C1641A7E7C7ED22F66635DAB72
:10E5500038B89945C1758BCA02D1EA9332094E4940
:10E560002B9D4951045EFA9E950BA63B2B041B92F2
:10E570006E66DCC7AC169DCA9DF2FFF3A71F092982
:10E580008A1574D06256830BEC2FA7893150779E81
:10E5900004F5C32DAC919FE9A9EA4CA81A5A02468A
:10E5A00002463E61191078578255E23EFDB5645E21
:10E5B000E6485B0D9199E8C262C4271E7BCD8AAE06
:10E5C00004530EBCF1957E8DB53FF299F899839571
:10E5D000BCF6139E9E91BC798EF31DD85AC19B76D2
:10E5E000F4A4113FC13F6DFCD7693C89569F344E5E
:10E5F0008D645F7DF0A471D5C1B355D6DEF8831567
:10E60000F144F5B14636DB44655554B41E165F8DB2
:10E61000C52F6489FF282BBCF3D82EE212E5AE3D4E
:10E6200028E3A73A3FDA0D342917766475BF0CF555
:10E6300063C84AA95395DC42335F9C1896E4D3EA39
:10E6400093A9FD6C557A00BBE11434A64AB857E390
:10E6500091A7AE8189C3A8781745C1A8960E8827CF
:10E660001D9DA4AA48471D2F769399795E81DBC929
:10E67000E62D04BDC31B56E1D2B6E25EA6B2DE961D
:10E680000C3C9764CECE42D2CE4CF39D76D9A89462
:10E69000B100254021938E48C143E2BC1CC9D96F0B
:10E6A000922535F3155B8D6B2D1520F8F2A392C2E0
:10E6B0007D964C4D54C35D666981D58CCC5AF293DE
:10E6C00098DAAEF2309A99004BD53A86AA65542270
:10E6D000EC7075DAB18561C529CCEBA3EB059BC164
:10E6E000C9CBF62A2C8FC56F1876283A2BE35E5ECD
:10E6F000CF0E7CEE0FBC6EA8D9B19FEDE4F88A5B1B
:10E7000043556657AE4EA334B33AB3F5D5C70E089A
:10E7100069D56991643CE62C48B7E0178DA8D4D937
:10E72000B9AF1A9DBF38F4471B3596FAD08A76994F
:10E73000CF02EA2A02DFDF85ECF8F318F07013CF7E
:10E740001E6C01C8EFF23AD62457D6F7B88A54DEC9
:10E75000A39947C36F02BA9CC05CF99B8F6F5EF7A9
:10E760006B796A4D508E23E08A306F0F51316A8980
:10E770002FC6DC3A2A285A4EFDEF186927C755588C
:10E780001E4B7E9E3036B0E20D28D1EAA6B6C70FEA
:10E790009D23F47A5B209B3B5B6E7621A1F466940B
:10E7A0006E6C0C8E0D712AF11D729697D52BC4D804
:10E7B00032CB03C4AE49BEF1BD2745553FE60E88B6
:10E7C000A2724064D35219C39DED05349A15E7B384
:10E7D00023EB0CB07D183B65F65CAE662A8AAEA9C9
:10E7E0003743BA7C3EC1684093A7189905A0C2FC84
:10E7F00036EE9DB5D5668ADF2AC2420555F9FE542C
:10E800006B85C4EBDDFADCB613834B771BBCAC1C09
:10E81000795E2D93F69D81C35848A09D6E210E46CA
:10E820008D2C4CC4454E5A3D8B16CC632CEB5E2E82
:10E83000A95F0038843D7BCD5AE0CB908367E77AAF
:10E84000723194796A1D09F568F10C172295F2B8B6
:10E85000ADD6719A5A3AC6EA8463345427ABBC45A4
:10E86000BC73EE1396AAEE93A466FDD789B9BD12C8
:10E87000C0C7A705F6C9D1251657E0965C204A1BEC
:10E88000B7E698025C979DFCC2CA03370659D63E8C
:10E890009A30FDCFB4E2010DA3CD65A26C18079F9D
:10E8A000B7E03BA38E96A167CA117012E0AF1222A7
:10E8B0000A63E8BB49C111C0A5117135BAF85EAC55
:10E8C0002B64B4758EED6AC6A7CF95957C4AF6A4E5
:10E8D000608A2869420B8903788AE08B7A69194F2C
:10E8E00089CAD35BFB52E0A092957A4F1D229D11FD
:10E8F0008A2507ADD1409CFA00DEA19ED4A3D6E4C0
:10E90000F2086E1ECD75E013EDEC009A07297791A1
:10E91000A3676787285AE172A7E606E76D8C8A1B12
:10E920003F2BABD8FBD59B1AD9F964F88C6FF578DF
:10E9300054DF2D3FE0E57D73381D04D61759F20FE3
:10E9400060A9F201A6BB35BEB264B01B5491208110
:10E95000D13028479ADB4B1ADC8B2BD1606A80CBF5
:10E96000294E1AE35C4EF8EFD2A7A1C84F4EB0363D
:10E97000823FC01F219F81E8F9C12DD1464BF6D6B9
:10E98000A276628B7C7F43675B01BF8A6869413BEB
:10E990005A641408BF1C78C8457ED52B6573105D7A
:10E9A000E95DE5777C114DE6278BB99FDC77F6B6FC
:10E9B00003FFA35ED57CE6751C3AA785FD2292B1C4
:10E9C000F8F653BDE99629314FEEA6A3F49FA8A708
:10E9D00012F6BB2D91B182819361411EEE7B4632CE
:10E9E000213DC1C12127C13DB2662DF7B097312E1F
:10E9F00074E16C148CA4AE929E212CB0B0CAAE34DB
:10EA0000E132B1D185458C5E921697EAF19289CDBB
:10EA10009D8CE1F8752224E549BD03AE35C6AA50A8
:10EA200036464F881A8440D6B789A273EA3632AF89
:10EA3000FB4068639A2F33C51A512EEE10C51DEBAB
:10EA4000ABBBEE97AB764ECE65786DD1F8028416EF
:10EA5000C1D06BE68C025F6B6A9A6B406D20082E0A
:10EA600002A623B42373771B6C1EDE8633307374C7
:10EA70003A1DA7F43492236BDE1C6A9320DA0A0550
:10EA800059EC6FFEEDBE4DCDCBF311E3EA714B892E
:10EA900057A4373E22FABA72E3B770E164A08CDE65
:10EAA0002C43C5EC97AC8BFE1DDF5A5A7BF5F6FD67
:10EAB0004F1FBF7E04D97FFA61F7E9D7BDDDD7BB11
:10EAC000CF3F9A683C17D71183A05E25BB604C717D
:10EAD00035601CB8A454EBA593D7F1484F3B449F35
:10EAE0002C2F0B758D47AF25AAA6A4AE3A12AF19ED
:10EAF000655782A7D83DA3102A4BF3AA62D17A5D4D
:10EB00004B275CA2B64E00AB1C37AB3108E58455F1
:10EB10009414E53EF3ED99DC68FE1EF40D91E5D208
:10EB2000AE313F668135E3C140FD781025A37FD724
:10EB30000C5A9DB976ABAE77C78A7D123E245AC671
:10EB40009CFD0AED992B5076B1C83FE517E35A9A20
:10EB500056387DD15DED193123C1943F8722272B93
:10EB60003E281290734A6926AB4C7D04FF676538D6
:10EB7000C235E52EE0A7D28C57B9E5CEF5C98D7D1B
:10EB8000329D0A8838065C634D953EC8EF9E75BA83
:10EB9000026E1542EC4A646E87AE9F8DDEEB43E356
:10EBA0006C668BB634972A3107F4CE2BB8C32DF19F
:10EBB00023D581063E12EEF54C86D4E16920548AB5
:10EBC0002CA25457B60AC6D46CA49876CA40021A2E
:10EBD00021917108059A0D1AA672A44A0E68459EE5
:10EBE000780750D89BE3E76FD9513FFBB228A2A426
:10EBF000E89B24BBA4225FC6FB7791FDF57BE02A4E
:10EC0000D3777DC6855F522C545C1EE599545344DE
:10EC1000F32A2AA9742CE7F96FD2A276A09BBBAE87
:10EC200023BC5E70B2F7BC460973206D8A52006344
:10EC3000D4040CE32809FF032CA29C1EB0F4E25D6F
:10EC4000D4DD68FF962803DDE025ED87D3E8D6A460
:10EC500027D81DA74C71A4664538DD42F91B400238
:10EC60001EC2EB1A9ECBBA0EA0F79B1EF8BDA49C49
:10EC700056CED79D91025AD8F55CDEF4FB2842E2CD
:10EC8000FC71FFA6EEBCCD61922EBBF3C6F829D372
:10EC90004F9804524235A52BB3F1A2C6DD1CA156F4
:10ECA000E7C58BF149336080AC0DEECA586FA427DD
:10ECB000110E73090EC4E9610283A41E7D08D102FE
:10ECC00067D1CC78EAFBF3C770281A86855D73E4B8
:10ECD00063DE5A734895BAA5AA1B2E386232AFCCB0
:10ECE000DF6857F474C53662F230F87490F0FA8F2A
:10ECF0009B1EBD88F4F19BFC8A620B21F86067C7FC
:10ED000045F9116247E2C65B132D129B5011E4C80E
:10ED1000E66DFCAA0706C56A76AB8659D5027D2248
:10ED20002760DA9E90549607223C7DD8229602BD39
:10ED3000309A90E2ECFC93B0CE35A20CC4145196FC
:10ED400038D616631D94CA365997B3554BA15292C3
:10ED500072876AA2C729A3F18450CE9D12C09A8CF3
:10ED6000F3090F63FD6460CD89B1808E83B902938E
:10ED7000964B566E30591842351594D4802F513920
:10ED8000C9C4E22B85CF6EA795EBA9808DE44CBC5E
:10ED90008A5AC8B3CFAB269BAD26F7AF735483F71F
:10EDA000F352E02AE92D81AA7BFE1217D5294C697E
:10EDB00092F49C4C618E7F732E770D88036F350221
:10EDC000201EC359A63688D1DD0195F7277AEA08B7
:10EDD00088E8C3B87A7DBE8789AB023AF4DB287B2A
:10EDE00041E86C5D77E6A081E136EC267CE62BAE4F
:10EDF000BCBB995FF686776F0481CF2BEBEEA675CF
:10EE0000455C993300956D4B6243B88AEE489AB1E0
:10EE10009BED5CFEAC188B491CEED4D47DBD4A182A
:10EE200054CC7E0D081F64B588FC6DE3CFA8674BFA
:10EE30008155D34DAB81D73A52EE3466DCCC36F4F3
:10EE400003E581EA311BF4D4A77910A00547635F7D
:10EE50008E6661598103AEB8AE2C981E36C6A16E7F
:10EE60000CC9F3B97067C86CE8B6A8FAC32A75F084
:10EE700000B9EE2056B20F7004F6CAA60006CCE820
:10EE80009ACA55E79E32ED4C7921006540CBC22BE2
:10EE9000445C54A554EDAD2277EFE0671ADE4B1CBD
:10EEA0009CC68B22733825A5415777AFD05EF63BC1
:10EEB00091081833F02378F743C254051B4B1E8387
:10EEC0002E4C9AB7F4AA4279B8D2231A40D20146FE
:10EED000E554099AB8E39A227134B62373E37EFFAE
:10EEE0001EEF505AAA4CB1651AC0361E08E2947B38
:10EEF0007A457906EBE5A0E781DAE96A30C7A8B27E
:10EF00005FD1A8AD51DDA737E7391B72BD1A6B423F
:10EF100005FCBDC189DAEE1A7EF2AADD254C0EAFE2
:10EF20009007A52BAC2756792C2ECCE436E916CDCC
:10EF300077E0DA322D83CF6D4804B6DD5D13CF89DB
:10EF4000F3A8229D3043A183754A89CDE7DFA4A1B0
:10EF5000912A47FF9E28FF68C0F76F0AD720BC3F61
:10EF6000E705836EF8D8E7F139C6A7C6B82A04BB0F
:10EF70001E8D724C6636B5B7BD67BBE7719E59856D
:10EF8000EBE4D90AA75A012DB2F7D1AB72B3CD4841
:10EF90009D106D7DB9B9A9E730048DC89F36735EA9
:10EFA0004747CCF2DB356512605398723851FDE269
:10EFB000089F162C28957CF5E4BEE5BB954ACD2923
:10EFC0002F9556CE742B68301E2F9FDBEB7CA6D777
:10EFD000E698C92BC74CE87F4EB9546E59C23CC65F
:10EFE000E6C0C9BD0367EA27B649FAFE577AA2828E
:10EFF0004830405E64F582DA4DD1C89E2FDC7A91AC
:10F00000B9A90C4C95B1E8CED603904DDBC614419E
:10F01000B95397EBB0C27108F173EC469DC0EAE9B1
:10F02000E4D1420EE7A4B27927DFC4E9DB6FCF61F8
:10F03000F80181C0C9BB8FE19F21037681104F7316
:10F04000EE04A7F5094E34121EE160CCA93E2C2E29
:10F05000C6F859AE6B7B52958DF563A3BDD4EF22F4
:10F0600070F9F92B932593F945B08F09438A30ED58
:10F070006A2CD9E2E697AE06B117673C23ABC5759B
:10F0800099A1B496BA106F8EB81B8070C6CF661166
:10F090004115C6975B08B978F2CB73C2478A03590A
:10F0A000372B13E8215D4FE4859F083C2290956F34
:10F0B00025DD9F505E49F947DA0B086672C85DE0AE
:10F0C00024493DDD4531C23277E319A8A3F9C2D501
:10F0D000B82657CDAE28275E2533E2D5DC2E0B6B44
:10F0E0008F8C5689DF93C4F524F9AE9E4C24A594E9
:10F0F00083C1F2E7A9B2C761500FA2897F524EBC0B
:10F10000A332BABAD653EB3ABABAE91AF38B92C021
:10F110000A292543195DB735D5625B722D622377C5
:10F12000E72EF0C8681F4042A2A1FFE1A1FF611CC9
:10F1300047DD3432C23BC0A339985D24940BA3F958
:10F140007C035577900821325C0ADF80534859854B
:10F1500017EA4CC47EDFC971E8A2331C873BFDD59A
:10F16000B3A63CD09697FF147643B437A5A606AB5A
:10F1700047D82615EBFE145E242A8C9A4DEA99187E
:10F1800040E2F99CC79A9419C1B0BC11ADB71E8575
:10F19000BD3FE4F9D9D3425F1DA2A0F97103876294
:10F1A000F979D52EF50DB23EFCF686BA1CF4C615DB
:10F1B00013F49A2EAF6A53B0506495980237AEC0DC
:10F1C000EF4D811BDF3A5B93A82B1FB25A2CA7ADE2
:10F1D000E28D4A3F2B5F1E5E47B54F0D6FC2ED2D8E
:10F1E000AB34F36B027252451BACF250C5CE61A535
:10F1F000532314C5F31594EDD9276AF7E6A3E9B7AD
:10F20000B0E951E1B7A0AE078596D397BB747AAE4B
:10F21000A91CA897BCA994BCD19237F34A9AA657C7
:10F22000A2E716D76BBBE315BF592D2BD7173B7D34
:10F23000D7B81BFEBE29978FECAAEA7A979F42D8CF
:10F2400067B28FDF3B561DB3D24D0261D776104CAB
:10F25000FB538F0A8F5A9FD8CF23DBF4B5661ACEA3
:10F26000662BBA292BBAF9868A6EA4A23A7AB4F729
:10F270001EB215636484D345E021F37C6270E4F22E
:10F2800066855886FA581E46FA4C9EE8280A950765
:10F29000705A4489119470BFE2477462F5EF836F2E
:10F2A00034A0CBB7D46DE38447E521CEEAF23B82AC
:10F2B0006C33E33D61AC2677CC247C5ADCA955DD68
:10F2C000B8DF38993A965FBFCADF6CDEA4F8B3ABFB
:10F2D0003397DF3D733A2B143396A89E0136722E76
:10F2E0003FC055E1AA9F617DDFF4F3EA20F72A428F
:10F2F000FBD160CE981776C4BB7CC8A368BFE2334D
:10F30000E39EF7926F9D938CF391732EB4354777FC
:10F310004F83CC8353D6B9B11E78AC70D753317AB2
:10F32000DBAD22844CEF39042FCF71043ACBC43DBE
:10F330008587C4411B575ED0BCAB63645190D4AA8F
:10F34000CEEEE42B373DBB0C9B39E01250794A7E60
:10F35000D21A0A8E45C193D5C24474E7AAF103D8E4
:10F36000E65E81AC6E82BA73E1A5D64285BCC2ABC3
:10F3700019FEEF6CC232259624B146D900155D60A6
:10F3800099C8902BE943F905DB95DE0855D7E48C45
:10F39000696051CB74F025505EAF197FFD3A5ED5A0
:10F3A00011D9817757286A5F199F71243227DFF4BA
:10F3B000F43C579A2B0E83E4FB9458A42485955F64
:10F3C000F231DF064D016D39149C14BE3D38EAFF61
:10F3D000703BC72145B2192F5FF5193D7C68B14BD1
:10F3E000128BBD98D4804015D56FD0BA229685F582
:10F3F0004C59502BCC2C95D50A2BB201FB144C3414
:10F400000BF5E9C3D4FA58880DC0EA352E2744A974
:10F410004C9927186761DAB84A2F0A003FA63E8444
:10F420009A615C6CDC34198D323BD91D363EA6CC1A
:10F430005ACDC5B64705077EC29607AD4633E5FCF3
:10F44000876BB02E22A0A039C1D58D5CF55875FF11
:10F4500096E8B4D7DD7475FCB0608686D50BF8EA03
:10F46000FBDC8B0F295518AF264B4C846F9B7532F4
:10F4700014D9C5935B9018E51312A3381F70CA31D5
:10F48000DE9B15D7C2FA8B1D04C19F7637258338C2
:10F49000C0D2EE32722A8AB01EB76233102EC0FA82
:10F4A00037696FAF5115EAC63F936E67AA92B6CF20
:10F4B000AA5563F0C16748FE02A77EBD0E2BAADFE6
:10F4C000EAC39BB0A201AEBD091EF10B9D42171508
:10F4D0002013792AFE705E02407EA4693AB2BA45D2
:10F4E0005F867C95F0E4F086179E45EF618639A231
:10F4F0001B51A705772D33AD9854F7A6BCF5906145
:10F5000064ABC543B5F5DA0AE4657D943D9C2C985F
:10F510007956F93C113BAE27B9DF6B6F2EEDD4B2B3
:10F520002C39026C0EF47F0917273B2C8D58F333CE
:10F53000B283129B18009B9A4FDCB32B5603074EE5
:10F5400062DD1A4D6C10C4ED846C07AE9F030B1D79
:10F55000C59FFFF271F7CDFBD74F3FEE22C7F34FA8
:10F56000590A7020099408CEE01901ECE850E60C25
:10F57000AA73FDE6D6867C54C98866192C1F1AE446
:10F58000F6DA8237A9DE79E8CCD320E43362B1F829
:10F590000C7EE2406CF781A1A56E0EE770F52B8A18
:10F5A000A462B0B0EC790E8E3EA8241132F6BEA64D
:10F5B00040C7556D8622667830768E8BF1ACDA15B1
:10F5C0000EA6743FB61A8D7A17179B2F98A8373658
:10F5D000BA99F01B1C4BC51FC8FA21C7E417F57573
:10F5E000A43215EFC038ACB200B6AD8319A0B91281
:10F5F000674E44FFAEEF0B6C2D8F15FA32A3E7F088
:10F600001DAB971CE09C9A8EC587D01B7101CFB5AE
:10F610003A2905F8B747B4CD4B9454B304E0361AF1
:10F620001B7AA13849CD795A61E415969709DD9185
:10F6300031C74BFDACF021B1810F29981927B16377
:10F64000A721639911DB3176623AD37761ACC85157
:10F65000325738C0705A62A373CD20C907DC2981A4
:10F66000CE51C94975A98904CC8AAA2BE6EED36F7D
:10F67000F954B78AD8E62FCBB85F1DC30D02C23A42
:10F68000F8C6CA5EA26BB86EA78A99ABE2F15E318A
:10F6900066CDE7DFBE9C26C2B78991B1AE26899CB4
:10F6A000A2E6EB5727F525F44A29E2DF873BFDFA6E
:10F6B000BDDF99104FA3E8B1EA7D79C6B4BFCBCBCB
:10F6C000736AD96C5321E4CA0CECC93EC722AF243B
:10F6D0005F4D27CAF99F83B3EAB4DA6D0435AEDA19
:10F6E0002A1F36FDEA36A8C40FADC203662C555A50
:10F6F000ACDA76FDCE2829DC8DDFFBC41DF0B6B771
:10F700000C920533034D9BC9EC8BE69CEB80AB421E
:10F710008DD72F25F31073A6B9DD909FDFFC696BA1
:10F72000252981CDBC4FB93D507E4E6FF956CDE4B1
:10F73000AE94DA12131ABAF4293652349C6941682D
:10F7400090AB2B209B366316FA4534DEA02B61F17B
:10F7500026D9BD8342D7A7E9A1CFC762000BBBA6BC
:10F76000D509BBECD6A0B627EC58F96729181A9F23
:10F7700097285FAE721CC5BDA5C07AA84F4065D35F
:10F7800065954D57BE17D5C44B51A6AD3E69ABF438
:10F7900039F3F066B558DDD4876510BCF3F5AA2AB5
:10F7A00007B2B0021C2641018650718A9CD4ECA697
:10F7B000BA9EE948CA45B5685F75775882381433F0
:10F7C000C313235445F93F94ADA7B1AE72833F06EE
:10F7D000B147FBBD2C2EA58E43B271D9F7C1C7F737
:10F7E000E8EF108B6B83631CCC43E345AB19AD9002
:10F7F000180A41259A9B6ACA3BB05A9D9887A5EB87
:10F8000065A5E5AC35B127DFC44F6266D3970D4CD3
:10F810006AA605A4309B2185D91DA4D0E7A2A8B370
:10F82000F0F6686DDDD9144C1EDEF975B79274FAE6
:10F830009ACC250EA0CACD1B8019849AADC97846F2
:10F84000F92BAE7AC6AA834E58618C9CB9209EF5DE
:10F85000C6AAA2E5932B4AAD294AA2B1203B8163F7
:10F86000A3EE61AC124F7B26D8E5BDB25135677F60
:10F8700030577BC03A85523A54EDB209C10613FAAB
:10F880003AFF42A3EE8449153421A41F2123EE75CB
:10F8900058D5263D14A1475248A8EF9FBEDEFDF87B
:10F8A00071F797771F5EEC7E084BE92CF358231C09
:10F8B0008AE044252C363E30C1D808F4B3372426DC
:10F8C000B27207A2EFB0D6221F3D983275BCFD1868
:10F8D000470A516B21DE28CC693EC2EA763F3D7370
:10F8E00059A8A9102D580600601938334AAF5CE8B2
:10F8F0001B8E7C84C69D6EEE6CA73630FA08FE53D4
:10F900002732D5887CD1305E13C24B10A3B574A7C3
:10F91000BC2B81E8DB6B78FD7026BD5C38F3ADB4A1
:10F9200048CE4C804D6131BE4CC21A8D80D2F861F8
:10F93000330AFC981F4349B4A96F6961B52A19625B
:10F940002F832003AABC004F5B8C1DE12334971149
:10F950009D2BFD407F0753B1C9277F2D4E50A53AFF
:10F96000871FC512FC6B13DA8C14E773694DC9222B
:10F9700063195884C4868327189AC418C15D530E2E
:10F98000C984AF0784618F67DF6D404F71996679D5
:10F99000E0BF048D91997299FEF2F24F580185995A
:10F9A000F597FAE5B4F1DCE5E12138ABCE7E94734E
:10F9B00065DE3DE15B1BE63748668093C34D3E89BB
:10F9C000ADA4E8A87511E1E8CF05633E461CD0D18F
:10F9D00005204CE2CAA7B1D02E35149DE736D06180
:10F9E0005110CA956F5C37ECD7F315B31ADE56BFCA
:10F9F000FCDCAC8470F664733C3F24C9092C55CA06
:10FA0000AADBD1FE9E21280310FD3D206C870578DE
:10FA100048E4BCF0411D0CBA50C2601AFF09170837
:10FA2000B45A1C459311099AAFE9F70C851989CA94
:10FA30000B2851BE0231F4028940BF7435B9434FDF
:10FA40006263DD4D4C537A3E49273D7AD224ABA800
:10FA500065987471A40069B60C7AD66DD60CCDB7D2
:10FA60000E1541647206BC04FBC93306139B117169
:10FA70005C979B5BACF31D6A9451015F12C82BF538
:10FA80006EB1EFA7C3DC8E31D6CAEC285BCFD9515B
:10FA90005C59574D939901DF28E2D0F5F91C4728AE
:10FAA0000DB8EDC6A3F3EB1E5E5C556545B70D7052
:10FAB000AC7FFFEFB6D7F4E358292B8E62F8D463FE
:10FAC0003A35470F45924AA820B4A50FB6CFBD5E80
:10FAD00037A447C1CE5B9946BBAC811571157397AE
:10FAE0009DEF3C9896611833820E9216561CC9FE03
:10FAF00049E11C3858BE3974A4EEAAEFC9549ACB18
:10FB0000193F25F610CEA47F3088C5C94D95DE5526
:10FB1000C4AA708EA0A6990A9C0995FC14EC80F3E7
:10FB20002BC34E58FC1DEF33F3BEA3A908D48FC8D6
:10FB30004B21EC47A8788984FDDB7618D8CDD1829B
:10FB4000CF0F9A733E5915BC1146840A86DF538144
:10FB500013C4F4DDABEF79B722BAE8FBF1F7BC5F71
:10FB60006149E7EB8067F953986F5E8822C27D098F
:10FB700063FA0CF4486886BB397FB44AAD17AAD93A
:10FB80004570EC79F9C6222F10BA52D439C0D91D6C
:10FB90009466E7203D518585547610EF95D12E353A
:10FBA0005ED3F393AA709B8E6955FFC16048418272
:10FBB000DEEC8BF69E71B119B48EC3DA995353A162
:10FBC00025A2BD81715995397AD94BE644CC499E1D
:10FBD0003D04CD61504AC1E481A597B4F7B195CFFA
:10FBE000E9EE1854C8A745C841EE1D60EC8A59BC1F
:10FBF00042ED1E489766534A8475BDE3A0A264F4A3
:10FC0000636E8CA60D9C93B06068F48141E08857C8
:10FC10002A2728D913DB2061B62CCB9779D832C29A
:10FC2000F6F9770D634A22BC7DBAE180A60C9B579A
:10FC30003D314EC7E77F6D8E0CCC09AE93F1B93BD9
:10FC40002E7E7D998E94EB50821CEC0CDC3080F57E
:10FC5000D9D8296938B9D612D34A7958D2ED431781
:10FC6000082FDD77C00ECC7C50AA420434E4D21DAC
:10FC700083CC1537616DA9DD4887DBE3D4470AC023
:10FC8000551527E0724CBC10A947A2446C55309E14
:10FC90008D478613D8D92D08955F1438F18E638C63
:10FCA0001DA4B6F42AB607F2B66C02737C123713A1
:10FCB000D504F0FDBE3619E88375C0718AF064D9A9
:10FCC00095C20087E38015D0ACD37C8C5D619FDA50
:10FCD00011270729E566E584CCE01C8568B8FC7A25
:10FCE000C9E632060AF130AD7959E955D7787C3446
:10FCF0006327A52C8DB4D1814D1B461C80DE3DE3CE
:10FD0000F12A3B810D1AB0718E450905E6CE80B20D
:10FD1000487E3EFE66763EC20A48424D3183EBB7CE
:10FD2000908B01E3E720130989A8998950DAFC2612
:10FD3000932ACF5006A40491E539A197CCD756C099
:10FD4000BE212B1EDC8939B04C467A9CA23DDD6079
:10FD50005A9D9302195FC1368B53273744021CE129
:10FD60008E45BBB540C96E6A90C518CDC31D324BD8
:10FD7000E5E04F657D3CF0F797CFE1C10715907B3B
:10FD8000ABB0CAC0E2767E8D31323BA5DC1C38AE0A
:10FD9000829D177A66951B61B618D78DDD1774940E
:10FDA000BD08760CE7E56D1F6ECF07928CDA7245C1
:10FDB00079E985318307713719294A6340E4C352D1
:10FDC000640C36F13F41FA827DCB00B5B91BF84592
:10FDD000DCD83E321BCD0361CA45743CDA6934F588
:10FDE0009122ECE421284E0EFD8D50B19C00F76469
:10FDF000CCCD4D208992659F5F6151AF9078484589
:10FE000068FA304042EF81238DDC07FE03ADB84530
:10FE1000EAF25D632FEBB0645ACBC19E0151F9C683
:10FE2000B83B33FEF306988AA1B903FC1395C76764
:10FE30003CF5245120D2E1006E2CEF4AD6AE630887
:10FE400081A96403F1CDE6DAD1C59B5822EAEC76AC
:10FE5000B14A2247C5A46F9269C003603221770678
:10FE60007185E5DD2EF9BE11CDA49B951175FACDF6
:10FE700019281F0D55E91F9667921B5DA380987B7B
:10FE8000A2D438ABBA52BA92355399B1694B4F9E4E
:10FE9000326B78B35870C0C4FE01A39D3EC98BDCA1
:10FEA0004A4E586C41099AC77BC41E1AF802A4072F
:10FEB0004F8D247BCC26D925B0DF2487CF8881F7CE
:10FEC000D35CA97A7E7B7714A9C589876793933B16
:10FED0004EB6A246B918454A12B503B779AC979405
:10FEE000B21B37143A59C2F5A0AE8F173124E28CF9
:10FEF0001958ED88A9F0C7E664B88F6506D0504957
:10FF00001BD3CC69FE18027325E5F6C2DB7E4DCF0C
:10FF10001D41FF196CD48E0ADABA872D6127AFC054
:10FF20009AB8EB41F7512A35274CBD9CFD66480035
:10FF3000226920849CD96FFE640E8F09B533315A33
:10FF4000E617C7FDAB544F9FC925A14FF553B3B575
:10FF5000BC3AA3EB8C24A1855625F333A4A2894097
:10FF60001860EB22C6823504F39C778D4B8BBF1152
:10FF7000596ADEB0645597177C22410ED34BA3C655
:10FF8000610750A328162A9C9CAE0484C6F4080777
:10FF9000B9FA45456B243C0D76A05618A5664BF37F
:10FFA000583B013E24E0F39AB96624444A2A84D09F
:10FFB000A6CCE99A13B3B03D67B6D0858FB186DA87
:10FFC000629C75FCB1559C6CDD6DD0851AAB003020
:10FFD00033A4376047CE45C3D56AD82553A35017FD
:10FFE000F01C8847F2657ABF27DA3F3869300BF595
:10FFF0000A174EC3641D445DF07B208CE2BC867DF5
:020000023000CC
:100000003E1AED30FA797B8DBF1A899292A8A10F22
:10001000203EEB8315B9FE97A6D49A3EFEBDB944A7
:100020003E22999804AD3A8720B0E0ED17A6B811AA
:100030003317947A5EFDC66FCDA558BB1A54C49190
:100040009559F4F25353DA8E085628A921D2088321
:10005000F072B5C78DBE3834456EE936B8A08F99B9
:10006000E3563CA226B2382F8A54C74A36FC3CEEEF
:10007000A0D0036BCE61F3C3AD0DCE9F218EB655DC
:10008000453A97BA3AEA7099E592B5D8BEE8350C88
:10009000AB975DC2C2F8BEA9FB730E7E834CB3DD85
:1000A0004B2455D840B9B2006E6DD5D8BA3F9D7D6E
:1000B000A34E012A41B6E0CFC2E41DFAD652C7E3EF
:1000C000571C2409948128B6030BF31018D8190B78
:1000D000FBB6F8F437887C5610717A4C3110199CB5
:1000E000C2D420D57C96D30697EFCED91A8506E1E7
:1000F0002B52D89352449285BDF8FE66403BF939A5
:10010000A872E9825172945F57D8737E9B92C32084
:1001100030102672F8DDDD874A73886CF6E71C9490
:10012000CFFE90C402815F45ACCBCFD5EFCB0A1593
:10013000B17420A6256410684DB6179E5CAA6FD5D1
:100140004EF0B9E39B9E9DFCE7EA50ADEDAB1DC9B7
:100150006560A06D1B92D6C0B413D8EA96BDD2B428
:10016000616ABB713C517D108C36597FDC3114863D
:10017000A313EEBEF565FA8F7FCFBFA7225B1E6388
:1001800007240EA2B533A0027FA5769B662270617C
:1001900072A04A06926978F7D0965CA27663E01C5A
:1001A0001B82EE835915FBCE8B54B2D01B8F557238
:1001B000340EF6BECE1EBCD207A939FD55F3FE6043
:1001C0005A9D4CB2D1FFE4D9ACAA1FA44A5FFBB040
:1001D000D9AE691F3CC84959C59B6D9B8B67D364D9
:1001E000E519CCEBFB6D87F9116ED7A7389844E879
:1001F000667A89C66F3BB8F9DB7542D0DF765A283C
:1002000072498FA9218607EC81DCECE28D11F8841C
:10021000617A7C91B88150C0567F2CCEFEDCF4EB25
:10022000AC46C0CEBE918219F3A245F012E9A357A5
:10023000E6C28427ED3C10FA5E5135628187FA4CA4
:1002400005E0DF35247D032D6F02D3AFDE11E58994
:100250008BEC997C00AE2E8D917539ED4A191CA757
:10026000F178BEA92AB016D712687CE6D374D1C63D
:10027000B7FFDE29688CF3B6B3D64EFFE411769251
:10028000A2FB982869DDFAD32BE871C76321D9A8AE
:1002900035A663A29125919AC66DF612C07F9E4045
:1002A000C90E51DD3A29DE4C4EF852611A5F9EDCD0
:1002B0003094A4E349D9125142A2F997D87B173759
:1002C0003B7B9075E8A785A69B3BDBE7567705D679
:1002D0009A9FDF79F5B603189A576F37B7D7E43A84
:1002E000524B60621EBFFBE963C73C29EFAC9B3BEE
:1002F0005D32F0C6E474A6193427942E248DA631FD
:10030000C0E5D6E20C390BDA439162C696173F4F2F
:10031000FFF13F32EB791EF624F979522E038A2E33
:10032000438C07CB4F84E8507201DFACADB86E74DC
:10033000FB8D473DD39050185AACB311CBA3514617
:10034000293612716A980E458F367E2009D65B8D4C
:1003500037F08E85370699788C27485AD7F4ED57B1
:100360006FDAAD3686E3576F1EB71EBB01B1CF3EC5
:10037000E9A34F1B6DF3A8CA4741D9A023FA127213
:10038000DAF249D14352BEC6C7DFEC2243CBDFFECF
:10039000AF8DDDD77B78607EEDEA8FB72F7E79F564
:1003A000D2F661FBE8C254F0F2DD07B06CE85FA75B
:1003B000F1F11D2B79F67BFC7CF1CEBD8402B36F8D
:1003C0007DFACDABD7BBC8C1B13CC6971FF9C5E517
:1003D000C9EC0B1F76DFEF3EFD28A57E7AFBF1D539
:1003E0006BBCDB07DA38DFD047F6156E4F7D65F75B
:1003F00077AFDCDD5ADFDF81F385E47361D7D54A5F
:1004000063B5F110DCE99B772F502D1B254322ADFE
:10041000E33F7D1D22FED36F3C7DFBA2814EFF0E8C
:10042000FFBF7DF7D10DFCB1751ED02A9F3EDB6B5F
:10043000BC79F5B6F1E6E9EF1AAF5FBD79F5B10920
:10044000A6316A5C33D3EB758847AF5FBFDAA399F7
:10045000D8BC0E23FAB97DF7E3BF58DFB3B3D67823
:10046000AE8A24FBACF95006E1A17D1352983E58A8
:100470005BF3271A9B4FF79BA31EC1B0422A07E6E6
:10048000D2F0A961F74F3ECBEE57DB0A5F582A6ED8
:1004900055672B4050319DFD06876796F6E3C734BC
:1004A00038142DB45724BE4691F8DA1489AF4D1193
:1004B0004FE95BFA6C82FC0891F54E8032E94342C9
:1004C0008F3BA64F3E7158CB7FFA216054117206C4
:1004D000A8BE6D71AA0A7720E4A09F7C59E956F95D
:1004E000AAF83ADCF36E6CDEAD9C3E6662EE3881B3
:1004F00014821D405917931D57D2704E8764DECC6D
:10050000C3A9248C4EC3433DED6BA7D6DCF1BAFFE3
:10051000E4F266467C49C4592FF133ADCE7131B156
:10052000A935C1381EFE446F85C6C828986327F5D3
:100530009253EBBA6CCA14B34149314FF082022C8A
:1005400018F26691B88A480B8DCA4946D117D997D7
:100550008D16C48D60D8426FF51372188C24AD329D
:10056000352A7A52B41A2F16EAD116780B85C80D9F
:100570000E1D93D5925C80DB2425AFBA78B43CB0D5
:10058000F4DA469C9F84D66A5517EFD1972E23CC78
:100590006277A2798CD7F098FB3B5626BA2A0A08D4
:1005A000D4B4F0FD8B448B07534FB8F0FCC24CE839
:1005B000C31C01CBCA169E1BEC7CF122F65C69BE03
:1005C0004DE07219595511ECB420CA1D8BD70D5945
:1005D000145D88358B507715D6201C284F6813FA88
:1005E000E1D65BACB1317146C5DD66B6E7BAF69EC1
:1005F0009BF1B78E56DFCC89DDC78A6D39607E935B
:10060000B9E69BD830A187E51B2547F60D06B22732
:10061000F3ED6360743833C1CE07F047D484E03C17
:10062000BA4BD1E22B646816496A4E7035458A6D23
:10063000DE77B38B33BC0D4AC076812028FE806AFA
:100640008ACA8EC651D4E0E532E2107A9761E35649
:100650004ED369C923AAF626E186CD10E81B93B9CB
:10066000A362962BBF54750BF9F16CE696596C207A
:10067000ECD4719418066D887CCC9ED789CFF2D9C2
:10068000535D97AE2D221F04A9B20AF84415EBE67C
:10069000139B21B4B7E9796AF9407607D4E9440F8E
:1006A00026E924C3FD6C654D2582C2C4A60D89ECE4
:1006B000057542A6BFC6510A9E46CB53FE6B839575
:1006C000E8847536F1B7E561537E4E982FD72350F5
:1006D0002F68361346439D801C0A07DB33A527B4D9
:1006E000BE0F65C8B3DA4BC2017B8301E540C90088
:1006F00083542A036C2B320E06A867EFDDAF5FBF71
:100700007A8ACA1EB5CBEAE8D7967179E183E8E226
:100710007C66373D6E489E283BEB0DD1B556974021
:10072000C93FC2CB8F2CBCFFC24C191C3BB62EAFAD
:10073000F82C2F0A037F4396612A83803FC25B76A1
:10074000F873656571FD9AF1B7D1BC661193F257E4
:100750008A82B8C79F7B0D9B5C69C1EBA69483AB73
:100760006E181279FD9D7CF1AF1A2BF8B98AB6AFDD
:10077000F41BABFD46BFDF58EA2F608F65B1CB3F5E
:100780008DAF5F1B4B8D41B761AE1AFFAAF137CA1F
:100790005C8F4D69FEEF18DDB7BA42F5CB9DF58D44
:1007A00046FBBAF3B2D13EEAB421553C78FAA02612
:1007B000E2141738C88544367EF3EAD7BF69BC7E99
:1007C000F76981A4E30EEA7349B56917B2A06B809B
:1007D0002A840DC131945F0C6CC258CB62BB800778
:1007E0006093FC3AF97661DA79AAE1C6287EC35BA8
:1007F000F813E34A2FF81B0590E8288511945BEB6A
:10080000035055593A932B846CBA8ECE4874422AC1
:1008100048609451507EC0361307F79BF26DAAD002
:100820007565C8EDA871E59EE02B6227C23EDCDA53
:1008300068344E9925B36BFC5E6A3452B01A309C12
:1008400030524AB119B0654CF355948759C566F3D7
:10085000A48C216242D904F185437E03093AA46441
:10086000D2014172F2DD3F24672FE9F8BE2A4D2EF6
:1008700083F12529CDBFA2DB8BBBEC29DB772801D7
:10088000D39479ED7AA3089221DD07980E30DAB778
:10089000E5593C29AFFD0FA08964ACCBB30F24E12F
:1008A00022B280CF132F193D76D9566A8BE1C553FA
:1008B0001E70D1D1B24FF349B6D9FEDEC10FDC664E
:1008C0001FAAF127DF513D9333C9D89A44444BB452
:1008D000049DFE7A2774D4FA51B807F7C4A4D43C17
:1008E000B96AE1A324E4487F9747B69AE9D38B6CB1
:1008F000E6099981B42D2EEE47B637AE3C18509CD0
:10090000FB3ABAA83627884838254ABEB9759FE70A
:10091000AB060E790526D001E109C42B80EAA92394
:10092000BBE3DCFA77A52492C186272589168FECD4
:10093000356DA566D7648F5D93D7927806BB92CA52
:10094000FFAC3CB9BD828A35AF38FC79F7F232B4DE
:10095000639E0F59C5A40D1ECC5E93F6841351D12E
:10096000C9C8966BDA6522EB8B710389E182BCD929
:100970008B1641C5366928B039A767A7C229E35647
:10098000E26E3096A0533AE0DB9266AEA2F8343EB7
:10099000D8012D6CF9DBDA9DD63E71EC8E4AA4416C
:1009A00091F6A49A3AAF1158AB28AAA37E28410326
:1009B000FBB7536E0D229AB87BB909B9031E0CB56B
:1009C0003BE5948EDD14E36CEF469734BF35A1AD63
:1009D0006BEC530D7B0F19A094EE2D096D20F7756C
:1009E00047704279D52BBB8DA4069EB225AEE12F70
:1009F000464B24E449F6E7F61F0F52D60B70ABBE08
:100A0000045272347FB6A2BFFE5F1D29B795383AF3
:100A100049530816D66DE4A48449818599654991A6
:100A200014AB1449D0654C596BCDC1821427616158
:100A300029AF7FAD60FD55D6DC30479770CDC3BD83
:100A4000F12C47D05A9D548BDCF79746055E57BA78
:100A50005722497E20032A25ED152C64120CF685B9
:100A60005A4C5CF22E791F0BD6B4B6962CEA1CC2F7
:100A7000C632497B6E13D2403BC7799874901D27CC
:100A80009F98B05C6BD2C89A6B4DD522C5F8539B2A
:100A9000B5A68C0B5FB25657F00DFA6E0D9D1F7305
:100AA000AA6DB12AB2F02B0DA3E8AB52DA2EAF48F3
:100AB00080B801659257B20148AD18731E40506D61
:100AC000DF80D44B122AF4C50F93049712DAD9E3CE
:100AD000BCE2695E5AE51B8FFAF6642365F5E6D041
:100AE0005FD2296154435293710218605FBD00FBCD
:100AF0008ECD44C59F4C7B946CA5D4CA5BE75B87C5
:100B0000677B8AF2EC1DEEECED9E9D1C99EC207B40
:100B10008EB6AF2C423AFA788FFAC078B5A92D2E4E
:100B2000DB4148213F602BD1C39B45BC4762879185
:100B30005B4F24A6C76F690CB0627AFC96752E7164
:100B4000D217563F8569DA4D547066677811683858
:100B5000A404134868CDAEAA46F1B158BAB8E2A6CB
:100B6000EB31A44837A16F06CDE00CFEA6CF0E15E1
:100B70007A0D8F6E2C671276CE979158BA7375ECFA
:100B8000683D1AD1309142C1D7D29596928D9D2C55
:100B90009193082E39EC2EA31924B80BA694E244A5
:100BA000392530AF6221C3E9E9519126D168C8C91E
:100BB000B0522A4C0B53A822FB82844A41A93C42E2
:100BC000A4DCF6644CD868DF70C84099DDE2620DA1
:100BD000BDB1041D8674F960ECF028B24E7CA4F916
:100BE000505A75C92BA4A7A7A42A52E0A84C6D148B
:100BF0006F28E15112F34B394C609423671BB5E227
:100C00009238459ABB119AF070EF50E2C3677C6747
:100C100039068790E6249F8F52F0EAD02CF666A220
:100C20001B47C8A611A920E22A28A8E2220612F032
:100C3000489E5481F29793196F903E50295CEDCEF7
:100C4000B4FC74A644EED829AA4D3444713594F10D
:100C500008B13D94B288991833192174B1CE11248A
:100C6000006754F1F3A8A26E4D39941C31495CDB46
:100C7000DEF12ED6D412821022AC11238516F52275
:100C8000956BFD5E956B7D9ECAD545DF074592133A
:100C9000DD4499B9C58E7EF1C054B023A6A132239C
:100CA00074A0B4B354D84615CB3E6B961E16D69896
:100CB000BD03313DA5122B90F9072E5D5D624543C2
:100CC0004BB96FAE016678D6F2F03C65BF5CE7F4D5
:100CD000CC4A0790DA70BEA1BD35F3AB6E7E354AC3
:100CE00029099272A5E14FCDDE5CD49F72FED55BDF
:100CF000CB242C455F9637A7B817715267C0693A65
:100D00009EE16633A42975CEC02D2ACD3D4599E0DC
:100D1000E3D9DE96C3DE9F2AC674EF998BF30D21CB
:100D20008C9FBFD8DBDF75B1218F77B7CE1CEB76F8
:100D30001F64B4600110B6D1AB59C456214EA394C0
:100D40000AA6DF70EC0B81A865F65E1AC6767E8C6B
:100D5000B158FFB81EED37569CB031C9BC1E4AD8F9
:100D60002B6700133113AA058FF41EE399E48D213C
:100D7000265E20AF6F1221AF3E963ECBA1458799EC
:100D8000D9A7FC0F4185584295B888D61F194E68DF
:100D9000897500B27858B5EA7357783BD1F7A9F551
:100DA000F55D0A4368E84084371CBCC1518642693E
:100DB0003F0DEF10E057B0B8FCA72E7F1A99A5EEB3
:100DC00066D6FA998C2F44FF166134E30E0DE70BBB
:100DD0009AB76D282327657B1B225E2EA576DAE362
:100DE000CBBA385B94CA8B607B6C7064B4F2584C9D
:100DF000D68B74B1D174A60D61DAE99F69AD6E8BA3
:100E00003E3C9018703A039C07B46D905EAF22BDD3
:100E1000984BA358DD9A8CDC3067C862320E55CAF5
:100E20005DEB962B51FFA8306530E5DC18E9BE89F3
:100E3000A702F6CD542C33DF793D1F5783425CC5A2
:100E40008964A53EC9A0175F8542A5D9D3A7D5C897
:100E500063C5EE24712ACE21C8A7290AD034BBBDB0
:100E6000657EAD995FED340528408B372EF25E42EA
:100E7000DD22A494B73A5FA9C31CE264AAB282C57A
:100E80008E46D44EB2A4E0A1FFAE6D822A9C3A1EDB
:100E90001B5572FD470CE12992F283BF24E2D64331
:100EA0000008656546C888954DF389F51BA3C806FB
:100EB000D35013158E3041E8C89B4DA5B6C2FD7FB7
:100EC0000221C465E18F02090241E92F43254464F0
:100ED000DA44661C56E98F9E68A882546492619534
:100EE000FE707843786702DF9EE358571126BE27CD
:100EF000116D0D84B8E2429F6DCAFBCBA14A07C1B8
:100F000028094BE36FE590E34311A09514D5A13D6B
:100F10000AA1AD0F1C2A5B31615A61124CFC55F9D4
:100F2000AB9FBFFE6AF2D5E99B9F3FF9EAE75F55A9
:100F300010555C72EC68E3AFF0BFEACFFF64F56A6E
:100F400090F9F0F0F57FFFF0CDCF1FAA0A1CDC3737
:100F5000DD44A6874D2F1FA334A038578A6E5EFD4F
:100F6000EAA2BC77F82DD0A1527EEDAF34DE54BE9C
:100F7000BA58BD8A2A15A22E14CDF51A714FD3F88E
:100F8000152590D846BACF72E5C974D3C4254DDD76
:100F90004FC3D7B537950EFF79440180E561F279EB
:100FA000A83EEB89C69BB7C3A8337587716778B72E
:100FB00091870A64C6F03184B0070FAC977C9545E1
:100FC000B9E2DAE53816181C747C672DC2DE703B76
:100FD0009E0D09AEB734F76053AD4B9592E555AA17
:100FE000C348F55826ECE028A52AE0B28B1629283C
:100FF0008B22AD6F438C3FD8B402AEA79FFA08C7CF
:10100000ABB881DDD1D16CBAB8A7381B6CA572BC66
:10101000AB302A2B846A485FA77A3C43842D562F35
:1010200038862EEA658732ACC634980D13132D2D01
:101030005C0E9FBEDFEB4930BBEA06334138150D2D
:1010400078A2A609E10F8D210E1EE96E372900EE68
:1010500092EEB51F4FB2D50235421DC3863AAD3A66
:10106000C51B5318179A1C72ED04F32F87A7EF873F
:101070005D3B18B37B1A5D9D0697061866B84FCA8C
:10108000B25BD1166F5ADEA278C0BFFA5043818A94
:101090002BFB151FE88FFDA5D2E185C3943641AE29
:1010A000A498FE4D2DE27749D37DC4A4EB9031E4A2
:1010B000F69FD06E967D8D26A6952786A270EF139B
:1010C0008E99F35C7C7BFBBAF1E6C9935AE5D35A5F
:1010D000A5D3AA4930A3946ED5D2856D7443D9BAED
:1010E0002A5B96E5405397C3CA13192EAD80756CE1
:1010F000D389DD498DC0BD3AA229E37BBE4F86422C
:10110000D2A9857A56AFE94E0530AFDF589D300938
:101110007CF6F497075BA79F6DF2381007ED51D46A
:10112000739D720E3C795296B26F146864AEE0EB18
:10113000E081513689088000174FC26FFD478F400C
:101140006D5D889C1E788F63DCB27A76B6FBCBA38C
:101150001324B6E6783BCDB4BCA170BAD7C2B7A809
:1011600028B9D71C370C8F6078B6521A1C4A16DB88
:10117000822B1B1CB1DE4888DCEB9A47096E6A485B
:10118000735387FFC21B09847BDD84C919B652588B
:101190000861B982C905468C3712F2F61A495A1A03
:1011A0003E9467D060BCE1F8B6D72D0F620938E9EC
:1011B000374CD9E90C49F008A905DCE75B18EFDEEC
:1011C000E16662E693301DF25C5429D7E0A19BF8FA
:1011D000F1DA41498AAF671EC8A724922F76F78FAC
:1011E00039C06D2689E544B6E67BDA283797847CDA
:1011F00044AEE21E39262472936C56AC1A96503ACD
:1012000062AD7B9C4499652F11355645BC4047E142
:10121000D79D87926A3FEEA4E2C5480749A135945D
:10122000349A58151D531626F161154B9544ACF1AF
:10123000570F33F160C66E86864993A20354300E71
:10124000C95DA52255907C05B8D4B97D89F837755C
:10125000799B3054D09A2C0C7DE30C2489BB2ADF77
:10126000C6674647FE8C085EF4D8A7752409741239
:101270007D1AA03D8BD2EA303BA16D6CA534AE4AFD
:101280000A01A570A164ABBEC900A6C162D7D5E1B1
:101290007EA37494DA7372409618BB7E6CC7D669CD
:1012A000819AEA45CCE4D4320B2F513B81A474716E
:1012B000C57D8F232C215C028CDC28454D92373371
:1012C000C0107DF71F75508B5E813871EE91552FE0
:1012D000995587749E5E4727E5D044EE067DFD62F2
:1012E0006C320368FCF0EB9CD5A5738BCC0FA4D4B7
:1012F000A69948F495CC9A22D0CA826E294FABA207
:101300005DB069C7F309A6321B9B5A4528B568E54D
:101310004212B12293248FB50BBCC830CC59FCB11A
:10132000C4B9217DF660AB23C95D299D1BC1AACF3D
:101330007134C461F29CC52592F31B019B86945DB8
:101340002A1EF362D4E7ED422BD3226D3ECE13A7C3
:10135000B252C180AE372078DCA995DBDBDC3C28BB
:1013600052C7FE01F256E657AEC7FEAC56FC9F16BA
:101370001172AB97C9F7084DA1C7B62376706035D7
:1013800077DA56CFE97DE82189E9CB04BCA5933310
:1013900089FE4992F7F0263D4FD49D9C550F0B5C7A
:1013A000218F3C0E2BC4CA6195039D703C2D6C2788
:1013B0004BF98A937C46A978C6E8FE78465E8E464D
:1013C0006639EE1D3816359530503EE8FC9BA9CCA9
:1013D0007C183BC7B8CDA194259B526603DAACFCC0
:1013E00049D67EFAD5CC049665C717A637D2BADAA5
:1013F00047269652C209871349B95810CF68852EDF
:101400001606375A49FE2F678C8A8146018063C8C9
:10141000A10DEC71A0C28B646D4E930B45453F2727
:1014200052F29F1B39F692804DB77CD26AB432AB30
:1014300001AEEF46A52A37B75638E2C7A44F2DD2E2
:1014400019926122D2644D452172A49A89B24B99B6
:10145000385C13363D4E2C0F2425776792B03CBF85
:101460003C5151282647AB254AEC53ADA04D02050F
:1014700088DAF5022BB179A4BCE4D5D6E709867ADF
:101480002FBCEC9452C949458F578E4D0866DE1B20
:1014900049D1326B743C5C028126D66EE295A3FD85
:1014A000F8759067C7A4B5A35552AADBF4594AABA7
:1014B000B29659153E3A021B7C161F1224DA7A495D
:1014C000E1AE52E46AD08B672D43D6767D11522966
:1014D0008EB169E89BAB5625311F915FCFB3CF9892
:1014E0003E79E7CA368467780A6FC6EC421DE97810
:1014F000258BE880FCAB1183F2F795522709D0E4E5
:10150000DB5E1DF113A1FCFA89638640FC5C0532A9
:10151000A62A29B29BDC062847FDE2B272171FC338
:10152000B99D81B38A1C602F625698F78CBB898D58
:10153000BCD98802ED5C43A7E3240A26915ED94B0F
:1015400024B3B6702E0D650B9EC63D67D786ABB62D
:10155000D8A51DA1E97861ADFE30B64EEEBDC43D03
:1015600026B14159ECAAAB79586FD5B7CE64390989
:101570003A9671505AA93A2A4C557CA7081CB60BCA
:101580004E2626BFEA70286B07AB4F93139DA0E54C
:101590008D4618739944B2F2223DDCCB04A7524D1C
:1015A000592426B51CE7AA82CC696954B42C7185EC
:1015B000128FCAC14FBE6BD64F3361A4BA336E854A
:1015C000A45BE43CAEEA0A0466D8901F666FF7603D
:1015D00037BB2049AE58B9385A3B6CA4EE4930E4C9
:1015E0002449BCE0EC3296C905884C47A0359C5193
:1015F00098814564960E554B531C3A9E25A1D324E1
:10160000CCDB7F2584578E558A2D9D0312CE528BBD
:10161000C378CB76B7245F4B5689B3EF701616DAD2
:10162000CFDEE24029816DE6BE88EE8C6F673E3AE0
:101630003E7E75B24B9800C6B0AF149DB09B9052E1
:101640003C0B046552CA079FE528AD848866A72431
:1016500057458F22CEFDC8B192C24046A93049609D
:10166000BB366626C451C925CAB96F0479399A3781
:101670006D2BBCC04962321351ADA35A25E89202CA
:1016800034D9F8C4155169DD921DBF9385450A15FB
:10169000243C4FAEF231BC352E601A47CB84851600
:1016A00041AF6E430F8164803962281D6D46910CF5
:1016B000FE88E6EB684385C617A48263640D1D9916
:1016C000BEDE4ADC23EDA0BCDC4961469866895049
:1016D00074244ECA767847921558642ADE207434F2
:1016E000F174081DC314932D4C1C7A9361703E69EC
:1016F0005BCC2C793F7043F9029A461E344727CBC6
:101700004066F7F434B38F94DBF27C90C8B143C9E0
:10171000ADE39286866A4EC230859556720D0519E4
:1017200098E4B4A135637F7EDC66D1E237E9647B5F
:1017300098EC19CA943FD41664954382A2E626C455
:1017400088DA1C82E412D1831756B5A4B69378FFC9
:101750005B9753D9F9C131D6E2BD44AB027A3A1155
:10176000A2998600A70A278C209CA3AFE8661AD806
:10177000E7DA8F56C6907D2F4739955B2C914872DA
:10178000813181177432A620BEA7BCF53CA5B99063
:1017900000B5D4E1C7F06E65E05D1A4B24287C7D6E
:1017A00025E45040DE0B14E363A96A3A3AB244A23E
:1017B0003C45E615448C32219E90AAAD00D04A16D5
:1017C000E4F63175B075B20D5B2B85A0BAA90F5B3D
:1017D00027707A383BE290530A9209743821516D90
:1017E000390015FC4F89E84E3B7AAD14E76A22595F
:1017F0005D39B8334168D7E6D8394DACD968F004C3
:10180000A67E0A6FCD36A7FCAF5FDA90374A24B9BF
:1018100010936FBBE395A7057211DD9B0F737E9943
:10182000F034DB36F736D181BE861E189716E7985E
:101830006EEA89C01ED25D126CEB8FFB115F754C96
:1018400052848A04962DA3C280613396855067EE38
:101850005A4E9605CF2DFBE2E008C90F0066F2084C
:101860009945B26958D3A18E0491546523D052CFC3
:10187000C6CC560273C7A1A18BA4960848CF4417C3
:10188000E5A8CBA52C67147DB209A75FA0174A9DD8
:10189000D910FA6860DBAF148B6942BE3A22E327A5
:1018A000C45836909F701E2909455FC693E63EF5E1
:1018B000EC7A812C4CDC67A1BEACF94D5EDB631386
:1018C00074680421A137C26C65CCA4A398CCAF3650
:1018D000F35BB1E220D5C94ACE38B21945ACA01BA2
:1018E00034221BF38C5C2C8E1C9B4918A289B62DCC
:1018F00067557F950D3A7C99506DB2182417109852
:1019000062E3486EDFE092267A7CD3684B78680306
:10191000513CDC4940710A4FD41E1A27999094B863
:10192000421CE754E7009B1471661A5696A2179E54
:101930003C7A536AA22B022045C5A6CE58130EACA2
:10194000F2FD305435B93D83CF9EC28440BB592F40
:101950000E48966DAD0315D582EADB7E74A822DFB2
:10196000F0A363DB0B77B97259333BFC4E4295D33E
:1019700010931B9F786FD0AC7A51024423DB88AA66
:1019800035413EC25EDA32D6718D7D869A1772710C
:1019900003767D397BF649BE1639E6E88AAAD9F87E
:1019A00042859657B24B91AC2275C2706F3AE69A57
:1019B0001A722F2305B1D93629929FDD9C658BD4ED
:1019C000995B172DB58662FF6F6684DC7492F76DA4
:1019D0002505C4F14D07B1A59EB527B76E6E689079
:1019E00097E9D531D1D013767ADEE0DD6D9C8EE8B3
:1019F0002BF88831F3FD3A9411B67D968758D1C003
:101A0000DA82E3339DAE9014F17A655C732B98898A
:101A1000D9F54971007F284A9C37A9A40FD754C42F
:101A200037A158E27046B1BF930DDB198AB2200787
:101A30007218ABF364D78CC1C475CB0026E2FAA848
:101A4000B3D71F9F09ADAE658D318A1F4A874FD32B
:101A50001AC50F65F1D231E01D52B94D63BAD48673
:101A6000A3EC198AB2607895A83D9213A540B8906E
:101A700026C4DBE422B8E29B31E5522C1DBB8D6409
:101A8000FB9800AF27DF795E91B110265F07917652
:101A90002B53DBDC5AED97A943B520987C4303DC3C
:101AA0008A9AE765B5635A79605A2744AB4C47A4D4
:101AB0003AA1046D3251DB6670B28C53A335F6D473
:101AC00062A4D75CA9459235579B9B234979D5B928
:101AD000C5E2E51501D3429A7C6F242E67FB50CBFB
:101AE0005F2B52A959292768F1661474C1D1AE81C0
:101AF0006DEA20CE95164D3E1388143BB784F82826
:101B00009240428355928AD0DAFAFD2015CC5D4F7F
:101B100030A0CE18903E670B68F3A5F8B512E3012C
:101B2000E5A8CC6743C3C1BC51A285DA2904728BF6
:101B3000CF48E5AA0AD5E2EF98099B460A5755E730
:101B40001C90C5D3BEA46A9091903A19EADC8565D1
:101B5000AD2E91E8A2DE3A1AE7A8174DCFD4FACA03
:101B6000CEE18402D9735FA2FD535C393153B62DA7
:101B70006C422A275AE0319D59720050EA76418D15
:101B8000125D611789282B368A2CC3BD2B545C8BC0
:101B900043A21511814624198EE90EB421631C73EA
:101BA000DA92EB3019045F64169BCB97D4B60AF532
:101BB0006B6DBC2004D825A24E5E6614A59E21EB59
:101BC000E6B84D1A2E8BAFB36E3400A792248D90D9
:101BD00053190D1F1DA6D69992274C14510CCC6297
:101BE000BB70612D2A26AD14E084C50FA666DB21EB
:101BF000F5A32C4D23672255AC2F261EB1483AE1A0
:101C0000385610C8C8892D4C0DC580C19725C58987
:101C10002449044F87CA1BB930CF3C056CE7234DDC
:101C2000DDAC1F48A0BF627731D60BBA409B5CFA8F
:101C3000E5263284E4830A938C24575301B1E1F9F9
:101C4000A66E6A52D26B9739490E1BA2132AAD2D8C
:101C5000E4AC3E97813A41A3719AD8AA65DD7E65CE
:101C6000B2110C99D39F469C842098C78BA1DEF6B5
:101C70008EAE135859103A92B16051C51CBBD6496B
:101C8000D211E82C06EAE0DF3E77D3A90A92440598
:101C9000E4F1794E44E2DCE8DA7B223F20C05505CE
:101CA000D6447DCB4031A6814066A003B76C37EAAD
:101CB000A6CB91A4C44EEB63516B0A426D9F1B7976
:101CC0004F4E2913E3309AC1DE2A528A0AE893EC78
:101CD000047C7F1911CE97925F42CFAD5390900153
:101CE000F983D460B25F7F6F8B0F465A526BB49A00
:101CF000E49E60F88A0C727C6EEEE74BB20CD96BF6
:101D0000C490A41A00A354F1E4806ACE399FEC1465
:101D10000C30CCA6DD6673691828FCEC8A748689C1
:101D20002011A4BC598B7644572590E0F3C628496E
:101D300082C4CE23462A8CA3A3F4AF3A384433930B
:101D4000A261865F4D7409148197AC0A4D2725ABBB
:101D500038AE68DDE7677943906D56D65F242383FC
:101D6000ABD656AFA898F3B3A20193832E67612038
:101D7000CD688CFB0C11171621F46F2C967C28244F
:101D80007BB4B35D937081E0A42D4DDAD38074E110
:101D90003DEDD8908313E535B03594C9BDDD1414FD
:101DA0005AA1FB77C0E47A248AE80C142A87840AB3
:101DB000185597304A6A08B5F5B7E444E7300F4341
:101DC000B09E2AF22907827EADB6021260F067DC6F
:101DD000E3836811B919524CC60231EC3B1DAE2A9F
:101DE0003B29443E23BACC4BA59E004F511139707C
:101DF0006EEE092C05EE9BD87F684DA4170890095C
:101E0000445BA8FE5416C2CF9CAE74A05FD2464B72
:101E100061AEBA61FBBB7F588583A753E2A4C809B2
:101E20001C41392536BBEE3D415C5C29C58DDA7716
:101E3000F6922DF249297B006F69DE219BEC595BFC
:101E400086535E1D812C134584D8322167B1D07131
:101E50001CB6149D58862F66865E2FBD6874A986B1
:101E60005629F5B5D9B592D3302E9905439645C874
:101E7000A0A40199B72C79E723F1A81AB33E5FF229
:101E800044B36A91B3547794B5983213F0DDF5C436
:101E90007F2143B6C3F2085D4528377932FABADAB2
:101EA0006407F70138222C7465C96799687B6284DE
:101EB000D7B7A4F6A2CC6DAA0AC25F64CC99C904B4
:101EC0000CF0BEB48BE8EFA41F55A95C24CBAD4445
:101ED0006828178998AD265F88E391C21A9D3FC094
:101EE00095B7426DBEE44860CE842BAE3038B878EA
:101EF000A4CAB1419222A41D9B92CBDABF608E8707
:101F0000846B586F288CD236EF4A2A1031527F40AA
:101F10002D490B826A3511F4B402FBCB2415066DF2
:101F2000157B2308794395FAF2558CC95D1281CC53
:101F3000F160338C572F489902CCCE136F11E6FB1A
:101F400072F9AA0293A56A78158869800362E2246F
:101F50008986D92A45479516A0F399E332746532EC
:101F6000A39FB8E0136A3B5CF7E839FFF48FDB9579
:101F7000548A2CD6A269E651A70721534DADE9CD6D
:101F80004744AD5BB2B7F18EC96B69E732D17E16BB
:101F90005A5365EC5C2CA278A92C2656594BE5B017
:101FA000C13B5B5D6CCD25B4BA1DABF1908D4E8904
:101FB000D30FD7A730D18EC8C91C8B0806D45605BD
:101FC00028474829CBD94DECC257C426BCB4FC0CD9
:101FD0009D1D925595E53CC988A2FD30932E05655F
:101FE000B21CFD44C2631581EA719C0C3B3329FB92
:101FF0008792103AE4B3423466956C1B70EC8D28DE
:102000000C486E925EE51B9E697762038760B9B0EB
:10201000CF87B1A63C89B58D329DD096FEEA61CAC4
:102020006DA8A45AC6C1B2955C4E2CAC82D8822D44
:10203000A70E391B5499421715BE63106691DD7DBA
:1020400013FBAB3C25192C5BB6CE40DC7FD441A002
:102050004B8040BB5B364EF1BD59C65E62D2B5982F
:1020600003655EB1BC094A9091EEEB2225AE70A0EB
:10207000EA3CC872966C5CE5ED3126EE476CD64CB6
:1020800024A38C29506B5AF5D69F99DCEB96D74B3D
:10209000769BB20E804C5E0C662CA5D05F4E5BA981
:1020A000B916C60832BF912B9BEA86CE9DC4A77194
:1020B000CE0E94B6D207C1179C7381266292C028B7
:1020C00037A221C41C93F925E75194346C701BF49A
:1020D00067403946E22C89E612748B6952E04E5211
:1020E000C64CBF9E66FD138CFB8D4E57425C261D71
:1020F000B6E107A52D21DD1BF72B9195E4E79AE7C3
:10210000E4933D90E44661FD8ACE61B25D622C3E6F
:10211000F7539A8A9D1767C2B8F2E96C8FAAABD2BF
:1021200095A84628D309DA50A87FEEDBEC3B7B224A
:102130008D997292D41BABD46994BE82643C3320D7
:102140008CF4BCB64CC55ABE22293D5492053BD9ED
:102150004698E4444C121698D7B48124C09D923B13
:102160009A107B8E88D706393DCFA4557669BC611D
:10217000A3A175344409689493143BB924ADA246D5
:1021800044A51477904E8EA0B904819B24A1E949FF
:102190008F376CB9D0379E9BE41FA492620706A2CA
:1021A000CA13E542D3E079502212561DAAC65D61DA
:1021B00063182DF94677D9499CAF04959A5CA9AB71
:1021C00092A728E9DAE87C792C9C3F43FBCE256D69
:1021D000C40625D9E8D1B2526476EC65805A3E1027
:1021E0001B9686266B1E522A2DD8DFD9D2D051AE2F
:1021F0005402034E941F7120A6D2D353EC030FDD7B
:1022000055A60931E053668D218347769CFFE13B5B
:102210004E597296CBC6F2C337DD3129AE68D7214D
:102220007A26B5E7A04B104E37D108D0A6D3153C7F
:102230006FED5FB6D7BF6CAFFF36B6575676341B1F
:102240004BB2DA50C45257D858B9DA9BF87E957A17
:1022500026CA1D6E39F3C843AA1C68D1DC18C34CCA
:10226000C21CE04EDD4A7EE34AE3AC45D729B152B9
:10227000C86359D412CFA2322E9EB734E63EB9D8E5
:102280002B0C37497A5C66DB52B96E5C9318C9DE59
:102290004A840E56BA9C946F2D35A12F50DE70E201
:1022A000BE585B54128F240FF51C0FA454D21ED2BB
:1022B0005AB3565167EEF9901D6666A53643035131
:1022C000585FDD9B8FC8A42322E223B84CE6EE4082
:1022D0006E64C77E8BC7AC5567E4154B0CA759D20B
:1022E000089BDB2ECA8B845FB3683935A99950A748
:1022F000CD75AC200E62F72C0818DE1F5B206543FD
:1023000066E7356A38590641D5AC842AC1584CACC9
:10231000698A50434DD3FC96729B1E2BE97F26D7CA
:10232000CAAB848FEC6249112D3AC821231D14B821
:1023300061D86A7E95EC05EA2F168AEA2A8F504703
:102340002F9D670BA7AE7EEB3B8827E9451CFFA1BD
:102350005EE12C1A6B870C695412DA644C7E74802F
:10236000A81A26B10B2108DBAD0507039348A61F69
:10237000B092D9D5A987EE6B116707F94EB15B8290
:1023800028873CC6D0BE6E991A53399CE6B6954F45
:102390005964E58B50D98B12244FEDB87E16E39526
:1023A00061805BE46E1387A2ADE7732B1B928128DB
:1023B00031CE52D41338189979A6323719D637E767
:1023C0004FE52BE549A8F3427523E3A4CB7E9D128C
:1023D00043E3E5942594D0417C94E53A45A279FD08
:1023E000E0261E73B2A441003569EC1A9F713A666B
:1023F000A1E4A40B9A20DB564471C976389A0E5F8B
:102400001350907A288391BA5946E5BAE423023FE3
:10241000C3528D4F8A3149CF5301D5C24EA12815E1
:10242000C9E3434A619C3C3C0C7953C71B36556E4B
:102430003867ECBA11720AA04DCB02AE34A448BB87
:10244000F250E7390AFBA6BA413C9DE9483EF8B68E
:10245000770AC7512A5B91154DD12F6830C1C7AAA1
:1024600093F6730070E9B8D3C99A440D23F98BD061
:10247000D759E76192C558A25414010874D356562F
:10248000A4729F9C75397450458B1711EE20711DF5
:10249000353993ECA4311043414FD95D30EB9401B1
:1024A0002B205B86551C8A31791BF3B6E45DE20371
:1024B000CEB49D6455720F086E623A57C60BF1791F
:1024C00050D73D4BF95453468027CDACE546C8471D
:1024D00097F22596A62A12102BCBAD0169F256056C
:1024E0008E49A0CFBBEE0BCB97239F392AB39E26F4
:1024F00007482FB03CA630745E3C4174D28B2862F2
:10250000B797F86398AC3C09AF285D2960773455DC
:102510004A6159B2A4E9D0539989C905F630A59406
:102520004B928121E86E28078E76B474BAB4EF28F6
:1025300090C428C366436DD5BA936457692F509DE4
:10254000AD8BD2090BF225E61042E648E6C789B00A
:102550003ACE4534728D899CF6797F14A9E9EB5BFC
:1025600054F351A363BA27B1978E792E7386AA8A42
:102570004A1246A1C5040DE2B8EAD297533E640B55
:10258000904B2610421DE36EA09E53FE06DCDA320D
:102590003E272430207E87AF315259AD4883CE0E7E
:1025A0001A038925E58F7C08295FA5695256326A8E
:1025B000F11C6D6F844856417BAFE8EB72522E09D7
:1025C000C70109682AB1932E69523B1538263C4F42
:1025D000326F295F041769B972435209B998E892BA
:1025E000593BD6912DDA81662351E09AE963B67C96
:1025F000C982F02794B26B921354FB125C142975B4
:102600003F09273ACD1011A68B0B4211F2AEBD2621
:10261000B228364D7515AF2B4A49D1A6D285997C83
:10262000CD0B5D8612298187469749BEC5F6752078
:10263000C2D54CD68FC40339F3C0EBB0932DE5E57A
:10264000423D2B2F5716D7288194D3D97490FD790A
:10265000EF0CF926E07AE33BABB87B94B477F02A31
:1026600031663FA7C88C649993B9A29803B55A8D77
:10267000CD4139AD1FCA992065CE98EDC8ADCB2AA2
:10268000DF91D2CA0EE9404451E66C6ACB57A8717B
:1026900085FAF215EA5CA1B17C8586AD904DE91111
:1026A000D92A626A615B116B0EC8308C39A05C4319
:1026B000BBB94117F830859C5DF19259D91754FD8B
:1026C000A1780CAB7B90B02790E36BC9DE6A8A38A7
:1026D000DEA9D4635944D522F412D9BD5CE1577404
:1026E000722D257293A36A945CAEAD3265C95160B8
:1026F000A1B6E0B441712D550E02DA132417B08F44
:10270000700ACB5976E4AB9316E4F01253CF98C21B
:102710008C447499EF020193010EB35E1490F1D0D2
:102720006177A6A973E166138ADD4A4110D07280F1
:102730002B252E2AD803B50D477D272913D723C073
:10274000077743672A1B6C3877EC4D66D90E09383A
:1027500099B02FB81D097CD431C9437142DD304690
:102760002BCBB496E53289B4471446C0BEFD529CCB
:102770004C3D33A44DEB1A2BCBC58CDC79841DBCAE
:10278000C93944B1035B3E650472CE9EECBE648FD2
:1027900006CFD32EFA7AA66C621950C250714FB789
:1027A000256D3E6E44BA9E20D901A1044A5063743F
:1027B0000B993E508581C4C0796D20AB4DBF8136E9
:1027C000BA459CE80ED0A9D1A0FAFB746306AF9B72
:1027D00092265D79A29C1133E2C159E4A78869E78A
:1027E00094F5FE75DF79F18DB26EC4C32065341F98
:1027F00045C37400B3804582ADB3E7B718C6C7E9D7
:1028000090B4D0C86A4A761D47725F2AC9732237CE
:10281000F35FD90430818739609F7DF73BDF530434
:10282000D05CE6E1D0AD1A303966E20252C64E36CF
:102830006120FD305B31B5274D899B2B094B987783
:102840004BC1FE44614959BE0935BEDB6413288083
:1028500035CBAADCD4E5256C2F20C9EE956AF89516
:102860009E30E28302BE5A3CD5FC274EB9D1A63534
:102870006BB4DD9AF3493ED3470AE0C81DC5E14F6A
:1028800092ED2F9599658FE28E08A880110C13BEEA
:102890006F7B4EC01B6D86FC8A70ABA26FC866B39F
:1028A000EA6C1DD4EA1ED2DA500026D90A259E53BE
:1028B000F82A71A65AABDDBFA4A1712E626610A7DB
:1028C000B9238C6148975CC8E13F14C70DB25B47E0
:1028D000546F1016E6F0B01616CEFAF9EB32F48506
:1028E00081B4DDD9F9448CBC0EDBA72B19FBBAED02
:1028F000260E0A165C22A17CAF27D1249A2DA4D1E2
:102900008EA3F84351C16754F0352AE0C0F82C710A
:102910004291696AFF832451CF2439C1E1AE3E233D
:102920004FAF6557BAAC209838E010B569B86BCE98
:10293000DB7FFE7BE5FE46194764CDEAF3D64CE922
:10294000A542E55900F7CD6E201A4FE576CB7A57B0
:10295000AC25B138646FBC912864ED5E0237DE9817
:102960003EB083E2F01BA380141FD39C6AE7E0A073
:10297000608F3EA22408ACD8C873D78A119C91DC22
:1029800020870F7B9E732803BA42F29AEE20AB9108
:10299000E4B929421913DBDDE333408C1624EC6DD6
:1029A0007DC1B9AD4521A73C4058FFA8A0C2CC6D60
:1029B00077909048E8A978DDC454A932D8ABB4A385
:1029C0002A4603BC56D84DC4B88303AB0B1DBB21AC
:1029D000793525728384C18188C15C5342D6C4CBCA
:1029E00056044DA36B926181AC0A4013C4CA14E033
:1029F000DBFD94574899FC0E4981AE52AD62CE156D
:102A0000A3C32C402DE7EC64EF39A78CA239A91B96
:102A10003C4C64A5766852BAF982EABBDB2F8EB8CB
:102A2000BA461C8DEC0A01E766A64918561D3733D5
:102A300056D7510C67265887326F8CF822A86B95B1
:102A4000855D904D72F866508CD5292004983241EE
:102A5000B94DFA84E3A353D17F1C3EA75B2F73DEED
:102A6000511D6E55891CA6379ECEF8861DA00733D2
:102A7000C933C16EC5B863787BAB483DD7E19E12C0
:102A80000351E28574BEB54FC6A4ADFD6C3E89709E
:102A90003A55BC2055A5194BF35A2B51684A273893
:102AA000704FECA4ABE2C619AF8BECEA45A5B5922A
:102AB000EFE854D4E0FAFA00F68F8E53DECE08B673
:102AC000985ADE9024231190438230BADDD93B21FD
:102AD0009F46A59C579E13A0AEF134B05A14B70977
:102AE0006A3687865BB8626EFF337024B61AA0061A
:102AF000411A697CDA14B6B6CEEE72C49FCB1DEAD9
:102B0000490A9BD1348591B86F6CE7AC221A643CBA
:102B1000827B0DC7560601D1AF67E451C275ECC088
:102B200021254F1C272A7199B4A40A634F4195931C
:102B3000B6A785D0B5ACEF0763C898C250E88E44FD
:102B4000808BD26C5048136922A7D3C4B043662649
:102B5000CAE9134D7080281B129D3CE21EA30EDBB8
:102B60009C0A529276E894E79A24F35CCDDD473CC8
:102B70001985E370CE92540074BCAFE349A2262AB3
:102B8000E27F7F0E4F1770174D3E9DA4698DE4982C
:102B9000E550DD14A995E5DC222DB2F62E4CB99D49
:102BA00033B914175CBD0FDA64C73C27679E73DB2B
:102BB0002C015EE4465DFB69AA04C6B773834936FF
:102BC000E53E972B3A45C1AD115359549913E64D43
:102BD000A98EF5A9AAA7E3F78DA6C2EC5E454E190A
:102BE000193288AF27A4BCDEAD999435945450A611
:102BF0008A5E4BB4C6C9199FA8D0A4BF946B6DDF81
:102C0000B86442057D1DF165C2B201EA8B8EF8D031
:102C10008AFA0D75C365983661F68A399E46F4CAFC
:102C20008ABCB672B6C51BE5E02AE8443617E50E45
:102C300008E50C475A0043A7D09AA303DAA99C31B0
:102C40005163AA6B10B54B288C932B8B8DE029E335
:102C500064695C07EAACE7BBA4E1AC798DB63ECA17
:102C60006BEDA75FFEE90A9E2F197C7405032B7D8F
:102C700080AC980B9764D1897C079FED9E1C1C2526
:102C8000B758678E742B7D0C9130D9699348169E86
:102C9000D33F287EE8E1ABFD433013758938B9E0B6
:102CA0006B5C944B24C49A4A1E29A3A1BA5DC0460A
:102CB00043B6E4D30C139B5AA264D40EF3342B3ADC
:102CC00034B2A91AA06EFDC52F764FB6B22A6A2675
:102CD000F47210395E47948B8AEDFC863D9A494325
:102CE000311B26892A69B402579578CC0CCB22D6A1
:102CF000F60E29DA9662AA984BED4DB8872EEA2A8D
:102D00004F8A4019F284A84BD88A0ABA7679ADD294
:102D100088AF568705444D46CA7A13B8FA0294988C
:102D2000379465296A5B4B2147B0D1C498AB9C604E
:102D30006749A6CB21480AD97869257AA8FFDD3FE3
:102D4000605CEBE2A940112724E3882DB617256CBF
:102D50008C9D8401C78FC2950EEF415276393BACF2
:102D6000989117A767BBC772B864CAD5D2E570FC43
:102D7000C9B9922956179424270C2E2DC0A11D4A9B
:102D80000BBB962BDF58549EF6F85A262440328609
:102D9000D04EE68CFA383F68A7D284C9F98D78BF47
:102DA00031090A9F9FD6DA3E24BAC3303EE6BB7C87
:102DB000C8D0C3A61DA5370185A014DD7C127063A1
:102DC00051B0E144D200073A488AD4B446952F8ED8
:102DD000929C9BB9C0013ECB444CC056AEA532F983
:102DE000B5B89DFD576020AA1C87EB84960A276919
:102DF000948B1123C78C082599D8648746222D62AD
:102E0000E4612B9ACE0B280D424ADBB7B2088AF256
:102E10005B671FD48936551AC2B2E2FB957546B975
:102E2000CF067DBE70440D6032E3946F03B94B9CB6
:102E300078D3E1344CB9C564A9B7E5F2BD23961344
:102E40000BAA9693B974719D027A2A777D4B852ED1
:102E5000ADB5E7C42E75055481B494EEC8ACB9B0D5
:102E60004B228B277E3EE9C2399DB4C45D12A1126C
:102E70006643B346B20860AC9FCB9FA7D6929844F6
:102E800056842133930735F1F4B5D86AB56687596E
:102E90005F109E47A010972C69DA01840E540F7CB6
:102EA0000BA3C2A64A4D14A9BC9B271AA22AF282E0
:102EB000D1C2B5124EA2CCF34C1965A34D95799AA7
:102EC000298369A44BD062AC178647C51371DA25F4
:102ED0006B161921296A56CC19143921EED692D6CF
:102EE0006AC4FB82D4A063F2E5508727C7BC4F08B1
:102EF0005529B9169CE0E3CC2D7CB9044822E39116
:102F0000DF75291EAB743C2F5E1C1C940AA46B5207
:102F100034D645BCE6984A3D082560B3151139DF23
:102F2000EA9E4E88B4C5F9E3389B8E5AC0211B0037
:102F3000E55E0878E3299BC2560952261D33D871F5
:102F400033621FC4AF9CACEC68EAE992AD3C2D251E
:102F5000B98839BB8C8A212147045260A5DEB1D7DC
:102F6000F59DBB2F29A011F3C41431125742310132
:102F70005939B54A2A1B325BB74A9DC4FFC4E4FEE7
:102F80003199688917421E04CC251CBF85EE324357
:102F9000D1BEFFEDAFBFFFEDEF0FB8CEF7BFFD1B0A
:102FA0003C969D0339F22A7830E89F9C84FA18BB3E
:102FB0002FC11DA99946BC13C0F2B217B664D0ED5B
:102FC0002489A8983190BE2B7A804EF99303AFEAFA
:102FD000D18D5602C6982710680706A7FC05E7CAD8
:102FE0001EC54A4A35E48B13C5899AC1BCB23DE976
:102FF00076C14471789AC5BA941589339CBB18E59B
:103000003629E7191FE5C3EE522BA1325EA55742C0
:1030100065FDB13374A7323D142EC5EA96D492C52E
:1030200048861428750101CBCE3A6838053B9DB41B
:1030300063520ECD5B859F08823AC88C684702A216
:103040004B9D7588237E12CB8BDC2E27CC9E8178FE
:1030500026CF9115A35356D1DDE9744639AA2E70B7
:103060003B36D952351A9F3AFB148E9742E34CA651
:103070001B955F2103A44847149BC89D4C7682246E
:1030800032BA0086F9D444DAE49BC02E9B49682109
:10309000D8050F7F6218AB7026DE8194CB4B52139C
:1030A00069F5A7DED873607D9881B58A85A78AEC1B
:1030B000656A795E680A2141754906A40F07B9AFB0
:1030C00052B8FC5890ABAC4C4B803C9E32D0F7D4FD
:1030D0002DDAC29C29933E5BE21FB2C6D6CA225BA0
:1030E00000AB2D01117E3D35BF9024D0202925CC89
:1030F000CBA22867D15353E0104D4E74C72E6426DF
:103100006D54827FDB0FD9D328D9C2F696A58A43A6
:103110003D57BA300E1173218998AC8EEFC6515FBE
:1031200023964871944650724AB0983E30F79125E4
:10313000A68624736D2CEA4C3E570A277F2A2A5311
:103140003D59951D96E72B794FD40BCAA118A6734C
:10315000EFA7A996362C1B0E418E0E2681A4054A98
:103160009F1D0498777C9975768D53F44B1280A837
:103170001C49AAA4C9144490DDB7710CEC178F52F6
:10318000D9D59145208E8C8E5312A328B99CDC8210
:10319000D4E1A1E1ABEF7DE512815CF7AABC2FD2AF
:1031A00012768A1B2A389C5719639EB162C08051DF
:1031B000B22EAA6491C9E6CE09B192CB45CE10E2F7
:1031C000890A41BC3CF0BC42E0F9F7038F604349F7
:1031D000FD3224CDCE6F267422C9B4A4325D917520
:1031E000572C8A5DE85D95C18C889F00D63929C629
:1031F000C314084F35DED0AE0B155FA9126F6B8C70
:10320000577BD73E8ACB2756BD1C821A4490F92F94
:10321000897D1B190066E2349781236748CB42D22F
:103220006487230114035440CC00EB740EC59A3B11
:10323000EB24A3894228ABDDF269650150BC0FC0C5
:10324000AA9F0028EFE061C630395109A245846188
:103250000DE78C1C08D8AD931C97C62A945EB72541
:1032600066309DEC9BC76CF745645F0DAB97A2FC85
:103270006A509C3D23294F8A2ABEC341AC9FD37814
:10328000A8464579BFC80E96B813768CB94D275815
:103290004F1C317B228C6929BD90FD491DC8AF2987
:1032A00011F8F1D9E6D9C7CDD337427AE7B242EC6B
:1032B000C4880C743A198BE68868EACA455265F1ED
:1032C000D09C7F3775E014E586634F38B720319C7A
:1032D00082D4CB4E523F9DD14D2508B392BA5115A1
:1032E000BA87EDF6F84CC5EBA03358CF3F86D7CC64
:1032F00001B294D21CE95FFFA0EE9DBAE9141270EE
:103300004E94ECF5E6220DF8694E553EA9676445EA
:103310009C06E27CDACF94D15C53E2D1A4A7992435
:10332000A02A0F26A2CA98C697E975CDE480B331CA
:103330004CB9DA26B9DBCC729BAC689CBF79D29DC4
:10334000B3D2B49266959FC92AB73CB5CCE7CA07F9
:10335000C01C0DDA29C0CE1847D9E20A1758A93384
:10336000CC58172584D383B4839724035C7681D308
:10337000A9D5B4EF682A839B4ADF965F67D67B3076
:103380005401EEB38F2181BBB2A8A9C5AA14AD68C0
:103390007A39950272FE128A10B3230AF139E9DDF7
:1033A00096933C5E9F1DCBAAD43D6BF39D725A70E1
:1033B000757608E8598CCBDF192B49D235F48AD2BF
:1033C000B41500999350EAF91D9FD941E52C205C72
:1033D00092E58E7C295360DEB7F3D32539DFFEA05A
:1033E00090869FA9628952D9AB8A61FB2C49BBA503
:1033F00080BB7DF60A5990365B02D943CEAC751C72
:1034000011A9B0608BEC585632AC7B403C9F26250E
:10341000D99E34D04E3253A7838ECF04C97E9549AE
:10342000D4757C9E3189A7335A09992A8030A5AE7C
:103430005A00E102D264F5CA20EE59204E2592923C
:103440001C52CA34EBE5AF158217A0D813239D8C0C
:10345000C932C8EE9B745EF04E91B22ABA9002B1A6
:1034600018102C9FC0D986D34E68560889C752665B
:10347000F71FB720BF176E82D7637F67CE8224699C
:10348000C786E1C24589CCEDDEF7035E2776C8002A
:103490007BD62B4268279DC22B076A4955A7FDBFE3
:1034A000C49F8649B69D6AAE9768DDE9121B8B2ED4
:1034B00094B75FF1CD5A0CB99E499982D4743B3FC1
:1034C0006613BC5A66176CCF857A1EE1CAF985AFC0
:1034D000A894723FCD46FAA1CB361825ABA6FD21A4
:1034E0007496A44539BD98081D1CC3FF1286B54DBE
:1034F000F29D23CBD9269C31F347F0FFCBDEBB35C1
:10350000B7B16569627F05CC394521C5240890149F
:10351000A5031044E84255A95B378B3AA5AAE1E11F
:103520001C268124992D30934D2429B22874F4D37C
:1035300044F869C2EE197784631CD30FBEBCF8C986
:103540000F76CCABFB9FD42F989FE0EF5B6BEF9D8A
:103550003B13002955D74CF4D88E13474466EEDC54
:10356000B9AF6BAFEBB7BE9783BC5F1DB76B7A6229
:1035700094E0F458A17FBC78A8DBCCEC6E9EC42309
:10358000BE063B85D8E8CAE0E40EC82DB42EF17320
:1035900081C4305A86B9775FEF36FA7DC374478DA0
:1035A000ED1D0B2E1261686C00077EF7CB688EBC98
:1035B0002C4DD5BA3CDFEE9B9FEEA94C0FCCFC897D
:1035C000999F73F55130936FF6CBC2CC68F64C16C9
:1035D000D8787366BC79F7DB5D0C50BF4D1FF6BE23
:1035E00044D01F082BAC8BADC2FBC953336F30D214
:1035F0002B3FC426C457AAC3F243896BB3636671D9
:10360000F7EDBB2ACF3723A1B8F999810A3A17A160
:1036100077CED910AAA7BE06C4DE711C98F0A27896
:10362000A444692F9708647F35DB9E49FA19415BF2
:10363000F9CFD3B7CE3CC8B3450BEC9BFA26811B20
:10364000F0A297680C74122CA9E964813D94FC33B4
:10365000EC660952A947A2C62B7D7357413B5D67B3
:10366000CF2E5595F486413CE7639E6EFFAF9A5688
:10367000A0D8D8AE829028370EB4C1913FAD0608CD
:103680001106D4797885DD468957D8E32F834F1802
:10369000FE171F9D91345CB19EEDD0087462FE1D33
:1036A0000B004DFDEBCBFC0FA94AD982506748A314
:1036B000E13714914A209214C342790107D1D8848A
:1036C000ED726CA23EE82227074A291FD354172B1C
:1036D0004CAE33F8329EE6BFDEE132162F52064181
:1036E000D136E7BBAAEFCB234463574A1C3FE3A480
:1036F000281A40D12B33026D168810AECDBF0AEBCD
:10370000274326EE5AE26FF45FE47C28310DE9434B
:10371000FB8BA65FD5F3BBEBB9E59A505FC1D156E1
:10372000FFD9C5458D5F862B8B6A65C42B854B10F1
:10373000AE525FD36F6813CC07BEF92569CC77CD45
:10374000ABAD47E7F642E9A0497320698A4DACF773
:103750001F624D4C83A39F6E309524386277CD9DB8
:103760006DA03A039E52CC289AE7082113FF79896D
:103770001D520A871DA7FC54358E68E1BD579A5724
:10378000D0A0252E0D97BC9EDACC3272C0BF773503
:10379000D487616CF35EFC37320817937B060143D4
:1037A00060BAFAA1DAD59966FD093DDDABF674760B
:1037B000F4FE9C5D8523E7C8C76FB2F17C1E8CD2F6
:1037C0001C0C196F975A08098B7D72FF0E7DFD0D39
:1037D0009B93B04B35A1C3854FCE076032904BDF32
:1037E000F3D2FAD483BBA82B2C0D628587A652474F
:1037F00079A9805770041DE0D1B7821C5DE45F4A4F
:10380000DC1605AF1152291B09CDA9C21995C2B406
:1038100096AD5854A3E4F8D8032D9A034BE452B262
:1038200018B021F5AD109DBC06A6E809C7B6C8CAF8
:10383000180FBF6761D450BCFEFF35F2FF89359287
:103840009E9D18B659ECE184AEB2184777518DB2FF
:10385000D49F7745BCFCF0F4CD6E6D9AD24568518B
:10386000624BA1C16A16F86916F1E91B66BE32D532
:103870001C98EF867CBAF662BFEEC17B9255F1616F
:103880000E3A5A89EF248CDAB8443C789F6B52D7B1
:103890001341E6AFA312106194A916EF9B8AB930C9
:1038A0000494301E423410E1B1E74DB40B7457EE6E
:1038B0002DB1E91CEFF8862423285FACA80F9C7378
:1038C00077F81D8B42F8E0CAFC3993E85CD4802A73
:1038D000824175E2A5FCB08659B0B8C886F2619DF8
:1038E000850A34432D2C520DCB3ACC806F7E45C5D2
:1038F0003AAC48E5C9F70CE0D5D82124794BC4ECA3
:1039000042A0FADF671AB9AA21453948ABEF18FA85
:10391000F71F767FBB401559ABDEC7B722E5287588
:1039200099BF0604DC823A66F1ACB05D77EB15F026
:10393000DEE20D9C8A391A3F4B44227ED16C638EA5
:10394000DA37A1520DB362012E95B89EF6B02C3035
:1039500073C779FFF614E4A71B04D1597CFD0C7ED4
:10396000D59F27DDAD4D5EBC3AE3046EB41FAFF3C7
:103970008A5BB2BBFE688B1E08DD77477F950C8B98
:10398000D6E7E466D20420CE2F9F7EF3FBB07516F7
:103990009F37017E016342184D46DD364A5E7557FA
:1039A0003B68F645CEE27DECD1E2E6BD5E34C3E88D
:1039B00028879DAF7F6B9E763328BCCD2B513A9ADA
:1039C00074F70FA2BF4273D1329CFC38E9FB5280DE
:1039D000BF9E16FD76946708AE4DFA4B1DB8968CC7
:1039E000F519B6F497FEED7577B31DDDF09F491715
:1039F0001FBFC4B6DA4304E9E73E2A046D292F60ED
:103A0000C438ED4FD402BE07FF06F4B685C8DC57B4
:103A100030653583F3F1F068156B2608BF7EC5D895
:103A20007CCEF22FD98B0BFDCED90D7EA195705A8D
:103A300029DE5F1E01860E94B38F52C7F064CBBFA0
:103A40003C035611AFCEF5D1471A5BD1607E0EC54F
:103A5000963A3DA0600C0B7CB4511910BC737C34B9
:103A60000AC25B4586B8CDE0A54A34915C309A1411
:103A7000B022C037B3936E6256F3343AD209436F23
:103A800088F0203F524E9BFCE277F459527CC92FBC
:103A9000500E89154641BFDF4F06FB59F2E5ADDEFA
:103AA0006E86072C54C4275218E7D2F96937C09F95
:103AB000632D8A92BFE6BD66D8BDCAD311FC8032A1
:103AC000AC8557238CEED47505855E8D9AB6F10DC5
:103AD00033A92D2DB9B232651042217EFB9F9FDDA7
:103AE000BC1AF593FE8E2DA37D68817E8C9A717F22
:103AF000276EA5237E378CD209B5BA705197E25C48
:103B0000AC2D2CBE16248DF125F6483309CBA1C46B
:103B100080BC81737F3389E2BEA9D835266E71B827
:103B2000F69383418B10025FBFB6A7FE7BAFE3A382
:103B3000648CCAEA6D772F8D5980CBA0F21A3704B6
:103B4000DFD29EE1AB654D3D5B539ABDC52CE2CE05
:103B50004A331E048DFFFBFF6A042B31567458193B
:103B600038D9756C79544499AD30EFBFD87DB98799
:103B7000EF47697FBF1DD5FE3BE8E518070C5A7E6D
:103B8000B11B0F4F9B7C3BECEFDC26ADE3A3E5E5DF
:103B900066BA1F1FF493D628391E0CDAE1348CF272
:103BA0009638AC972F60406F03AE6F0E75AB40EF49
:103BB000CECAAB41BA9FB43E1F608D9B195FEA6BC2
:103BC0006DCBCB41816E07725D2C2F7B4F3FCB6756
:103BD000E535298AAFF6B42793FE6D3AEA9A0512C5
:103BE0001558BDD7DD377171DABAC82F39E521769E
:103BF000AB775D84D1E76ECAC88A9357D9A479CBD5
:103C00001778E338EB6653A5324D74953B318C64DD
:103C10006A48227A5B1B6C3B1A813E66FD6C3090D1
:103C200002A609E37E39005C66E8BD7644FBEB261C
:103C30006C2CEFF3497F2C9D004293AB96C123FD82
:103C4000A0F9B0E1B80DB57FFDB509C3B5682D2A5F
:103C50000113432C6D3C0C7FCE2C4FD2EEFD9CBD4E
:103C60004406E994179D06D2BE6E365EBCFB396BE6
:103C7000345EBDA48A9337997B1B677DC84CD37291
:103C80006BDDDC5A2F6F6D985B1BE5AD4D736B33AD
:103C90006C7CFCCDEE5BD6D970BC90FC5D81F719D5
:103CA0006FEFBE7DF1CBAB97F8C91F684D4FDAB708
:103CB000EECAC17EB38E7B014878B946CFD2136677
:103CC0007C73942ABCC5326A9A85DFC88F1B89D958
:103CD000C45FBFEE1F84B7E971339DFC1A2F3463B4
:103CE0008CEDF2327674D6422CEE49718AA5829B15
:103CF0009FF7370FB83057D631B07AD9F70AADAE43
:103D0000875173B38D818FB932373BFA0B35ADCB09
:103D10002F57D0EE95A4CF4A3640C3E4C7D6418F83
:103D200085F6DB0752BD4CA7F9CB5D1CAE04B79DF1
:103D300060A59920534CB09274E5CE143DE64BFD3E
:103D40007DF36A24A45E2E3A7A81130395AF1FC8CF
:103D5000373A7AB571D02F22BD2689978FF7415E09
:103D6000303C9BDAD862A6D5D228FF4B0B3FF2F845
:103D700000B42AD25F7D040EE197A963FBC75EC839
:103D8000ABF3CBC969133B1C271749F4F2F2C91BEB
:103D90009DABA6B91346F0EF0397954EE42F6ECB7B
:103DA000A98053CDFEC451083A5A9F4F2DC5964D58
:103DB000388188A7C1E41E677B37D9103BB677D717
:103DC000FC63FA653372CACC0415FDE38C641F1DD5
:103DD0003FCE2210C8A2BE2A0A2167D501D27BB2EB
:103DE000E193A808E568C8F68B03B3B7C3A9D9B5B2
:103DF00049B9528FB39FB214567225BBFE59601B4E
:103E0000023A8430F3A2C9A6B08FD264F90888427E
:103E1000D2E2A91B863DF461A9689DC63C6442FBC1
:103E200019E199B2FEBAF4BE671EAF64612FCC5699
:103E3000562C09C10D73D83DFFE5E3EE9BF7AF9F0C
:103E40007EDCE5F175B8065F5EAA2C5498365E3AC2
:103E5000E20060F3B8FF9CA1CC7B1358949A746481
:103E6000A9C8D74A5A221776A451FCCB78A680500D
:103E700091BC5BC16930EDB188D4260FC3CF190165
:103E8000AA7EB84DA6F700599158CCC5B26A34F055
:103E9000A592FB7749D36C06589BDE988EF9AC64EB
:103EA00016FB8A771DFCD5CFD9F4E7ECB0E7CDE05F
:103EB00073A061150B66CFAC401E28B1632E22653E
:103EC00095A87C1825DD64EAC8B99B6261F7F442C5
:103ED000B70C0E99A25C35C30F09AB786E1888C871
:103EE0007D30C3E980A0D2713C4C9A6B3FAFFDFCA2
:103EF00070FFE7C9CF7B070F073F3FFC79ED2B6EC3
:103F0000ACB51EFEB0767216F14069042C8BB66318
:103F10006719FA84835716DC87E464F7FABC19FC46
:103F2000FCF311188095A039E8FFFCF3E4E1CF3FE2
:103F30003743208826D7C9B099B956E783A435817D
:103F4000C12F018C1E4FF951721DAE142BF6A6B96C
:103F5000B512DB8F74BDF53F243CDF1B2E66F003EA
:103F60006ED46259DF31D7B7BCFBEE187B388C3288
:103F7000B7190A1C8B4058BB903DB00352E30FA108
:103F80006531F228258B51ECA707DBEDE5E5743BA5
:103F900071FB752993CD9082442FC51E8386A2B8EC
:103FA000D5E42BFD34CA5A3053A3101992EAE8A382
:103FB00079152628CA6DE353CC00D6D5E7AF5F6FDD
:103FC000196B69C2BFA949E8BBBEC6E09AA2717964
:103FD0005DE0F59ED7F05888C76DA2D4034DF47804
:103FE000489E2ACD944F846392126C1F7FF633252E
:103FF0003EFA7E738247189B8194E2C581C82C20CB
:10400000A5CA8B64335F5C729F345FC0B71C0B6CB6
:10401000BFDA3A62134CC9BEB9194623426140B8AF
:1040200036D78E9BBA00593424911CDFD89FD13AE1
:1040300059AE72D842CDCB367290D1C66C79396BFD
:104040001D091F948ED0908BFDAC954B3F85DAE611
:1040500007FDDBA32E9F4579579F4DBB4DB41DF344
:10406000B05FC8F560100C8203D964A1EE2E9E6C7F
:10407000287FA0472AEB30043B04DB5A1F24D7E6F5
:104080007DB4E800ADD6BAE30365262C7B5D8E1BBC
:10409000764ABCBC9C6F578ED425F325737654DBCF
:1040A0005D4CC3A91B4FAD1C53EC0BB11CE6D054A7
:1040B000F6F56BF5095EB08F06BA18FB69D754A701
:1040C000D7FEF94322F2FC14525A32AA6EC2E15EC4
:1040D0007AB2171FF364269D9233A628FB571E76EB
:1040E0007A0E717B1672EEFA37F9921E5278C83F3B
:1040F000D15FECBD7BDB620834F28F1DDF60E8A38B
:10410000EC20C4815ABFCF0536C1B2668D07A1CF5E
:10411000C1155C2A3838216A4DB80E4761E86FC96D
:1041200042F6829C93E675F9C94DD79327FDD8DCFA
:10413000EF67D369CA85585B86D5BACDC8C5B59136
:1041400093F9058779344ECE26BE5CA56250AB202C
:1041500077B77FE02DF18C75C786AF17AE53041A81
:10416000F43D03E7614042929EAD07A20996EB67DA
:10417000F086DBED41A10B35D0F453A260A7ACDF94
:104180008D77FA6F7F7AF3CBFB576FF76C99437D8E
:104190008833339E4A9C82E294D1F7EE875BD161EB
:1041A00008B3114EBB269995A28A6514DC0FC36E25
:1041B000B394623132B6522B19C6603D15EE8A4572
:1041C0006004431B3291523D1A65655BECF0AF5FB2
:1041D000E755E0E0A7B3E3F4840EBE46DF17ACBCBE
:1041E0007FF3CB5B68A0F7D073FA6C1EB48AFC75C2
:1041F000FE25B9780E1D45934740EBFCCB19764F51
:104200003A79FFE50C952D2F2FAA1FC9A014999A72
:10421000C85A9FDE04D8CD1871E1D213C7A5272D47
:104220006F45DB678327DD4D2C66778924EBEBED4B
:104230005E3311BE7FBBFDF5ABFEDAE97B9F0FC499
:10424000B8707C4928032A9E8D9E0B4CBABCF7C8D7
:10425000BDF708EF65DE7BD6EE30EF5525C7EB07DF
:10426000426EC9BBDB4A360E763A8FBC4AAC2ACEC8
:10427000046C3E0AB4AFEB7D23F63645C722C44832
:10428000DB5ECE8B5D51A545C1B679CB7D6EEB6013
:10429000E771BDABE65B8F31AE46E6C4501617370B
:1042A00050962398EC1C9C96A11B22C14C81E9449A
:1042B000213EBC3595242D358225D2529585FDB9F8
:1042C00030EC37F87AA521B1D43D34553F07CD14F1
:1042D0009A7457BDC918D609DB6607E4AA20C874CA
:1042E00000D08E671A7C934972739C3F603E130026
:1042F0001150E371D7C63DFBE69DDB04AF919F6390
:10430000C13DDEB2D3A10BEBF3FE8F07E5A81E562D
:104310007676A3F9C36DA67A9C6978F8CF639B97EC
:10432000BB1AFD7EFFA6F5E6DD8B9F5EEF2EDE80DD
:10433000D6EC65107A15630994E2928898334D0A99
:10434000B8B7A123BD11E68C3F4A7AE2EDB3C31F93
:104350006ECB0F69BFA1073F4A3209BD8C1B1C36CB
:10436000799967902919B6FE2A4FB32613B186D3DF
:10437000C3520CDBDC70FB23118978BBA3EBBD833C
:10438000EDB5E52D781395DBD9328AE9A0C20E9EF2
:10439000EB19F00988AF3521000BC5533865A9CF5B
:1043A000E05A15E73E1F1C708993E558EA178356BB
:1043B00071E1EB09442AE6CD382B954189EA1C0BC3
:1043C00096359CEFA19715E023E4A5412B134607F2
:1043D000F37F687A7CB867E307B1685C0B2C2B6DC0
:1043E000F89B625BDA0A2E0BED11A1F8C272135230
:1043F00055B55393C2489B871F050581159B1663CE
:10440000319ECF6A49F986DFB45EB5BEB2EFC5DC36
:10441000BEFB35A12CC8B48C86E138CC1B0B3EED1D
:10442000BEEB1644E0C4060C3BBE74F81AB32B8BEB
:104430008812C6457E862546FF2ABD0183315BDC96
:104440003DFC58E653E050177386BA61D419836077
:10445000EFE5732408EE5694B1BA404AE6A1B2647F
:104460009CCEBB45DD39C8A7D36CCB0D2BDDA3D4C7
:10447000AF056687A2276432C0C95E4CACDCD4BCF1
:104480003D9B9C742B2B134C4F08190CF7A32FBC8E
:10449000D18DA761E848568551297C1589C71C250F
:1044A000BC5FE57B8A105CBAEC128AB805D9577EEE
:1044B00019DB54CA7D4C0B1C0405C78D22FCA1934B
:1044C0000A8AFEED749152266CAE3B559AD3A451E4
:1044D000A9D4269B2FE2995E5578785FC9B39F8057
:1044E000A9448D862F66D0472AB2536819F09D0ED5
:1044F000AB740DA73ACB6BBB25312B3846945131A9
:1045000080773CF68432EB7EB0A04CB02E8A3B9193
:1045100085ED3A8CBEC4175977A9EDFA4BC1DCD9A9
:104520000D64BB6196ACD6697979F8364946935DDE
:1045300028E8394D76BFF5DC3B7ABD92A951C11907
:10454000BECA3E48C33F5E30E8B86C1486BC5AC150
:10455000146D1F1C369A2BF83B154B1D8F9C3DB5D7
:10456000DB3E572F2D926C10E5CD523FCC6C2AAA22
:10457000B5090FC5BAE57CF27EB8ADB6C79BE0FCC5
:10458000AE09AE2D29E198310E07F688F575FB3A94
:10459000F5D4D3EBE4E7FBF6FAAEE92FE64C7F1E49
:1045A000868537FDA52EC1C92B64F75BD8D9496D27
:1045B0007914772F0FCD643A3249F5E4884BCB91CB
:1045C00048CBA987390FA1764E9224E7B3AE645C3D
:1045D000D81BABC2582979A8A2E4A15A0CD59D28B2
:1045E000C7E38A5A72234B09F50CE295A6E592447B
:1045F00078338C54A17ACC81B24D03AD0BCA5AB03A
:1046000016D308683693BECC6436B9FAFA7563BD22
:1046100097EED4D716734C18033FBA9BC9DC4F9D55
:104620005A2DED7A6B623275998466B991725CC6C7
:10463000735748A9E36C8E31D3141917CF733177B0
:104640009B4370E771EAA6BAB4502515DB5D62762C
:10465000A02CB2AC35C9C95478E70B584FAA65DC19
:104660002AC8076E0D3C3756139F16181633E546B9
:104670003A1510136CC2F84CC7AA988AF5C5C28CBB
:10468000644CA3061221CCA7472DA65667A2FB2A8D
:104690001F4D783E5E80277AB1FBE65DB8884463A3
:1046A000E277FA8FB13B962E3C4D91A19B73A9B353
:1046B0006CB9825B8E233CED1AC64C182A45942EA9
:1046C000342FD3717A71F645F0AA3DA79B434F650D
:1046D000699A0CAC32D1CED1CAB8ABB86550099545
:1046E000F75E247AEF372F3EF43B9D76F4ECF55FCE
:1046F000F6D77DD332748AEF000E76E18BD27C59E7
:104700009483768BEE8B8224813E202A163D6D1F8A
:104710003855E19CA7FB070715BD532E0359A74841
:10472000D4598609474F74E6A2F2C2BF605172D5D0
:104730003A152D38B052B5398A0A1AE1E567B8D270
:104740002117CB4BBEA2232F0F4AAA88867492CD85
:104750008749EB1A0AD21BD84A0D198A26F60CEEA5
:10476000596AEDF495BDF0969A7C0A16A5DA73297C
:10477000356D43F52A5214E6CBF2BDD829879A8BC2
:10478000DF0BA9F082177B61B57339467F3517D5EA
:104790009CDDA4310EDA5E2A9AD031DF898C467A0C
:1047A000EC8FA20C9AF65C0A853A3E89191C54DA01
:1047B000716CB767A7BB2C8E9F3CBF2C54EFC42EE7
:1047C00016F043A86B4C12E18AB0BE5A8A87D72CE8
:1047D000569CEA6B270E912623FEDC2B56A0CCB10B
:1047E000BC5CF901917BDFC352E0AF2AFA0ED8E539
:1047F000614C24ED9915D152B7045FA797F4F7F3F4
:10480000D617A8B84FF1FF31ED1A76A6A221916212
:104810009A9E5118D37E8697013319AE75405F3B3F
:1048200011D3CA1CD4E99DAD274C74505BAD16085A
:104830009CB71F8B08000000000002FFECBD5B6FFF
:1048400024497626F85EBFC23B4A9519D1E50CBAD9
:10485000C78DC1603273992433932ADE9264B2AA61
:104860003A2BB7E18C7092AE8C088F8E0BB3B25896
:10487000147A1FA6770602162BA967FA458BD12E4C
:104880007A8415A007611698C102FBA47A5DE847F7
:10489000D41FD8F909FB9D73CCCCCD2F118CACAAB9
:1048A0009E9DC64AAD4A86BBDBF5D8B163E76E8FE5
:1048B0007EB673B47DF6E5F1AE733D1DF41F7FF453
:1048C00088FE38FD6078B5598AA6257A11063DFC28
:1048D0001984D3C0E95E07E34938DD2CCDA6972BB8
:1048E000ED927E3D0C06E166E9260ADF8DE2F1B429
:1048F000E474E3E1341CA2D8BBA837BDDEEC8537F5
:1049000051375CE107371A46D328E8AF4CBA413F2C
:10491000DCF45D5D6BE5329A6E76E39B704CCDF610
:10492000A3E15B671CF63108345672A6EF47E82115
:104930001A0457E1EAE4E6EAD3AF07FD92733D0EAD
:104940002F374BBD601A74525FDC4FEADBF8E9E0A9
:10495000E770B2F9F07A3A1D755657DFBD7B577D87
:1049600057AFC6E3ABD59AE77954F8A143BD3F8D65
:10497000BFDE7CE8399ED36AE0FF1F7E52DFA5FAD6
:10498000D3F7FD103F47C1F4FA93B5A79751BFDFA6
:10499000F9A456F7B7E87F9FACED7CD2F006612F03
:1049A0000ACA230C221C4F56BA713F1E6356D7E128
:1049B00020ECF482F1DB0AAA656A3F6BD2FFA836CD
:1049C000FEBFBEBDAA3BC16F2AE9F4361F1ED46BE1
:1049D0004E7DBFD976FCDA3E7ED6FCFD167EFEE229
:1049E000E16AA698BFEEF8EDAACF656AD5D67EA398
:1049F000C9CFE7B5FA4B7AB5E6A040AD9EAE47C346
:104A00005819CF00F687E14D388C7BBD87DC567393
:104A1000AD5A43272F9AED6AFBBCD67E41CFBF38F3
:104A20006836AA6873FD45CBAF36CF6BFE0B7AC6EE
:104A3000DB26CAA24CCBABB65FB6E8A743FFAE57A6
:104A40006BE7F5BABCAA371DFA8ABF2FA8F4CB666C
:104A5000835ED1BF756A7F5D5EA1A26A0B8DB6AA27
:104A60006B4EDDAB6208EBD5FA4BFCD3E64747FF54
:104A70005A3BAFD7CC871AFEA172FCEB05D57D89D6
:104A80007F6AEA83FA553FA76AEA0337A5FB580E07
:104A90002604BEB5178DE6CB264313FFD61BE7F5DC
:104AA00056B5B94560A1FF3CC7C7FFF0A1D104804E
:104AB0001AEB54B2D9C213FE7DE1AFBFF4F911FF76
:104AC00036D6CFEB0D7A54ABB2F68B839A8706EAD3
:104AD000FE8B1AAABEACB5F9C191BFE8655D5E3523
:104AE00050A3C97F5F50F997FE9ABCE4BF75697403
:104AF0004D5595F67E715097B65E34EAA8D068C9D8
:104B000057F9CB0DF34FB441DFA9612AFFB22EBD97
:104B100038FC571A969FBEA3DAC388EB04BE3A96B8
:104B20000863C200D708FE755A3FFED5A8B6083AFA
:104B30006DF5A15DE5B1AFF3AF1754F725B0547F24
:104B4000E05F287C4ED5D4076E4AF7F18B8386AFA1
:104B5000BBC34831ECA62E23BF4C77F248AD523987
:104B6000E98EEABE6C78E68397EA4E1EB929DF74B7
:104B7000570390B0100C9C75FC03246D394D0FFB4E
:104B8000A9B14643C4B2AEF13EA36E5A0073A3DA94
:104B9000E0EF2FEB6BBA4EA38E36F6D168830BBDD8
:104BA000ACB7A91297A446D009358A01B75ED47D67
:104BB0006C97668D40B3CECD11E6CA1714972FF4CB
:104BC0002EBFED79BDEB2FFCDA79C37B8187973C53
:104BD00064902EB372FCABEE4841D300513BFC22F3
:104BE000D23A8DA6FDF0F1D6B837DB0F83F1F0D1C4
:104BF000AABCF8E81153A3C71F75C6713CBDFD6878
:104C000065E5E2AAF3F165FDB271B9B6B1B2320A57
:104C100086611FCF9797FAA186A7F6E5FAE5055EAC
:104C20005CA2A8DFF52F6B2D3C0C66D3CEC7AD6020
:104C3000CD6B7B7802250F3B1FF72EC35AD8568FBA
:104C4000A8D95DEF86BDF6067A09BADDCEC7B5668E
:104C5000AB1E524378E2C6A49F7888665B41BD11C3
:104C6000F0C3CA24BE44D3BDEE6537A431C59797BF
:104C70009D8FD783C00F7A780AC763FA566BF120ED
:104C8000F0A48A5F86E8BA8657EF305B94585F5B82
:104C9000F35AD4733718DE0493CEC76178E95D36D2
:104CA00050A01753EBF5DE5A8F3ABFE8C7DDB77A4D
:104CB0002493EBA017BFEB60CF8FBE766AF86F7CB2
:104CC0007511943D97FE57F5DA15D7E3B7EDEC97DC
:104CD00056857A1A777C6FF435C109076367F27ECF
:104CE000320D072BB3C85D0946A37EB8222FDCD254
:104CF00069781587CEABBD927B125FC4D3D89D0473
:104D0000C3C9CA241C473484413C8C3BB388FF4E42
:104D1000464137744BDB014E511C42CE01DE95DC1F
:104D2000ED783889FBC1C43545363EBAFBE8BFE3B0
:104D300073CA597050DDF2927786F1B4FC9A4ED363
:104D400095297DDBEC4757D7D337158D0A7ECD6F7C
:104D5000F841820A7EE0F76A0D0B1B6A5EAD51EBEB
:104D60002A6C085B613B0C3536AC7BEB6B41CB604E
:104D700043EDA2EED583041BEA41C36B740D3634B8
:104D80002EDB5DB3FEF546CF6BB6EDF5F7EBF5A088
:104D900056D3EBDFBC68D5D63CBDFE975EB3D6AC30
:104DA000A5D6BF7EE1AFF96BF682FB4DBFED877AEA
:104DB000C1813041BD9E2C38B0B85EBBB86FCD1BF1
:104DC0007AC96965535FEA58F2BB3BD94636380960
:104DD000D46FFE05983F00981FFDFCF622FE7A6511
:104DE000127D130DAF3A17F1B8178E57F0E6EE2388
:104DF0006256DD8BB8F7FEF63A246CC53EF33ED919
:104E00001804E3AB68D8F1EE3EE24F1741F7EDD559
:104E1000389E0D7B9D9B605CA605A86CF02E50CF44
:104E20009778E69DE937465FAF120157EFF1AEB2D2
:104E3000D18B26A37EF0BE73D90FBFDEA07F567A3A
:104E4000D138EC4E230014ADCC06C30DE25A2FFB33
:104E500098DE75D4EB8543F43B9B4EE32178DDD19E
:104E60006CEA4EC23E8ABBD3F0EB69300E835BEE38
:104E70002A1A5E635F4FD538D493AE78DB9D8D27B9
:104E8000783D8A2330D2E30D99728740870D1EF555
:104E9000D4F878C12B1BB9F9310E5554AD95312892
:104EA000C46CD20169DA1805BD1E81B045A006BCEC
:104EB00037DE5D4753D01F2215D8FEEFC6C1480F1D
:104EC000A1734D93BA2D6EBB5631C5009DE0A21F54
:104ED000F66E6334124DDF77AA8DE6861A7E2FBCFC
:104EE0000C667D33ABEA681CE51B04929AA1DA8B51
:104EF000C2EF332F68A5ECD6D420C1C3014A9D8BE5
:104F000031A1C0309C4CCA3ED16490BEB7E1FBCB0E
:104F100031849389734112C5C57478EB7DE2129296
:104F2000084669A494FF31E2D51A4DD76FAE13FA43
:104F300055EE9A45059B1A4793A2D56633B50ED810
:104F40003AEDAEE7A5E7A55EDED933A8F2B86E83E9
:104F5000210418C6283D4EC7AFFA13270C26E14A94
:104F6000345C896753271A5E92EC149AEA3D08690B
:104F700098BD0D236CD40440909C6EED15270CD089
:104F8000C81C0D09795618A70310FAE10A5A1E4CDD
:104F90003ADD9011EE2A185115BB29071CC42D8B40
:104FA000701D1F9F36F486E362C588FE87405B7ADA
:104FB0001E002232124F75FD9AE5431C69DDB75879
:104FC000AE3773C6B90114C2FC7268966A644C505D
:104FD0007D6300A7D7103FE6D6EE071761FF568323
:104FE0009629DFDD4755D0EAD4DAE01965AB934165
:104FF000D0EF330D20821676681FE2F5387E779B5E
:10500000A234B40434D982D56122449BB5233BB683
:105010007A45B5E96DC7C713885068DA1AC6C3F078
:1050200067D18024EC6088ADF8F6A22704C8A76594
:10503000512303BB50B98FC8A456A561AD8AE7D0F0
:10504000D37C42B1FA736705FFE75C04E371E04C7F
:10505000662350BA781CCACB9FAF7E44FA05A07174
:105060006AF2735092B928DD6F5B13B17B10099C13
:10507000D4341E14CEAB9207E505D65F20B4F24EB1
:1050800030670DFBD85AAE96B58B168DB5CDCBCA11
:10509000CD39D69AAB461B68348B1C762F75AB7610
:1050A000B51F5FC50AA56BED04A5F937AF3A2DB260
:1050B0003EF556B01ACE0A1DA6FCCBCB9E746816E0
:1050C00027B5DE219EB543E8777A9941FEF2D005F7
:1050D000A350C9D211C6F9642CD247357E9B27F75D
:1050E000F1B072C71F2F825EFEABD0AF6170539DCF
:1050F000061793FC86A82DC0B445089CC5DF750B28
:105100008F78FFE92E1D75009B4D6FF536C56AE05F
:10511000A81C638D4DE5A641C254FB6B056D56A9D5
:10512000D9B9A86ACE18792F0F0A2514CEB4707693
:105130007C541D416171FB6164DC8CB6A158AC2CC0
:1051400034D6091E99AE36D2246A317950E3AA8E3C
:1051500067C3A22567E6B1F094073A6C649E755B5D
:1051600093693C2AC490F9AD11FA6CE4CFC32A3399
:1051700038634321074134540F7C96A80DE0A5F70E
:10518000F5289E447C24430D89B3F906583D11B699
:105190008F56B5B0BE75306DD804385593F0C0EE5B
:1051A00028A19090D3A6F1D810C68F47D0904EA7D3
:1051B000A1DEFABC72C97EBFEFFC944D5DB81996B2
:1051C0006069ED79DD99A138D5097406DDEB5B8B5B
:1051D00008E7BF3A7C9C1A12E37D2245F6A3C9F486
:1051E000D6B0CAC16C1A5B6788A6E6B4FADD607AED
:1051F0002BD46C0538A02829BD75AE1BEA03F30239
:105200000D8DB582A598EB06F11E2BBC512FE3F155
:10521000A0331BE1B4E98289DAE0018E99D5A50EAD
:10522000219987833C055E86B0B7ECE138919AA658
:105230004597DBB90D56CB735E9A4B1851FBB74BB4
:105240001E28394E28477534EB7D350E2E366613F1
:105250009A3133658232D378D6BD06D3C20BAD08FE
:10526000350FE05E6E5F8A6181DF696CB479ABFCFB
:1052700050686934D70BE993390E1015679D04AC5B
:10528000B6E13C44C2E245E359DB1C8E0C39275A97
:105290007D7C751D038FCCEEBC8CBE0E7B1B4A52F1
:1052A0005A211DEE742255BF01E7DC433B4D2F2DE3
:1052B000F8E409603B3F5A9B12CEA5CE46E659C79B
:1052C000B84420FE1C6C844D1B3439C851932536DC
:1052D000211A9DC6711F8C53FE246CCDC786850C88
:1052E000CF3CAAB1049BA90743DB7CA477B7C58E4A
:1052F000141ECEDC2BEA5E04C321302CC7BCA5797A
:105300009E8DDC3C79B5EE1DDC32533783A842928A
:105310008A6D5CFF386C4303186A14F0C37AD00EB0
:10532000EE7469521BA64A03451A6153975EEBD689
:105330007A7EEDC7ABD99CB9A3F3D76ACD6643F7A4
:10534000D7BB0883CBF06EB9B67263AF5FD41ABE19
:1053500067903DECAD050104D28F49B85B74220A19
:105360008397B4943A7605F32B79F292A740D856F6
:10537000176FA3E94AEE03245C56670955FA7832A1
:105380000DA6B30206D06F14B13319562547D615B2
:1053900076D061F261BB22B705645CCEC56D91FE2B
:1053A00028CDA80DE25EAA14AD45C512C5AA93F793
:1053B000C3DB0CEF634B6A1F47E036019F78AC49B3
:1053C000EEFA073100FDF072DEF95F7C08FBAC817C
:1053D0006BF0896EFA76AEEBFAC825DD4766CBB680
:1053E0003285AB7474FFA823390747BBF55E38E9F3
:1053F000DEDE2336693988288CA7598ACB28ECF75A
:10540000F43C58C9E8E9B78FD1FF302DBCDF8B4F92
:105410008A3951D4A69E74219C8F6CCBB44AA2E2E7
:10542000AA124A49A29E8CAEC46696E45BB57BFD87
:10543000765995805DC7E109E9352B5474AAB935D1
:10544000849319C710B552B049F8B28D3E98B6157D
:10545000B60C198681CA3BFDE8F67E666401F79EAC
:1054600063DBD3306D24AC8C5682E6A4E36BBCBF07
:10547000FD29A441F98231989DE0CD399EB21844AE
:105480004370667D9B29F512F0A92D48FCAB94046E
:10549000D054C9BA3400CE9F30AE7B1D39A7E7CFB8
:1054A00089E98742F0AD53BDB8B8659F01A5AF2625
:1054B000A4AC6C4CA6E3F86DD849A965E49DE23232
:1054C00048F983EA389EFBDC44AA02EB5353C56BD0
:1054D000D5A6AA8005C857E0554957D08FBD001CF6
:1054E00010B439EF3B3032DEE9314F65CC69868F3D
:1054F000898AC5EC99D213292D8AD466D3D5FF5554
:10550000DB5A19EF17D71CF56DD8180A30BFFC5BB2
:10551000BB3C832119DD9C3AD3AFED3A897D60DE37
:1055200064A2ABC2F2DC45BBB84EFFC6AE4272709D
:10553000D1A858359754A97E939DBB7CD30683414F
:105540007CC35B1467885D501D0CA9E565C0A5D1BF
:10555000A76A34F7DD713CC1124763D598C8076E5E
:10556000F55D34065E3BFC0EB47E9828E0FB793492
:105570004BE948A54A3F9A66679D2A2BE27FB6977A
:10558000E51019B542699C4FC774BBA4B3CAD629AC
:10559000121A543B24A3670796AE5F377DD276CBB1
:1055A0008F3039C9D3F51A54EB5A83C11EA9AD5EA9
:1055B0004AAF4B23430A8593ED591BA8BEE6AEAF15
:1055C000BBB57A938DD11BF7C0CBCFEF6338E7140F
:1055D00083E3E3E960F4F902C816AE46BE7D383EC7
:1055E000CC01773F188C72B85A2BA476AA342D8E32
:1055F000A234E8DDD7BDC1A9006CBB4700EE4EFB6D
:10560000B759904174252EA49BA206841777E68B88
:1056100069D846467C7C3B8C2F12DA46EFFAF9A615
:10562000D410E91BBDCDEE09FE906EE85E40D2DEDF
:105630000E20D45C2D0B1F2E7E7995EBFBA32A3810
:1056400092D021E952771F5EAE77EB06726100239C
:10565000725B9723A644955BF3EB977E6D2EF5A3C3
:10566000E27CDC70D3F7CF476BBA46010EC1C404AD
:1056700050C573A8E58F39CCA952BBA0A0532566AD
:105680001C27E9D71A9FC1362587B3E75045C28248
:1056900060DCBB5DCC24FF40F680058F96E9D288A4
:1056A0009DC25051BFCE75CDE6839BF6F03C165A95
:1056B00092820E9B8AB2D6811CBB3302236CF8C146
:1056C000AB71D4DBA07F56C005E20DACB8A2339815
:1056D00040C1300A83699980C098E842A003ACCAEF
:1056E000FE1A7A75FDCB71A5621928D0EAED0F5428
:1056F0009CB71729E39750315ACAB4685885447843
:10570000DF6AA5844E4BF13CAC8EC34962806E3695
:10571000E52D0E90EBDB0FD0E8490DC8760CFACBE7
:105720006010F5DF77D2C73097990657F6DA7AF727
:1057300029C7EFB59D155809B9A39B407396C24977
:10574000F28628E2ACC48037A7192D70D06FCBCE7B
:10575000499BFC8D2576A4A4EA568EF5D563226577
:1057600094D20EB4723C7F7DAE0628AFC733CD41D4
:10577000859A96BE6C578E4277015DF9DDF5FBDBAD
:105780007B44B5BB8FA6E49E709B20503F184DC252
:105790008EFEB161CB5DD39E3B4D54DB6B1FA0559C
:1057A000B33498B45268EAFABE9115680C683FD7D2
:1057B0007ECC16AFB5D25B5C49BFE1D73F748B2777
:1057C00082D007EDE7F06B67542C811609ECDA2CD8
:1057D000D3EB57DFDE2C337D9AB78359728F0DA53B
:1057E000B4B0BC7EB821A757607E575F7AC9E0E6A7
:1057F000ECF53CF64783ABFDE03DD4547394523650
:105800006D61F84055349EE60DCC68E7940CF45A6F
:105810008D9ED2E9C8F7BD9C49609126D412C38BF6
:10582000D4DAF77812595C67D2F97DE6005DAE6A8A
:105830002CA579D79D05B60455DBC15F0586662B7F
:1058400063D68E2FFE0CC84531011D0A2680C16E1D
:10585000835DFC5730507447F31D41F14F68D14BC5
:1058600039DE78177EADE6E5492E29920657DBAC86
:10587000A9B45907223279BD65560CCAB447A39D15
:105880003B1CD2C590CF912124F5E5B6CF9CC3A98E
:10589000963372E90E187E0A68F5DAA2211540489F
:1058A00037B27009E5BDC254D905588DE7D8943F89
:1058B000864AADB7B27CC8062D883E55BC9BEB34FA
:1058C0000FA8BA7D3A4DDB4D3F0C8C8D34E392B47A
:1058D000696161C332E2F1EF1F8B72A60F56C96591
:1058E0000E84B4EFDD182E22C0D17ED09B67415AC2
:1058F000CA5E84FA67B0D24C6E7F42DB90D5AC763C
:105900008F9847356DB708310D9B9A3FC46884CA9C
:105910006C345E2C191436A16C1224320EC3E94F7C
:105920002106F85E9EE1974D413D2CD84754829C5C
:105930009C6E73EE974B7928A50FCB7BF49DF66098
:10594000C59BD66345250F001AA4295C30179DC757
:105950002298F4BB0385ADACF88DA6D854DD85E75D
:10596000782DED50C37E924A64EB7743787340788C
:1059700009FBC51A0BBF5131C57AE378642B066B5E
:10598000AEDFAABB6B0D944AF41A3A26A0488B41AD
:10599000DC07DC286E33CA06C2184B25A3E83BB1EE
:1059A0006DAA823AF29891EB85DD782CEE9833DA85
:1059B000FAB4103442D5B032E4C2B307BB6E9AD801
:1059C00099EB5E4E4E4EEF8ABAE2ACD52E58B32418
:1059D000875A66ED6DFA6BC90D0B77286F9502AF8C
:1059E00095EA5424E1E5519D4FE034C39E6788B8A1
:1059F000D5EB45AE72B50FB2FE348B1C3272646CBF
:105A00003E5731BD8CFBBD847D5724A8D08A90B20F
:105A1000EDDF631ACC5A2A4D4FF7FB4C4CD9B7C374
:105A200096ABDAE2B5E2D41A19578D25D85082E642
:105A3000521E1DD3628F8E02452121F5044C0ED4D7
:105A4000557AB957BE4E53D796B274F4C9429C7575
:105A500071E53D2BDB35AFBD4CBDCA69E3B86A5E6D
:105A60007D9C004FE8C15CA2B18C9A9355B4D20ED4
:105A70008C197637C60E459EB74194D1DF92FE3E13
:105A8000A7B4EDBFBBA7506D9E82F39DA54DCE90F0
:105A90002E5B974CE52E2F4D41151255A449E5E597
:105AA000783FB8773C89CA76CEC8D0C874BEE122A8
:105AB000EB203CA79178B494AD647EF5EA209A4C33
:105AC00032AB031983BEDC1855AF825B86DAE8522D
:105AD000809B1413A8B1A2B8D71BCF311479CB4D3A
:105AE0000C66DB7B15AF39A8FB73ED0AD45E31B4CD
:105AF000D73E00DAA4AF2B04372240976E018CC04A
:105B00006898B324A94F735643BECDA6F3AAF549AE
:105B10005B65AF15E9C9FFDBF4E2A87E8017477724
:105B2000CCA77E4E0D67B48DADBC743699766323D9
:105B3000E1B38469760445173553AB64B9DBD458B7
:105B40008D0D8595B4564B8908F02BE2A68992E518
:105B50008CE719D059CE932487902BEDDBACABC9E1
:105B60003D75A8ABEBB03FBA57C1A6CA393CE52C8E
:105B7000283EC6E176F9A3041A6AE00F21D198768F
:105B80007F906042B5B73896AB483299278C14386D
:105B9000012E73A07F7C953B7BE74FAC7A45290DA6
:105BA0008A1CC4E95BE1797D27EFEDC33877DA36EB
:105BB0002BAA94B191E5B8786FC1819C65D1AF8073
:105BC000C723CB1E35DF4C5D70ACA56DDD4953D5C9
:105BD0002BA0486E7639436C2E24469A60D183DB25
:105BE00061F71D6EAC729F49ABBEB140A2B9BA86D7
:105BF00091B61F2EB68EA7E66CA6A8A98B97D744A0
:105C0000F1D4048B5429A7EAD7267A1AB28A8EEEE9
:105C1000DC5593639790E41D37922FCAAF53658D7F
:105C200055C5BFD3AF149E8C3B6B74E250BFFD0FC4
:105C3000B467D7B2EC209A40D41B996BE6B03B57BF
:105C4000A33EE875371A77D3F02CC29802C363BE1F
:105C50003F6E8FA2EAEFF72D98C7D7711B0A8632E5
:105C60003257DE3100D36F18B7F2C317C3B0DD105F
:105C70000DC96EC67EE646EC312B6BB45A36FE4C2F
:105C8000BBFDBE29B5B88EB6BA2F65D25FDEA0CFF8
:105C90002DF772383F0784148994B1A157CC9E4EDA
:105CA000CCD045FC527329F632C1FE652CD4863423
:105CB000B14754BE86ED1295F581927A20DC39B257
:105CC00066E25F16CA00BC28781E6699A82B52C6E9
:105CD00014F1B1A29629F261BA2A1AC652D41589D2
:105CE00029F2B21A35F72133D32398BB804B31BB4D
:105CF000D246F5EA5759158341F9026C2F14DD5449
:105D00006910304DA7168AA6AA388F7E0E8AABF688
:105D1000A6C3E29529742D4BAA4129DCBB4F66D25C
:105D200016678B2617EFEDBB34D9CEB6AD1490AA0B
:105D30000C3BFAE5CAA8282955663A9E85A9BEF407
:105D4000AAA60AD8ADCC13CE3E12BA3E8FCE1420EE
:105D50005F4BD7A95EF7EFDFACC090616F8992B55A
:105D60006A83CA8E11254BA50BA043DE544B8D8D43
:105D70001BC9AC1DBDFF81FE5839BE0828BFFBC141
:105D8000AA3ADB02687BA22E6BB4157E5FFA161767
:105D900001573F096B9AF64EA6E460C751F7ED3202
:105DA000362098791CF55F62C4D45EB435AD5B5281
:105DB0000D6AEB42DE329235B0A794FFA916E67B5E
:105DC000723773EAFB86A9BB92F1E9F03FD0A7A333
:105DD00069DBCC9596779ED738CB90A21AEF4EBF51
:105DE0001E642399B436B96D8713D6948393B19208
:105DF000ADE5AC641B3FC0C4512BB2FDA7F21D90B2
:105E0000C2B296CD6A536B566CE93DAF1AC6BCA2BE
:105E1000653D6FEE8BCD6AE575B87931AA288F059F
:105E20008FE25E4B3615AA62A80BF35750A9AEDE7F
:105E300004598F1DE3519CD24BA1C6F5424B8B9F59
:105E4000A0A3B889D734E8481ED53E30F31D6AD4E4
:105E5000266A483A15A999B23269BD4AD699C7CF80
:105E6000C4FA92D2FEC769E915ACABF1281C2ED05A
:105E700087233C0A91EC1F42DC1686F7677537666C
:105E8000FF6983B2AC173651B95123BF98F5DACD0B
:105E9000BB4A1ABD193E0D2F8FDF7AB49D0E75CF08
:105EA00056A9AC2A5D67A8490A676265D8002A5FCF
:105EB00070EC8CAC9412C9C85A32B2068D2C1933CE
:105EC0003DDBBBBDDDCEED767A12D5FDCA45781D32
:105ED000DC4424248AA704C525F447D7BD84B24CEA
:105EE000A6A08DEF3748B7E31902E3CF8F76B5FC54
:105EF000577269177CED7023C0AB793F2E03831E68
:105F0000AC053B653FB47196969415197A5F54EBD6
:105F100052F1A78F37A25627D7B7C5090ED2BAB00C
:105F2000AC2D698EC6F2C38F10CF6965A803111D11
:105F3000AC38D611A933E51C34235066A3546AB09B
:105F40007C2A3099D9D7B749FC9862A31A89D2AB79
:105F50009EF24D2CE034327930524BB26C6E993F48
:105F60009B011D2FDFAFA824A149041386779190D0
:105F70002FE60E6A06C5D2614B196468EADA96DB31
:105F800059E2668B2FE401778FE19CC15C2F32C30D
:105F9000E6138EA4E02287645B4704F130923875E3
:105FA0005F62827EF25075E9CAE6CC36E6FA38E6E0
:105FB00023A750D3811E21CB5565300CF4A2E06499
:105FC0004D1FD8CA5BD4D144CDFFE4439072F14158
:105FD0006AF6E3943DBE69C405ACA146E374C7E923
:105FE000FC5A36AF2E934F7B637805533745C79FD6
:105FF0004EC78F7F7E7B9FF94197CF2AC26B1AE4F1
:10600000C3C5B18B1925BCA9F6ABE4E070D6F26626
:10601000927CC6960C9F999D5A3DBB7DD22995587E
:10602000F16D29C193C8E6E47C6AD296ACDC667750
:10603000AC674E861687BCC921948A2EF5D456616A
:106040005779838705AE50996517591EE20787A1D6
:106050000793E924CB37EB4386E9124D9D40916CC1
:106060002FFE45A2C917E5157CF91007757362B6B6
:10607000BC42FFCB42C5130F321DC62DF931AD3CDA
:106080000329C2D2C8A7654933E3058961ECC0443E
:10609000C33B7837EF74FF6CF62E4EB2A30AA453BD
:1060A000F420995FDBABF7245DC7597C75050D269D
:1060B000C7DF6EF7E3493AA754115AAC7B8C1649F7
:1060C000E292BCAF0CAF8CA73811B564094B022F1C
:1060D000BAE21523FA56B155DFA69853AD4DE64204
:1060E00029494D22BC69D2B8B2AC2421D6F9A18E7F
:1060F0005508BC1AB219ACC597359B9F28F2C33C12
:1061000099350DFB5059C2C924C59472DEA65A9622
:1061100029F59B39EED87062ECE3954CA60A297CF0
:10612000FA3EB35C8B973465275219B98AB358A5E8
:106130005BBDFBE8D1AACA1BFB6855650AA7A48B07
:106140002A6F7838C68F5E74E37441F6279B256EFC
:10615000A8F4F811F9433A516FB3042600D9BDD51C
:1061600057688391E99BB2D16E96B6717885577066
:10617000501DC2D71BA59092DCA1640ABD00D55763
:10618000A93E5A418E6F55955264954C36EF92C98F
:10619000E65DE204CFE867362665DF366DBE921312
:1061A0008CA36045FC9A364BA4CE429B2AC56E69EF
:1061B0004E02EED2AA5564C9E4DBA64E9264BAA49C
:1061C000924C97B89DFF9F25DEBE171EFF9274FB71
:1061D0005F926EFF7F9F743BB5D53F34E13655A685
:1061E00064DB49826DE711134E267794BA68FFA2EB
:1061F000CF248C5EE22FA823682472C569524629F9
:10620000E34A5C9A7F114165B5A823795E820B6CE5
:106210001A4E1466E8262E48787C3C8EE19430189D
:10622000048F56A578513D0A214451B8EB8474FC83
:1062300044C145D48F165560077854D943C3E0292B
:106240001796455E088AD998C85870E82E2C3DA14B
:1062500002C32B6E1B67EF34F80687AF5D63152012
:10626000491F1E92C5AD6460660E11649D3B0645D4
:1062700031F0A0F471A5C7DFFFFAB7EAA030DDABBB
:10628000C2F0C83765E1A16FCE9CAD9B1B3034AB2B
:106290000EF2F70C022782F5550315692BFBA903B3
:1062A000283B316A7936EAC741CF6E1C095E1DBBB7
:1062B00083BD2175906A3848B54B275AEA10AB81E7
:1062C0005E9B438C8EDC9223A683EC91661B2B365F
:1062D0004B35FB400311F45BE78D03D045AFDF5A2C
:1062E0006939F8DF01DAF5AEFD9641D76DA0433785
:1062F0003D4F6B969CE1942709D757E8A00887F596
:1063000024611011D6C0814463A67A803545BA4F06
:10631000A01AD90462980EC18839F87FA4C5892EC5
:106320002374E0D07F80452F66461A33081C04741E
:1063300023D82206541844C0911833619384BA02BA
:106340004427542959A3D9BE7E5B7AECFC977FFF82
:1063500097FF838314EAB3C86AF5D12A0F3DBD5075
:10636000A4CB998B0348F23A99C4BA7E6AAD570D13
:106370004B431904F1E767085FDECCFE9FB3BBB364
:1063800077767452F0616585B056640C6BB73B74D8
:10639000C189DAEF2B6A6BA36030419818BF573C74
:1063A0006C29B31D38D79E018F2A782A6F15B454F3
:1063B00019071C5B37BC86D77238066B457A06C94D
:1063C0003B127FFFEBBF4B361435AE9A215FF2E4F0
:1063D000C32A8FC52A91E43A2B596F557EB0521AC1
:1063E000DA86EF2C86F7D555341B5E456A3CA5C787
:1063F000FFCFFFF517CE53FE9DDF65497D6718BEC1
:106400000399F933D3CEE12CBE890DD27480C22119
:106410000C8926BB4AF9D9D39D8AEBEC6FEDECECE5
:106420009E38B1F3FC64EBD9F6EE59E9F17FF9F748
:10643000BFFB0B872B03140B7B04C19C30D6A81E1B
:10644000CF08B1B0597ADC116819829027918B6717
:1064500070AECE6C026B42083A2B8F86DA528F7F79
:10646000FD17CEF97CEACBA4049B602E860E87BC78
:1064700049CBDBD371FFD35F54FE5064033C2E0E37
:106480005167BDDF5C69A68E44BCBBF6FD002C974E
:106490008479B0A6ED7AA5616849F19CE048397726
:1064A0004E27D1289C466A4A5FFEA1A634F09B3451
:1064B00027CC67253BA71A5213BE58377312EDE15C
:1064C00075E194F8D8317B7064C491D4647BB3D106
:1064D000BCB9EEE09C20522B93DDF9A9274B3A0C76
:1064E00007CDB44BCE7BFE577DF36BB83089C556D4
:1064F000F93DFE9ACAA7D715C7442B004BA8D6B5BD
:10650000B652BBF6BD7B9615F83D6FA6BBFD087A6B
:10651000259A6930ECFEC1F0B4E1ACE1203BF0C952
:10652000E5E2067F1BF2B7E5ACF5212BD43183BE43
:10653000BFE2D781CF6BE78DEBD64DFD9E09514E63
:106540008BB97B4F53AB19A6858238B3BFFF9BFF36
:10655000C939C4AF0FC5906FE27870440766E17621
:10656000E8CDBA2015DFFFEBBF2A1E23557E161596
:1065700057DE029335558C0532C687740EA3A9DF0A
:10658000FF6FF39BDA2B9EED1E681AE4F5684263F9
:10659000015DB61A58C09609AFB0147300B288D521
:1065A0008DB25CC2646608F7C2D3BF0FD32F9DFDC6
:1065B0000EBF0E7B8F8BDB4B7880CC39274912CDF9
:1065C000D4296FBAC55D0257A910FE62DCA0D5A41C
:1065D000DA01D6F281175E4EF0072808C59FDA0669
:1065E00031385FBDD76A5EB2D7E8B72AF80AE9FB4F
:1065F000D10FF9FC9E12D08E86AF26D4A338063A6E
:106600005D34EF6334EFF9CF98FF959D21AA227492
:106610005161DC55CDF1846424BCE9794A5727F8EF
:10662000996C7AE8CDAC6DCF4FD2E46CDC2F7F4C07
:1066300083A6263F7A2473BD215C959F94D9684236
:10664000D0B8D26F685FA4DFB0514CBFE2FDC85C28
:1066500080240C62899E869B8C8D743F29603B0C44
:1066600050A2539E19B2053A213D57344FDAAEC9B4
:10667000C289FFBEC59FA4D7553B9D6756365D8036
:106680009DBF332C15B0B59417C61C76A9466FB6BE
:1066900010C3EFB8A5D1B52D886914570C06A4898D
:1066A000D367DB1D2010CC3BE0064485C9B24EE920
:1066B00031BE982D55D43862584A8F856549CA290C
:1066C000B928CD9F2CE68696E572FEE01CCEBD84EF
:1066D00051660FD7235A631428A4BB044B1C2A38D5
:1066E000534888A05AF16814414B48DE9010609CD2
:1066F000CB18E305C336C31D4A3876BEFF77FFAB20
:10670000F3A97346B5E648A4D223E631F7E8FAFECA
:106710006FFEEDC2BA140261E92E119C3F891C5034
:10672000CEF06AC8029FE137BFFF5FFEFA4300A2C6
:10673000BE5D1143B88003FCFE37FF298749BA2AA2
:10674000F15DF319ADEF7FF39F7F20592782BE885B
:106750003AD326DB0785B6C833997CC9652186C83C
:1067600043FAE61C652ED8C81466911751E8CBA9E8
:10677000500133E0C5444145D6CFA5093A50FD0349
:10678000488223444CD57E7E2F95F8894983ADFEFF
:10679000594C25B866FF2DD1700B49E12C82AF8E84
:1067A00018DC062C8307B04113BDF8FEB7BFFEFE10
:1067B000B7BF77BEFFEDDFE0D71CC4E7F6BA8BDBCF
:1067C000C3093E9B98F656EF6D2FD943CFC6E41E02
:1067D000802DE44C607363468BDB38BE7F4C056DC7
:1067E000100F134E4C2387F737629922A0B5210B67
:1067F0002A6DE37104FA8269C60E0C0EC42AE906FA
:106800008FCE724D2E47ECA8B36E1C2594E7690C11
:106810005643465A762AF7813F5F1392F155A0E01E
:10682000555EBDA70168E192698A1ECE29E36545E0
:10683000AA9FDE531DE781D5C0093D5103FC5A359F
:10684000715259162AE26AAA77D35322236601E8C5
:106850000E3C1C3720FF0ED197C78FE2112B51C081
:10686000EFCD50A0F418C5F96493F7680D3FC8A8A0
:10687000898808A23038CBA20153B374C529ED9D95
:10688000B3A3435331F7FD92BE3F9BFB1D13383B2F
:106890004EBEAEEA6E0B46201B04EC696E14DDE9B9
:1068A000ACF478FBECD5BC5EBAD31E7DDF99FF7DDE
:1068B000C6055EED2C3D924BDA1A0523196042DBCA
:1068C00007C74E7973D3751EF4A71B0FAEA61BF82E
:1068D000C5FF02C295257B08FAB073E7DBA798AD28
:1068E000D2E383A3F3DD79738149BCF418C46CDE71
:1068F000F7C9EC02D4F1D5D379DF0733A87E0F5E58
:10690000EDCFFB0ED25E7ABCB3773EB77EDCA3013F
:10691000CEEF9FAE2DC608B6B7F6779783C553BAAC
:106920004639DB0A50F1F4645E1F631C4227A7CB93
:10693000B5BE23E6D85C0F31B255941E1FEDEFEEC5
:106940003865F0ED6084E6F5D6EF1297B97D6F39C2
:10695000E4C981B2FEE0B9538EC41A10CE2D4A5953
:106960001A6106D87ABE8B7CF8D9A2F66C5665D32C
:10697000179096772C4268421E11CB308EBEF98656
:10698000F610C19FC9EEAF175027E6CAC8E89F703E
:106990004DA48D87D21DCA41447EE05C0031A147E1
:1069A0007A82801AA20BF2A98C89CE5F04AC03868E
:1069B0001A9A4CEEB8FB0CB60F524130AF8B6BB04D
:1069C000E95FE29DFE0FC7B4BA70205D32B627477B
:1069D000254EC59E1E4B570CDDDC2BF7D50BB33D6A
:1069E000913A9C473A89472CCBFFE61F1DAB8D851A
:1069F0003D1731B580B9D8D58BB95B8B71CA4AF1D7
:106A0000A488794F4D598E4AF090297DA040F253C9
:106A1000AB67FF6BAA667136BDFA70665CD53CF950
:106A2000005E7C49FE8157190BB44584F353E7247B
:106A3000BA0A8A3947537227ECB36A295DB6106DDA
:106A4000E3BE6A96D470C3E1C29651D8B49C2DFEC1
:106A500061B3413A25D52DCC398CA98BFA45E9573C
:106A60002302DE5FDE536A277E37A4727F7D5FB923
:106A700030316EC91D8BA5C77AEB4CB203FA69653C
:106A800026CEE2F3A34426629D16A9B5AC72691B1B
:106A90008FF56139C12AB14F19C7232AA34D45ABE0
:106AA000CAD035D74C76BC77B8BC8D2C3190890DC7
:106AB000DB86BA9C36F69B7796614ABDA26445F4A4
:106AC000EABAF698D89FE86A366693335181C8A12E
:106AD0000C162914E5858205191649755AF4C2C4A5
:106AE0002649E6F32844DD880CBA6079490B512A1F
:106AF00030A196B4ABD22AFA9D43520BF064218E9A
:106B00001000A037EC1D0DFB38F6614F655D2A7C47
:106B1000CA7072F1446693806CEF1A4F72D3DA1325
:106B20007A08728C91AECC461DB648A322CE216461
:106B300057F69D00720E64019AA6E7FC6A1690450E
:106B4000968ACCFAB8901AA0E8C7E6D40A9CE787E0
:106B50003B55E7C1F06232DAF8736793EE77E4C031
:106B60007AE7F8F383AAD9E30A654666023BE12097
:106B70004E104C2B8845A07E7C10F748E6FBEE6F4C
:106B800071EE829F9375EAB07E47E02B7A5E96ECB9
:106B900066434DDF311F8AC40E061711BC2E789450
:106BA00084B9B14B923548BE286224B42754474378
:106BB000300C58908B30D451E1D127399A8D9C8F6D
:106BC000C3E28C12CAA6F74D0AC708C576A22B8E5F
:106BD000CEE5754FE12A616F0205DDCCC2C6B6F481
:106BE00020EF696DEB9ED6AC6920DC6DB22D1DD80F
:106BF0009B5AFF7BDFD6DD3B38D87ABE77B8F743A8
:106C0000F6AF7629B97F073B26E56AC15E76541E4A
:106C100055B5A7B5834A6A9B16EEBA2C0BA3FD8621
:106C20003D6263ECE31A1D1C42A163F972941E13CA
:106C30002712141EEE94D3145480FC59BA445546BE
:106C4000AC7BB01432692A4B534B9BD88B978C6E1C
:106C500076B5D60DD5768D83405E4B957802D0E023
:106C6000E13C5972E0ADDA0F87576C95689412A534
:106C7000200122E5157008A56569AEF90612829318
:106C80006EFE73ED63309C0D2EE8B8C1F9C8260B7B
:106C9000F44816C6B601B4CA3AD060001BB234AF8D
:106CA0009F2DC7D604A0A31746B679DCCE0A1C8F49
:106CB000FD56EE55AD917B55AFE55E35BCFCAB7C2A
:106CC000F3CD7CF32DAB792DBE147A9960E80B38A7
:106CD00089FBF86DB3DEA2942CE0BB15C67E20B70D
:106CE000DE4E71EBCCF844CCF844ACE5A2D381B5D0
:106CF0005DC53C52A4A49990BC3C8E677D52CACC21
:106D0000E120A5E8653F1ABD301CEF29D804B0FB8F
:106D1000EC169416E7FEC7DF2CEA905A392F6C4523
:106D2000C736701BFF6AE150C817DB6A83755D8147
:106D300096EC58AAFA9F178D6136CA569ECC1670EB
:106D40009D52A9472C67A6DA55F4DDFFB9800D9551
:106D50008AEC7C9E1F6D4F5B737FF3570BE72AD93C
:106D60006DC4B78E0EE34B5842D202549E1E6D275F
:106D70003E3DF3B14D1C7FD2550809E5FDE3E4A08B
:106D8000CF1EEDD09321DEC096A4C53882D399DF03
:106D90002BA917EDB0C85B75F625090174D2DF7C0D
:106DA00043AE00B0E80E611786EC00717D18932B9E
:106DB0001901491833E594EE94DB0EE7E8ADA8F32A
:106DC0001C972B144CA54653790690B00F5E348760
:106DD000F31B619D1870AAD4A6C3B7B43333B2882D
:106DE000AD333BF719DF3CFF136ED1CB40A42296A5
:106DF0008717EE17B89F40CB258E268B0B2E45A10B
:106E00000A2A221D191469DFFFEED78E20E7C25E21
:106E100086883383C24BB0F8FB7FF79FE6C985466F
:106E20007C12E8E6D9E2C184993CB32A41E6503AA3
:106E300098149F4A9E3A961051E6799983A9EDD904
:106E40000753C1F045BF86613B5B38D2C1070C0ACE
:106E5000A87701C61BBE00173A5207A38CD0B62CE8
:106E6000B7757C72F47CF7ECEC07715B8953EE8F9D
:106E700091988EB5DC83BCB86371AB2C42FC1407CF
:106E8000423D0B0B92E2392C7EA4E115B02029067D
:106E90002EE34908A51269791EA7F13F5524FC9AF3
:106EA000081E973AED8A3C067F87B0B8B050492E4D
:106EB000CC6A3C2A99A692367251592822438D6198
:106EC00097FC1B418BE10848826BC9BA172E4C799D
:106ED000B4E5683956E3EE34A40CCAB05F0E7256BE
:106EE000C77BB086804752F8248337F3974776C331
:106EF00090D55E030857D0612915A276E6352B267A
:106F00001E1410827AF7B19F99F6D9167783D9A506
:106F100064DC02F2591E44084D3FDDA9E4E9247700
:106F2000DE8FA79325FBDE9DC09127CAE31BDF956B
:106F300051526B8E4BA1FA61BEC50F94698E8F4E74
:106F4000CFB67EB177F4C3E49AC4A1FD87ED348156
:106F50004C383D0B0380757C8F80799A2C6A02D661
:106F600070FA34B684BA7B24543931D94250B08295
:106F7000A7A73B7EDDA3509AF677BF6B355C67EF22
:106F80009FFEE3766A3DED7E8FFAE187754BF686CC
:106F9000825E5FEC341A6B6D4A1DFEDDEF6A309045
:106FA000D7BCEF7ED798DBEB7EB7B7BCC88BF22798
:106FB000D3EEB619C911B46A90AAE342F48D7B33BB
:106FC000A80F4ECEB69D9DD37AADEECF1D029A5C32
:106FD0006ADE74068C073AC8811A29DAFA295EA09B
:106FE0000357B32488843912BDCF457115CC519F06
:106FF000875A7DCE67253511815F3A80BAA6EAECC3
:10700000F5C280F557E41907069C1EB08577C0DAF3
:107010004094710EC8311FBB732A0A91C56A0928B2
:10702000FDE60AD912E2F7F82CA4B3326FE0E5DBF3
:107030008A4F495B9CB3E46E219272001A43FEDFD3
:10704000730C56CC1B3F86052418CF2D44372ED306
:107050001930B38B24E6A6A508C5AA72F34FFCDB52
:1070600029F0D8DE999CF583DDFFFA57F29EDEA465
:107070000E8E611CE79D4E90B9231A4D1F93C2607E
:10708000EAC0DAF86A7FF7973BBBCF4E375FDF2263
:10709000218BEF0E7170764AA7E19075553B2FCE8C
:1070A0007C7F15FFD66A2577724DF73196F05472C2
:1070B000E93EDC4E0940C64243470B3520AC1B83FA
:1070C000A8C7BA332CEB8C6E7FB2DA8065855B7112
:1070D000CA5B882DF36A152084F6999C20269F248C
:1070E0002A24BF07FBD7415C58132C6FADEE369DA9
:1070F0007FFAC76DD769B46B786EB4DD9AF349D562
:107100002187AC783CA4B320BE82DA057C7648099E
:10711000C1A2AAB39D18B448A9D8A332A41F25D7E9
:107120002DE8E9C0FD87C36F021A1E5C76DFFEF30F
:10713000DF2BAB5BD3398765D1E1AD47070CD9E0D5
:10714000D89DA00B41E021524F6278109DFEB652AF
:107150002DB95076755EBF71A119C2DFD2D977BF44
:107160000383E7965EF1DF372E090808CF7E7DFBAB
:10717000B6E3B90015CE8F61C965F6AE533A5643F2
:107180002ADDB9F8EED3772085F90CD5230ECDB8DA
:10719000E40265A86D061BDA16B0AD3A0237740238
:1071A000C74BE4C47CE34243D9794D89BE009F3785
:1071B0002EF1041DB221FFB2778DAB2B4723EA06D7
:1071C0002B5AD32B0A1061B79DFAEDA7F00B356B44
:1071D00089E7A2C5E41524D5AE5549FBBD45546CDD
:1071E0001092A12AC4D6370B473A5110891E6C6CF5
:1071F000359F57D09715B4D62CE0549481AC9CACF5
:107200005B5C85AD657C1316AC52C35DE365628F34
:107210005D6B4D435AB2AA73F4196110A98D271CF6
:10722000CEA3110E0E1B23341CCE5DAEA3CF965FF2
:107230002B0D67BFE9FA29284FFCF605E230134809
:107240003714A47787948701491CE19A8D1451B1B2
:1072500001F6EEE1B686357B6438A40786551F3407
:107260004FF4C9E09F205F8E90A8C2095523E570B6
:1072700052753EFB72C56B78958E033E01570C929A
:10728000198884F9B1A8C78766B391619104A819D8
:10729000F91C3147F630C0BD1BD04303AE532E8DD1
:1072A0009B779C03983F4070B7BE70CAB32926C431
:1072B000C45ACCA2E158D6E106314834267435735D
:1072C000C899F90A83E26F4A018EFDFB6AE85C8A7D
:1072D0009B13B6CCF6D6C9DEF696A314F0344C5BFD
:1072E000557EBEB55F7576F61099E47C4AA400869B
:1072F0003ADFC5DE82475334D0C66FB229C7128D3C
:1073000017823AC87A6F01B9801B50B2D3D06AAEE7
:10731000537711F08C26FCF58D946540384E03BFF1
:1073200049640C055DE2ED8DA6BE27FAF150398B5C
:107330001924B91D62557812B49C78C0984BEEE5BB
:1073400045E7671EEF384FDE0276F6DB153F6CAA85
:107350000F5B5FD81FE8BDC13BC08336F2DE491A20
:10736000ED1A8568B785BDBEBDFF9953D693C57F1D
:10737000EB159005185D80876EDDC52B7F9D5AEA61
:10738000BEEDBCA608FDF61B2629CDC2F69EA2BD09
:107390001D506C5DBCAD8BB7B214082A1B40335234
:1073A000E8401E758618F94E99533CC9C69565C7C5
:1073B000984AA0E7829C0EB99D22FD4954D114CA77
:1073C00074E8B7A847B58F30DC37E8AFD741DA8328
:1073D00077485004B0267B4A21BDB5A7EA6A4F81A1
:1073E0007903FE822A00636052998197715E6CAFC7
:1073F0009C9E780DB3BDE441F6D701BCE580E964FD
:1074000088D735C562437A802E1BAC8610D0FBD05E
:107410003784B898C65564C96F01F3FBE48DD8D79B
:10742000D4C9A54886EEF5777FEFEC1E2A7253E5A6
:10743000BDB399343DC0091B0D582BD81DC0EF8436
:10744000D437DFFDEF0E873084AEA8733018B81143
:10745000B335EB787FDB099885C1CB87E8A6A3BA63
:107460006F394ACB40838A2B190A871691B031BAFB
:10747000611F40AAE694CD6C4232D5D2B02A363E86
:10748000EFA670D52F4454E4F77367880EE8C00365
:10749000AB94A0ECC141019D2C46D8B393BDE71A33
:1074A000BD6AF761E3EEF68BA3A470DBC28C7AD3DE
:1074B000230A3B0F37AEBB93B1D7B050635DA186B3
:1074C000E1A6139ED9A0045E698CD8670B63CC8CAF
:1074D0000A69581493A2F8ED5837220D30B6830D7F
:1074E000A060872880A32C9B5CFB0FA9BA1C824656
:1074F00004C53A625F540CF381C60231869EEE6C7D
:10750000AD9E6EEF2BFA63348538EEC403A51B4F96
:107510004860A63E8458636033ED23B2A17AC376F7
:107520008C9477249AB403961D68621D3DF9DC5152
:10753000B785E57B5A70CAD9FBFD15F514385B6633
:1075400097835AA31A1D2038F9DC92E2ABF08B4FD7
:10755000EF98BEC1BF127F882532AFB5B04F522819
:10756000E82FFC517C6C0E607BD8FBEE1F8848D066
:107570003C18082F5E1C1CC889E63790BCCEF44529
:10758000EE4EAC3C805400F7D76998749EFFF4C669
:1075900090E302264A4DE9E91FE3940C4FE77B6E26
:1075A0003D4D25C9CFC7DE0CE369D7DA094DC3B419
:1075B0008F6FE2413CE5396BA2B87B727EA4F7C0C5
:1075C000319FCECC2D989232F8D3E7EB5E8502B78F
:1075D0001E42134B0465EBF0F9D1FE9153F6BEFF4A
:1075E000F55FFB6DEF9FFEB192F88BA1814B728B23
:1075F000A3E2E65C2D2BF336C85D4C0C5C14331112
:10760000A383A4CFA670113CAAD56AC541D0C40CEF
:107610003DF7C936CE9C9DE2142E71FF07D8C1F309
:10762000DD7D40FB06D26097C509203EF19591456E
:10763000953130B2F8F321850DC2F980A64431416D
:10764000A437E13A805D79851DCB3E58EA54532C2E
:1076500022262EDC1074FC50D3A23BC69950982BE6
:10766000D2B4F3FCD1F00C94D72512BC09FAAB7C50
:10767000112C1A0CAEB6AF287F8C60556E7983C57D
:107680008D487543A4FEF3038E29237AD0802A0304
:10769000D94242E4E700F30118CE084AC3C0A6D895
:1076A00002769B3EAF6BF2FC4FFFA81993DD34636B
:1076B00062BEAF4E54892CDDCF302259B25E2F66A8
:1076C0007F430217EC24D0356ACC5CCF92E89A8DC8
:1076D000953C6B0B2F5B0A2F0F04D146E4D9B8C23F
:1076E000FF26E879B67B6CCE6CE85643A1C9D9F287
:1076F0003871E35E9CA04487B95F106142152A91FE
:10770000C60DF64307E74DCBD9173F262864E34A59
:10771000E1514E0D530A26E5EA71A3E217CD2BE79E
:107720006CEB044A70488843E9AA220512FCA44184
:1077300070D48D646FE87FF70FC08D5FFC62F764D3
:107740004BC8BBF0C3C0CA3210EB9B90F871DA7320
:10775000E09A79270DE9CEB7091D21CF764F0E8E1D
:10776000F4899F78BF287810CEA0930181898E9BE1
:10777000217DABB59F7EF9A72B8D367CE7E53C7A62
:10778000B57F8823BD5E111C1C126A62655D2507EA
:107790003B3D202F180C82FB2A31E41075A764D3DF
:1077A000028A8E59869B11EFAD60CA82F9158E3E12
:1077B000BA928E7D52BB11FC491935C0C4C8B918A4
:1077C000C9FC9901C198FB1C1A8547D8719273694D
:1077D0002E379241E6BAE14646069B0594EA4116E9
:1077E00023CD9867D09BA198C6F07681B09D30B725
:1077F000E76625CB8C560996103D3F36885026DC2F
:1078000050E8A0D95CCFF032B575EC0D3E95D6B3FB
:10781000BDD919A54CAF66E53ED56BE69479ADA808
:10782000D39DF432E53B6BEBCEF23CD9DEA14F01A8
:107830003EBCB312AE6C6D1E57B67748DA05EAC48B
:10784000945ED3A55B05A5314CF6F8D2889654F327
:1078500021AFBFA1E96169B8FA5A41F5C6DCEA5027
:107860001724D58DB8B08025A438BD514A5CF0F4FA
:10787000493823CC2DC39242528AA23508B6D8D5B6
:10788000B4860A0426945A6DC58BD937DFF04518A3
:10789000C07D108F98DE8DE0F8C5E7411FF6D160FE
:1078A000DC675993B9C3AC42C973FEF9EF690F673E
:1078B000498C33E1BE24287A1CFE6AC6559E9DEC95
:1078C000BEA483EDC5377200371A74A0ED131538C6
:1078D000A0BD144A35377B88AC83D2407935EFFCA4
:1078E00028DC63D497FD1A7DA94DF6E29B84E54F11
:1078F0006D98DADC23418044D5E62D0B41DD5A93A7
:1079000035BD26530EA4091C52FB9F3C7FEA943FD1
:107910003FADB5FD5AB240F2AC96E8A1F195144DD9
:1079200094AECDAB42F953FBAC31D08D495DA77C11
:1079300018C6C76C8667827749EA67C8551E95DB0B
:1079400070F65F417CAFD221DE27710C9C1AA5DE58
:10795000C3BE171A87D5627EA7D66CB27A92F3257A
:1079600046160B3E8CD5F9AEB5DF25CE111052EB85
:1079700025E2072251CDC8B002512CB23C07A152DA
:107980005E52FD409563AA2E5E05C4BB3C4C9651E9
:10799000066AAF59CB2B5E287FAEEACA29EFEC818D
:1079A00080F146E4E5845DDA143A8412696C00588B
:1079B000F631EB96572971576DBA2D190DC35E2A12
:1079C000DD2E6044DF4D08ECD66AB7D56A5B8031A6
:1079D000C2D8F3A77AFBED00E658C6AE142A9FB8CA
:1079E000CE73178A8A1E1D928143F0A7839B863629
:1079F00094811E6A8E5CA3815E6FCE68441C18164B
:107A0000D5ABC8B1482C206998A47D44EDCE48C3BD
:107A1000C653B5F74A4691237BE524251B3795725B
:107A2000E7798126E869F12194ACCED2807BB3015D
:107A3000D5BFA8E58D7E9E42F579B608A9DF106511
:107A4000FD9F6C964337D8447A20D60056361F07E0
:107A5000555093F1FB53362DC4E332D4B17F922FAE
:107A6000F51A3C77A6E456BF8FC26F5C2CC666B889
:107A7000F998B6E6F0AA1C3E79522A55AAB83C9B62
:107A80004CE3E5D5D70F1E3D2E3D7CB37AE5A24CE5
:107A9000F9B6F4A0D4293D80C1730307D423FA8D2D
:107AA000202DFC7C4C3FAFE8E7C3D243FCFC1582A1
:107AB0009FE9FD437AFF717D7DA374F73A7C53A95A
:107AC000B8B0440C463C3C97C67580B0FD2ADDCA70
:107AD0001DB8F21349C9A76EC805414268607F7A94
:107AE0007A7458053C2761997F4E78A048E15CA6DE
:107AF0006202E84DD8E69D5727FB927EE898DF8129
:107B0000D112537855D21055DC9DDD8323319C77FB
:107B10004A30AA9AEF306C4D63E0C9B7DF4A6BD5A3
:107B2000EB605246E80A7C842B2E9BAA376FE1104B
:107B30004083AE2089E7FB5B598B29B7D03F4501D5
:107B40009859AB2841D7CA63541BE3100AF4A143E8
:107B5000EBBDB9397D1274AC39207732BAED5EDFF6
:107B6000AA42C1DD9D3BB11B4F353AD18DBA99B9BF
:107B70000715DD0EEA635FA0DB7CED7148116F6ACB
:107B800054A6F8DD064E0DB124B3498971058B6EFC
:107B9000A6A5F1866E1F4402D45D89D72973F01A19
:107BA000D2A056D99A44CE15CA26E5943EC56A5647
:107BB000299DF3B664D5DE0CDD3F299754AA5CA05D
:107BC00013C5180F7B983B4D956221B14FCA65AC28
:107BD000FF548DB15C714B480C4BCB123C6985F561
:107BE0004E3DAC57EE9077CA397C75F04BF8EA9F62
:107BF0006EE2607FB677727AF6CBADCD66C37D7AE2
:107C0000B475B2035B25582ABD378E0F366F0F71DE
:107C1000BE8345DA3B04ED3A7EB5BFFFEA1874EF48
:107C2000E8D519E49BADC3ADFDA3E7E095C4E0D56D
:107C3000C1B63E3EF8E5E1D6C12EEC5E70FE10CF37
:107C40007592FFB587BAF5533BAB939D87D50BF87B
:107C5000A11DA3A9DC01AB90C0A29DEC9EFEF26029
:107C6000F7F9D6E6ADC7C2784427CAAB53100A3F2E
:107C7000F3DC0011103F057C43E15D5825E1383EFF
:107C8000C599D86C7A44886B784B766FD222396567
:107C9000A53AA2F7BE7E0FCD92F5BE495D1EEF3923
:107CA00065DDD42A7C20F0DA2F7E5D2B7E5D2F7A75
:107CB0007DC7133B696CDEDE3F6CBFB83FBFB83F8A
:107CC000BFA8BF8ED2B0457200403CF0DBC5B0F01B
:107CD000D70B61714769CC1D1AF3E72FBEDCD48B3B
:107CE000A210259A1CBF1B1069298D1B84718C4B17
:107CF0004F5EC3D6E8B65C70F06038FD37B832BC72
:107D0000DB9FE1A8C2D6E9848F376B0F1E848F36C4
:107D1000FDFAB7DFE2A1D1E0A746CBBD209707DE91
:107D20000B84CEA9064BDAF6FDEAF0C83969801259
:107D3000DAC6709C702DAF946C45F2DD79CF0E14CD
:107D4000B49565A0D896D26058E57EBEFD9648D819
:107D50008307CB503B2162A85ED990BD123CA1A7FE
:107D60008E6C19D76CABB03A1C7DFB6D3978026C08
:107D70005BF32A668F85D5CB80DFFB8D4EB35171C7
:107D8000352C832782091D0D5457C654267233D9CA
:107D90003CBA2087AFEADBF0FDA4ACAA5440E04730
:107DA000E543F68803D54A66DC0B46D3B3D8CC3915
:107DB000BA2C2397F6519FC149607769C03F53E0C1
:107DC000AC287A196E68D8D85D85550A4148F5E423
:107DD0004EF954380DA7C8563D2EAB5A4E7CE900DB
:107DE0009A9C3AE6DB6F5FBFA924DF42FA4666F051
:107DF000D74175FAE649550E032E44010EB20E53D3
:107E00002C7C75F46EF0E041507DFB3AACBE7DF306
:107E100078D37BF0001794F57A65FDAAA2C638DC0A
:107E2000BCBD73E382617057410598D46C3C19E284
:107E300064DC0C579A8D4F15EC1FE9C57962BFEDD4
:107E4000849DF091FAFDE0C1CFCA64CFD2185E01E3
:107E5000FCA5998A7B1323BBB307B0D18B070F62B4
:107E60001E19FDD6A38A36D98244C8BE06EDFBBAD8
:107E70004B025615C72294D065EC8A9FC58C3B38BF
:107E80005D7323B64A49379BD24DA50AB51F283AE0
:107E90001D6244D4A97E505999EA861284D6AF9EB9
:107EA0009893DF7323343BECED5186A332EFCD4A38
:107EB0000559AB793E5155DCF59E44D509F9B68597
:107EC0006014FCCA6BEF4D27BC93262780B135CEDA
:107ED000A94076F27AF87AFA06F060BCC0CF0DF9C4
:107EE000B539F98990E1670A1984EF96A76FBFB594
:107EF00080A271E10D6D22F5DB7E6DB8043D11B4F9
:107F0000C37404B0055EA8850611297D5A0E57D4A6
:107F100063056C73E9535C65B07576BA791BC59DD2
:107F20005BE1B4D531450A4E311D945C49F45EFAEB
:107F3000B876B91E361A20E0B348973EA6083D929F
:107F40009DCAE2B0C731D24125A9D36BD5EBAD2E86
:107F5000EAF0F9A6ABEDD3439094F2BB6B61AF8529
:107F600052D08F87BAD01927BEE2C438D3902CFEE6
:107F700049F9B0DD5CF7A855F8D75CEBF22C8444E6
:107F8000524165053015D6BC463B6CA30291755D28
:107F900041479C9B525E17EDAE97888BFA952E74E5
:107FA0002A2276E8B2B28A9A17963AA9D5ECAE3769
:107FB000BC1E0D26EEE95A07E2FC51161F02AAC5A7
:107FC0001A604A9A60012768F9610335EF5C769977
:107FD000B9F53BB7A0BC9D124D35B51A899DD9881E
:107FE0003F64384EDB685E16D86732925C89C618EB
:107FF000E2FBF14175EF104C4B55389B372EA57DB8
:10800000EF98E7C41A7281A08D44DDA2F28794E153
:10801000330D37AF9855D95DD11C2AAE46097D2462
:10802000C088DC2D8632567D0CCD2C3A890992A46D
:108030005A9754ECEA91A3F048ECEA7F9558035420
:10804000E3DC8CB6D08B951FC59D1EC43FCF52A9D3
:10805000ABD17508E6D0AD3B7ADC253686063764B1
:1080600020F3AB0FEFDC5A0EDECAE0938336F83E06
:108070004BD403EC8BC5E7FB608E661250E34143A3
:1080800049995294538A92F45FEC3D7F51D1D3B217
:108090004C2398612F523E0E90705D52268D5905EB
:1080A00010B15AF8BC0A5CACCF47A5206136D5ECBC
:1080B000B676B6B3C874FE61C8241C7132377936FF
:1080C000D34BECE760E927ACFD141D194F578FC760
:1080D000291337D371B6486BB2050F19C5EEE837CF
:1080E0004D3073981E5B2A31EDA6FAE97B352811D5
:1080F000C5E4DD70D79DC139AF33A9A4D8C9EA0E54
:10810000FCF19C75862ACC00817F9B2546877F07E2
:1081100079FD03D6592922FFBCB268C15D9CF7A244
:108120008F14C050925E1C564455C4C4A450803471
:108130003CCA40C11253483387850A24711C8A9176
:10814000186A7F0C307949FEDB13BC849F2B5EC21A
:1081500052F0DDDF6A57280287F1B9B11555616227
:10816000762038B5149C66518234744D3B39918F1A
:10817000295278CC56ACC4DCF2F93234C8565D9F33
:10818000211CD7A8AC538D97D98AC61A72BDC3CB10
:108190005A73AE36B451921BF0BD22A5CF8037087A
:1081A000F1F8E4A523A1B574030AFC21247713C5D3
:1081B000D94A525ED7B18FA98ED8401844CA1849FF
:1081C0007691481248257EE1049AB51C68B655FCA4
:1081D0006D1E2AFB3BCBEC265B7F76805822A808DD
:1081E000B2A6E85411310D4A19A8876D18287B27CB
:1081F0002BB7681F2958C8929BA06165FED171C337
:108200000954687EED82A5EF5100806DFD3DDFDBF6
:10821000FD7C693298B68F70683799B8CDEA8BCEFD
:1082200010EBBD0F350E1878F230A01B448DF9BA53
:10823000100CCFD824C75660A5C3BBE04A0A2CB5A2
:108240007A4273A44F7BC12DDB308108B00AC9F696
:1082500045023BA2E3D5C2DB11011D851DB481623D
:10826000F21943D47448E082B82AF062CAA541B634
:108270007598A827F97762882D692D9FFCDD567FB8
:1082800077B48955FD7D56D21A42F9FBC2F2A17925
:1082900059E03D63033951C2EA3C21897108C0AD00
:1082A000E33F3834959AF8AF85FFD6F05FDBDA51BB
:1082B000B071620A0FB44E5551485FE2F1713A9FB6
:1082C000BDA2C81D3B0D89DE34534E7F7A45361260
:1082D00058409FDB25688325A5C433F70AAE727822
:1082E0006230FA45603C3A49CEDD933F46207EFF3E
:1082F0006FFE839F8763E86CED1FECE2447B75980B
:10830000F80F2ABB31C1A256048B2F2C607CF1C719
:10831000098DCD4258CC865A19BFB3777A0C4F4994
:10832000BB176DEB62CB187931E90FB421058D8451
:10833000058AF87CF7EB45A03BB4B7E3E11FEB7E81
:10834000FCBFFF9586DE9EE57B40AD62461D91D168
:1083500088EBD3DB54AC13F76E53825AA3106A1622
:10836000C21DFEF16EBFF9603B3A31504B881B9243
:108370004B4FEC041CD6B66C1643E9CC82D23CD9E8
:1083800020355D7D2E8930C20C1DE1F090C741C8BB
:10839000AE9F3CEEB655D4ED818A873B3DB1DC54AF
:1083A000ADCE4F4BDAEC648FC12DBD0438169FD093
:1083B000A7A1738A519CC8E6229331A51FC1A828A2
:1083C0003C96B91BB50C501391F78AB0ABC4AEF113
:1083D00063207C6C8E437B78027E644C0729A04B23
:1083E000B66BF4C269191D55C379C9213C1C14AE82
:1083F00018585DF244E75FE40428DC1F8CADFF9A57
:10840000A408361B50486489786BDC8E08BF72283C
:10841000D2E13F3586356F151C0125802311CF5FD2
:108420002B82A3E4D34C3CE9779EEFCE5BC2E37B87
:108430000077021BD04D60C073CA393E2197FC25DE
:10844000197F7FF3573EBB5F48D24EBCFD6B328E27
:10845000FEE6AF48B70DC77E05E4EF7FF36F739C70
:10846000AD32698AB759AC9C7D71709C921B9DB8E6
:10847000CDE4254349195375CE70CB2F542717638C
:10848000F275EF916F518F645E28A9C8CC9CA46AE5
:10849000234704319C6AF3B17A61FB4A1132B68BEF
:1084A00080785CE0807576F4FCF9BE0DCBB3428C2D
:1084B000CCEF8A2372042767E98059B3331E42A0A8
:1084C0004DB83E39F7CB9E95394A421C3A1FC41924
:1084D00016F76793E09F8C48A544EB23FB3C6D7A2D
:1084E0005C474ABE10277CF99AA0120656D35C1C42
:1084F000A99DF4B44ED0CBB827EE888CA422AF96B9
:10850000E1EF9172FEC8200CCFF2F82CEDB45F576A
:108510008E1183496643C2E7280F8397C4B4EB7D6D
:10852000A15617B1159818456A536E018204F1A23D
:10853000C767E26D6E4295B07D51724A4131AC031E
:10854000E0D86E9785006C40087C5DC20BEC54341B
:108550000670494E79160CE02BC66B5CF317C342CC
:108560006DC148E5DB432A511B1ACFFEC0D040B293
:10857000CC485D9F07BD15F6B9059F64D6361D2111
:10858000B30F59EB8BC045D3AD154C774FEDB6F219
:10859000D9B135B9E33FC0DCCCE005CDB1AE2E2872
:1085A000616AFC3470100D23C56626A1709F3D4F93
:1085B000BA3A0320E7F444101539CECD86505C8AD0
:1085C00057382E23222707740769886276A68C0005
:1085D0000C877A011C4822238D6B5AFA7BBABF772D
:1085E000F8D97DCE4147A9974DE37F37D0EE774745
:1085F000CF9ECD2FB19044E45CA1DC842A58A842E0
:10860000703B3AA4D0071682955E85DF3E7B86D705
:10861000AE723486720128C5306814C04027B94D47
:10862000E64F6969EDE89E579A0FDA49689CE0C603
:10863000790A309647E1F6391DC61FA223D9BA81BF
:108640002A245A85512322FFE70E4858401E530121
:10865000E1CBA6B30D15D8BFF90F0EF558DAE269D4
:108660004939E4623C23DBE789A372071C9F5B1551
:108670007EEF78B9034742C854304E94A4ABEE5015
:1086800088154564BD72C50B867E938AF65CD1124F
:10869000A39E87200DEC9A62F43A18CA0CD6A173F7
:1086A0003EED886A46BEC148C9D530667BC4C5B5B3
:1086B000C461DA517C92E6CEC810902C1D3957590E
:1086C000E7FB67597DCC67F7E863CE59495032FE26
:1086D000CE46D3A24416F62C7739E663C23A23C9B4
:1086E000C1467A58EDCCC54A58AF6074471415C9D5
:1086F0001EA0667C075B672F528CF63DEE41960B01
:10870000F66629EF68672393DD9B4629B8883E25E6
:108710007CA1F554BFBEFB9DFEF19FE13855E67B81
:108720008063625298916269833F494002EBA14A9B
:10873000CA593D8F499C325952098A4ACAE1F6C446
:108740001C02674568CC483105F45CA3466BA47CE9
:10875000A9234F0EA9ED6E22396E69BF7AA2D9679F
:1087600048FA85EB2C769E84FD40C2E70F8163D3E7
:10877000AFCD154D6A79AF5BECAD2C241F6B480271
:1087800095E5D723F3E6F7EAD7A679F3B7CED3BCBE
:108790000AD392890568AA17DA5E37BCD12DFDBECF
:1087A00000A356008C53528959186503E20B8BB213
:1087B0007E790FEA1B33C1E07E9D645236AD9C8406
:1087C00016AED04D50CD955B0EEC96EBF34A4A2495
:1087D0005C5EE989C560294AB2264E4931D7EFEB84
:1087E000E0550E52A5DFF0C642042943D395F81A8E
:1087F00032EA57189DC57F023C11BC6549D9CF5656
:1088000004B62CF08387D8700275BD08D4742B870A
:10881000E037B9EC92E7AE01FC8B2F4FCFE640FE7C
:10882000E53D90175B40A449DD17845425E5AD393B
:10883000670111E1C1EBD1E100E006C0802FFE012C
:108840000E94DBCC2196011DC23BD10780E00807C6
:06885000A9F7F894FFCF28
:1088560001FFFFFFFFFFFFFFFFFFFFFF000000001C
:10886600FF00000000FFFFFFFFFFFFD38ED38ED374
:108876008ED38ED38ED38ED38ED38E0A204E000007
:1088860001FF1027000000C0003C00E00000FB00D4
:1088960000681B8000010000004000000000956891
:1088A600046A0439046D046F0434047204BD049A26
:1088B600049D04A704AB04B204AFA1C8DA1281CFA9
:1088C600D9F1DB40A4A68D142002AD8BAED580A8CD
:1088D6003FD300403A052A051A05DF080C050001BA
:1088E600040A14153233343501030206040C080950
:1088F60000000000EA32D6154034C2340000000001
:10890600F239223436340001040A14153233343570
:108916002F504C432F494E4445582E564552000081
:108926000000003129EB14621A2F504C432F494E98
:108936004445582E475A0000000000BD207129EA20
:1089460014601A00000000D714B2144A16E9140085
:10895600000000AB13193CB93BB541A13CBD3F69D2
:108966003C2047CA41D73F7C415A41D413DC135EB1
:108976001AD113CF13A013C513F546BA468F46C1B5
:108986001301005E000000161718191A1BDB04DD20
:1089960004E104E50401020000032F50422F445273
:1089A6004146542E504200000000001C13D5390CDD
:1089B600135235EC1292329C32000000004E12D453
:1089C6008EE5119B121612F411081200000000C465
:1089D60039D48E3533E914000000005C142F144A94
:1089E600166F13281415140614000000008A1303CA
:1089F600414A16E9145F4650400000000070132BF0
:108A0600434A166F138613983D5A3C0D43F83F3977
:108A1600409643D91B6543C23D793D431633162F15
:108A2600162B16000000004D162F50422F414354BE
:108A3600422E5042002F50422F414354412E504265
:108A46000057495A6E6574002F5042002F504C4310
:108A5600002D2D2D2D002052554E0053544F500001
:108A660073690052554E200053544F5020007372C4
:108A7600630062007600616C6C006E616D65007764
:108A86006861740073006F6C6564006F6C65647474
:108A9600006C636474006C636461006C63646300FF
:108AA6006C636472006C636470002C00686F73748E
:108AB600006E657770696E0079006D6F0068006DF5
:108AC6006900646F77006E657373756E6F0041722F
:108AD60064754C6561726E2E5F68747470002E5FEB
:108AE6007463702E6C6F63616C00494E00494E5F73
:108AF60050554C4C5550004F555400414E414C4F2B
:108B060047004D4F44554C4F002F000D0A005F7330
:108B1600657276696365732E5F646E732D73642E5A
:108B26005F7564702E6C6F63616C003F0053443157
:108B36000053443200534448432F534458430000E3
:00000001FF
